filename,combined
CarLongPlate731_jpg.rf.219c0e84b43d237b570840d91b7917d7.jpg,night_sharp
CarLongPlateGen3149_jpg.rf.fceb51a34511859ab2934ef1aa5a8cc8.jpg,night_sharp
xemay1125_jpg.rf.02471503b745f81c0cfcfa272cc853d1.jpg,day_sharp
xemay1374_jpg.rf.be983b49ae4386ce6ab4d2cf4e64a631.jpg,day_sharp
xemay376_jpg.rf.cb6e23992b6034484b608cb4b525dbf7.jpg,day_sharp
CarLongPlateGen3103_jpg.rf.d68ac35cf4391c1fe544c1c515e7453b.jpg,night_sharp
CarLongPlate93_jpg.rf.57e13d893c2acfa9db6d4a7a22f66e3f.jpg,day_sharp
CarLongPlate665_jpg.rf.d4d3c136cb9eea727eb86155a8a41b79.jpg,day_sharp
xemay32_jpg.rf.ade66b529e31eea26cc89cde2269f401.jpg,day_sharp
xemay1907_jpg.rf.dc44fba73d4701183877d2da3e41a368.jpg,day_sharp
CarLongPlateGen61_jpg.rf.156da9dcf63018a8df3ff2cd56044006.jpg,day_sharp
CarLongPlateGen3190_jpg.rf.302f0a4631ee1129681b214d111151bb.jpg,day_sharp
xemay395_jpg.rf.00b2a13b449606b34feee42792ebb2ee.jpg,day_sharp
CarLongPlateGen3753_jpg.rf.e9f6d9a3dedb7d24f2080fb6bceb5b31.jpg,night_sharp
brightnessquandoi105_jpg.rf.1db8662c68ddd67bf477043f38cbd9de.jpg,day_sharp
CarLongPlateGen669_jpg.rf.940d75a79a8aea5bcd418168e6d9ffbc.jpg,day_sharp
xemay986_jpg.rf.ee127a477a2dd26a0d0a353dff4670bf.jpg,day_sharp
xemay1803_jpg.rf.09db9a4cd2fcbcf1674b583169eed595.jpg,day_sharp
CarLongPlateGen693_jpg.rf.4184e769408e50bc1c1d43606cbb855f.jpg,day_sharp
00293842c1405567_jpg.rf.8240213fb3c906181d24a91ed0a20d59.jpg,day_sharp
xemay919_jpg.rf.fec3cb47ed6ee01653474c18177adb28.jpg,day_sharp
image23_jpeg_jpg.rf.761e7a030898f03003d494a3c2c189dd.jpg,day_sharp
rotatequandoi10_jpg.rf.518c1d38a6b616bab84041c52906a260.jpg,day_sharp
CarLongPlateGen2175_jpg.rf.78b6f9ad6b3172819c7d95770ffe9911.jpg,night_sharp
pic_449_jpg.rf.f7053d9d238b9ca512a9308d0004d6ec.jpg,day_sharp
xemay742_jpg.rf.60002b0cfe573add00684dfb537f01ec.jpg,day_sharp
CarLongPlateGen3603_jpg.rf.f250317153aafdb1f253f7b8c98939d7.jpg,day_sharp
xemay2460_jpg.rf.98499ef353516b734a354db80d5f3644.jpg,day_sharp
CarLongPlateGen3743_jpg.rf.bf03dd58ff31f73adbc21269f82eaf2d.jpg,day_sharp
xemay2228_jpg.rf.8faa61c2a41b1c75f8af519aaff6c0d1.jpg,day_sharp
CarLongPlateGen3703_jpg.rf.86a3ee1832ede7d4dd9b0fbef6969df3.jpg,day_sharp
xemayBigPlate49_jpg.rf.075d135e7b88b2a832058d8c07858109.jpg,day_sharp
CarLongPlateGen1586_jpg.rf.df6e854e827de8ed271d80af66484341.jpg,day_sharp
pic_573_jpg.rf.6dcc0780680736700d189e9580c0e65c.jpg,day_sharp
CarLongPlateGen246_jpg.rf.f1786c3e40933fe08b8c9d179a91a05b.jpg,day_sharp
CarLongPlateGen1316_jpg.rf.c0b8e7555a1a431b38a41f092b8af20b.jpg,night_sharp
CarLongPlateGen3036_jpg.rf.196d40f75fac8388f5377b2dff4dde9a.jpg,night_sharp
brightnessquandoi8_jpg.rf.2fdae224d2ac77c22601db2bd21a8f40.jpg,night_sharp
CarLongPlateGen3515_jpg.rf.a63482f0154ebc726cc9a3731550a22c.jpg,day_sharp
CarLongPlate564_jpg.rf.bf99152927680be22f9f1840188c2461.jpg,night_sharp
xemay1560_jpg.rf.57b74a0e8bd9b4b0a105dd23c3c1a7d4.jpg,day_sharp
CarLongPlate299_jpg.rf.d93079f59670d1d49c5d1caeff574e17.jpg,day_sharp
CarLongPlateGen3234_jpg.rf.c637736e328d96f5df9f9f5619ee49b2.jpg,night_sharp
CarLongPlateGen550_jpg.rf.b43944a86d099e2fda7dfbd542c6fa26.jpg,day_sharp
CarLongPlateGen1644_jpg.rf.27073ef93c1a10ceb4166da64e599908.jpg,night_sharp
CarLongPlateGen1866_jpg.rf.7d57a5541f3af73fb83762ad05f0a081.jpg,night_sharp
pic_702_jpg.rf.d1f4704cd41341377e3fdc9d15c83ccf.jpg,day_sharp
Cars388_png_jpg.rf.3a8adca52f8a3775b56d178312d97d5e.jpg,day_sharp
CarLongPlateGen1506_jpg.rf.ba92a598acac6c18fc2146062016aa14.jpg,day_sharp
xemay1371_jpg.rf.c188cd62d235e9e3cd030bd4e9331913.jpg,day_sharp
CarLongPlateGen1909_jpg.rf.9465876d3e356e4f14fe9740a83e12d7.jpg,day_sharp
CarLongPlateGen3172_jpg.rf.a98f2f840b76c403f0f71e11b0ea2fbb.jpg,night_sharp
quandoi15_jpg.rf.00d46b5f08804ae3e7a01e2f461beb2a.jpg,day_sharp
CarLongPlateGen3572_jpg.rf.4e93eb4b27121cd5334bdd6d8a1b578d.jpg,day_sharp
CarLongPlateGen3772_jpg.rf.d9a1831647bc5ef8281e130a5f6cbece.jpg,night_sharp
0058af43e819c7a7_jpg.rf.8e75a6d5adf5ab14201cadb60bd36f95.jpg,day_sharp
xemay1563_jpg.rf.9194f8667d7125a7969f065045f86da1.jpg,day_sharp
pic_314_jpg.rf.7a2473fc482a5b84b93066e4636f2086.jpg,night_sharp
0016bd822c0a9511_jpg.rf.3d053b6cea04477fb8321b634e8e0ead.jpg,day_sharp
xemay90_jpg.rf.948eb9fa702a2461327802803e179f3f.jpg,day_sharp
pic_766_jpg.rf.c47cb79ce7177272f9172f4d2d616a0f.jpg,day_sharp
xemay875_jpg.rf.0d1bede37492f1e88d2b6e24f2ac5c13.jpg,day_sharp
xemay182_jpg.rf.589b6e24f92f2db548255c0f9255c329.jpg,day_sharp
CarLongPlateGen1883_jpg.rf.8f6434f75f52f2e40bb6694d07b67ac9.jpg,day_sharp
CarLongPlateGen3360_jpg.rf.c43cffced2440fb8eabf6f6266c9b230.jpg,night_sharp
CarLongPlateGen1020_jpg.rf.7cc93a4aa9f66ec29fcb087937bb6073.jpg,night_sharp
CarLongPlate198_jpg.rf.8acb019ef68d092f5519b9f69b4b5894.jpg,day_sharp
cropquandoi40_jpg.rf.4aa38addd27451bd27e44e7ccc0ccd55.jpg,night_sharp
CarLongPlateGen2440_jpg.rf.3167451b3f3fea95002f196eb1794f77.jpg,day_sharp
CarLongPlate586_jpg.rf.61e15bff8ab7c60ed5e4072dd0c5cf33.jpg,day_sharp
CarLongPlateGen3092_jpg.rf.ef7f9c0189aac8a093791e23510cd7dc.jpg,night_sharp
pic_153_jpg.rf.9f27e59ea9274bfc1d44dd92230e2a33.jpg,day_sharp
Cars269_png_jpg.rf.41306d288451864bb7dd735470ab08c9.jpg,day_sharp
pic_033_jpg.rf.2053234cc3d9440da3445dd673ce52a8.jpg,night_sharp
CarLongPlateGen2022_jpg.rf.1e31cd65c757af34f0d0fe702b192fea.jpg,day_sharp
CarLongPlateGen538_jpg.rf.944e0b2cdcfa022a2656a34a6f61fecc.jpg,night_sharp
xemay2244_jpg.rf.3b81b1b4e29bd000d8b225defd35b596.jpg,day_sharp
CarLongPlateGen688_jpg.rf.01fdc3780b7a89784a1cd3f2b630b5bb.jpg,day_sharp
CarLongPlateGen3847_jpg.rf.83367c4b712d20bbdf7d9072dd4006b2.jpg,day_sharp
CarLongPlate184_jpg.rf.b6911ca6a7f522f26e42304009102c9c.jpg,night_sharp
B76ZHN_jpg.rf.c0562503c8566e2d257d42b8f64bbae1.jpg,day_sharp
15-cdmx2017eco_jpg.rf.efa72ca51b6c516c20d28cb7e979bcd7.jpg,day_sharp
pic_581_jpg.rf.351ec6cba77f305008403b5f0c173da5.jpg,night_sharp
CarLongPlateGen3005_jpg.rf.8fbb18fb2941136092ec7159659c1536.jpg,night_sharp
images35_jpg.rf.84cc94df0ac40d16237b6ebc31feb402.jpg,night_sharp
CarLongPlateGen336_jpg.rf.57e17a3d65255c092cbd5311ea780d28.jpg,day_sharp
cropquandoi32_jpg.rf.1d971c2bafb434e946b6b0743a42d751.jpg,night_sharp
CarLongPlate709_jpg.rf.2e0a777936be5bb9ce1ef0deba574a43.jpg,day_sharp
xemay1323_jpg.rf.b2cf772b8e289f9b54a907f5724a7a2b.jpg,day_sharp
CarLongPlateGen1615_jpg.rf.974f5f1b35bc179a9782fd8a1b40b58a.jpg,day_sharp
CarLongPlateGen721_jpg.rf.28881d0916474300584861c82e18b4ed.jpg,day_sharp
CarLongPlateGen1414_jpg.rf.fc51083fd7c4e4ab5dcd42bd3111d290.jpg,night_sharp
CarLongPlateGen912_jpg.rf.2464e320e2264b3dd48b33916b35ff84.jpg,day_sharp
CarLongPlateGen2380_jpg.rf.2d766a2ae946a898c4c1a294955f6d2f.jpg,night_sharp
CarLongPlateGen3037_jpg.rf.7903a10e558358044cd7415bacb47be6.jpg,night_sharp
Cars344_png_jpg.rf.3fb3345f7b8c7a53da59e39ce40d8a21.jpg,night_sharp
CarLongPlateGen2519_jpg.rf.5a8d9647b15e85f2f084538a36269c62.jpg,day_sharp
xemay2087_jpg.rf.76144f9950ec79ed8639a6a492f779b0.jpg,day_sharp
How-20to-20Blur-20License-20Plate-20on-20iPhone_-20Learn-20t_jpg.rf.e7e337375c27c3064439d6a580a24a28.jpg,day_sharp
CarLongPlateGen3313_jpg.rf.ea6ec9c09cf886ad4221ac42fd0cf82e.jpg,day_sharp
xemay543_jpg.rf.bc50e02f7b7bcf4e03e323699b791da5.jpg,day_sharp
CarLongPlateGen2628_jpg.rf.35e87fced21e7dc714a32a82226a3ee0.jpg,day_sharp
1032148_jpg.rf.c1fe9bc797094563ebe952cc9439f8e1.jpg,night_sharp
brightnessquandoi14_jpg.rf.c9d6761115eedf060740ea4768bef36f.jpg,day_sharp
00072b81abc72d21_jpg.rf.aea1f8dbe0a32886845c314fac3bd6be.jpg,night_sharp
CarLongPlateGen445_jpg.rf.18d700e2336f52b220cada9f6d66203f.jpg,day_sharp
CarLongPlateGen2257_jpg.rf.668590b9a52a5892fbf568d8c63ca236.jpg,day_sharp
xemay870_jpg.rf.ad54c5a5783066b236579bfe5aeb7cc9.jpg,day_sharp
CarLongPlateGen1735_jpg.rf.ad91c06821c9866f16906741224ef1f4.jpg,night_sharp
CP_Blog_Image_2018_License_3LECTRIC_jpg.rf.c67db83b45475daf44f63b11ddb2b269.jpg,day_sharp
CarLongPlate342_jpg.rf.5d62a0ff9486adbc3c1b1beb4ea9c84d.jpg,day_sharp
025c30962ae5b499_jpg.rf.a3db1a70a44e0735dae67452568c4af9.jpg,night_sharp
CarLongPlateGen739_jpg.rf.b67c346b24ea667e8920a8d021549367.jpg,day_sharp
B81JKY_jpg.rf.1d1118bd96618da22d7209a9558190a1.jpg,day_sharp
CarLongPlateGen3700_jpg.rf.648c77c9ca5a258b0f79a9c00c6bebc9.jpg,night_sharp
pic_325_jpg.rf.16d04ba62170cdd21b3c837de1ed4fe9.jpg,day_sharp
CarLongPlateGen1640_jpg.rf.e6ed2be93f83d3b9b2adb891e958e31b.jpg,night_sharp
Cars44_png_jpg.rf.1c54c0979cbdea2d8d0010ab26085c60.jpg,day_sharp
pic_726_jpg.rf.12fc47740b47283723186b97d9a623f1.jpg,night_blurry
CarLongPlate395_jpg.rf.d251b76fb93b39703af787eaa8d76144.jpg,day_sharp
CarLongPlateGen259_jpg.rf.3fdc898654fd5709a3f391efe3f63b7d.jpg,day_sharp
CarLongPlateGen3898_jpg.rf.0c4525f8652a61858d7f385300ccf27f.jpg,day_sharp
CarLongPlateGen3096_jpg.rf.f4a8b97279b8b4fe4f9dacb8166c35f1.jpg,day_sharp
CarLongPlate922_jpg.rf.fdb67629f59f06879f11caec21ef08e7.jpg,day_sharp
004e03d45963728e_jpg.rf.c6a5bbe448f539f5adbdc17c9d9cdd0f.jpg,day_sharp
CarLongPlateGen1783_jpg.rf.f678ed3fb5dbcc7584435c6725c9df11.jpg,day_sharp
pic_043_jpg.rf.75c51fd995928887d416fff9a254c2ea.jpg,day_sharp
00d03a35f54e8386_jpg.rf.cc10cded435860fea5ff332ae4b08613.jpg,day_sharp
CarLongPlateGen3868_jpg.rf.fa8f4d5277de26d715b224384461c3a1.jpg,day_sharp
Cars356_png_jpg.rf.cc06c22b25ce82cbcd6e1f7dcf731602.jpg,day_sharp
xemay517_jpg.rf.d31496133fe37c86d5cfb1f8d12a4e6a.jpg,day_sharp
82-13cb66d366c0a1a28657c65d1175e63d_jpg.rf.c72d97f96658bba20b3cfe1cae12c420.jpg,day_sharp
CarLongPlateGen2612_jpg.rf.4d2c9702cc9563ff04ac49564bd60235.jpg,day_sharp
CarLongPlateGen487_jpg.rf.1292fe02139731b9f075b85e1efc68c4.jpg,day_sharp
Cars116_png_jpg.rf.240f5cd2f6036a138ae4411700552757.jpg,day_sharp
CarLongPlateGen1614_jpg.rf.03b6b4fda5453340e7fd353ce25394c4.jpg,night_sharp
CarLongPlateGen529_jpg.rf.f0ec70c4517321192d59f133fb70c324.jpg,day_sharp
CarLongPlateGen1609_jpg.rf.ecd2715f468f35d0d3bdd2705a22d68d.jpg,day_sharp
24-GRO-HAP-Mar-tenue_jpg.rf.958c76f1748b014c2b255d2a100cdae8.jpg,day_sharp
xemay1366_jpg.rf.01eb22415709b279fd27d6762e7fc09a.jpg,day_sharp
xemay2133_jpg.rf.41dc6c1a981f82ea2ec2c9b4a797d5fd.jpg,day_sharp
xemay483_jpg.rf.63f483623da7ed3270dec017810ae73e.jpg,day_sharp
xemay506_jpg.rf.ac017118faa6890f57c47bb50c72d94b.jpg,day_sharp
CarLongPlateGen2186_jpg.rf.5d34b21434f8640a3fcfb1dd9728b0ae.jpg,day_sharp
IMG_7090-conv_jpeg_jpg.rf.d7999f46b63709cc1d17b92f4955e419.jpg,day_sharp
xemay1926_jpg.rf.b6a8c1e3df9dc173b2695eda6842085d.jpg,day_sharp
CarLongPlate676_jpg.rf.2fe8cc32857fabbe8984203f61f70973.jpg,day_sharp
CarLongPlateGen1822_jpg.rf.428462222ac59308a43da7c48eb56409.jpg,night_sharp
CarLongPlateGen3160_jpg.rf.258d2dc72a57e5c146c3e532023f3bf8.jpg,night_sharp
5b9ab9cb-b955-42ff-a05c-120d1904c69f-Digital_plate_jpg.rf.763576c6edb9e4058719bf1065f54247.jpg,night_sharp
CarLongPlateGen2741_jpg.rf.e5bd5292cfdbc7a10ac74ece6c59db14.jpg,day_sharp
58-3940557986_fc46880e47_jpg.rf.202d82196bf61183124155afa47ebc89.jpg,day_sharp
01b2258172841ebc_jpg.rf.24743339e385cb99696b9ef14e6c2785.jpg,day_sharp
quandoi35_jpg.rf.f06478ec21c58ea8b06dac6e8f0a9974.jpg,day_sharp
CarLongPlateGen2634_jpg.rf.a2049cc1eb495b7b469d9cbbffca6cf7.jpg,night_sharp
0120712ddbf37c81_jpg.rf.9774ae3c3498a736b4f5f7f17d4ebbeb.jpg,night_sharp
CarLongPlate134_jpg.rf.63c3ca7192cf8f89e51d9b14562ec813.jpg,night_sharp
pic_646_png_jpg.rf.0bb3884de2f8e298bbcaa988af1bc2e9.jpg,day_blurry
xemay1583_jpg.rf.1181c910651de818402a39162982d2a6.jpg,day_sharp
quandoi85_jpg.rf.8a2ecee1827fa2eaf0a99c1ec91f8d82.jpg,day_sharp
xemay2235_jpg.rf.00c98ddb2e8bf0c29d4df0966f334b35.jpg,day_sharp
CarLongPlateGen3444_jpg.rf.5e7503a816753e68e9d9396d58731b4d.jpg,night_sharp
xemay2160_jpg.rf.e7e68421f61be6e95ee4a2ad731c56b8.jpg,day_sharp
CarLongPlate739_jpg.rf.dc7f7b2efff6b4612b84fdb418d72e2d.jpg,night_sharp
xemay1130_jpg.rf.e2834aeec4fea5c5ae7936f6b3ba0846.jpg,day_sharp
brightnessquandoi94_jpg.rf.46e9bf2ab67b5806f339bff0c9f004aa.jpg,night_sharp
pic_079_jpg.rf.00faf493857df327239ec10e6d574876.jpg,day_sharp
CarLongPlateGen2301_jpg.rf.6fcfb385deb37a5b9f12e1d5877c5bf4.jpg,night_sharp
CarLongPlateGen1325_jpg.rf.a5542d7874080992b421f316493d629a.jpg,day_sharp
xemayBigPlate73_jpg.rf.6d9a8af78168145563d0c96a7906fa5b.jpg,day_sharp
CarLongPlateGen467_jpg.rf.1e6600c6c11df5012ab96eb11aaa80e5.jpg,night_sharp
695183907_jpg.rf.90c90f3cba7a652cc788cd653506b7fd.jpg,day_blurry
An-image-with-Saudi-license-plate_jpeg_jpg.rf.4e4a0a8b3e9b5764777f96f075029fde.jpg,day_blurry
CarLongPlateGen3406_jpg.rf.93eaadc5fdfeeadebfc8496b53ac0081.jpg,night_sharp
CarLongPlate86_jpg.rf.73945a044379dd51f10895e79f944688.jpg,day_sharp
CarLongPlateGen3882_jpg.rf.8706ce4e57a345924709b418f32a1ff9.jpg,night_sharp
CarLongPlateGen832_jpg.rf.cf23b9d4256534d803ad8c1020f0ecd6.jpg,day_sharp
CarLongPlateGen167_jpg.rf.ab4614cf3afb41538d6fdf3df000247d.jpg,day_sharp
xemay27_jpg.rf.300bd29e0c89fee60d6f11b1dbb0acab.jpg,day_sharp
xemay881_jpg.rf.f996ce0a1241ece2b7207484ed8b38af.jpg,day_sharp
CarLongPlateGen127_jpg.rf.2a917dd3f7b93d6c03798db8efe822f2.jpg,night_sharp
pic_466_jpg.rf.83cf5ebc2f56ead03903ae44f9806a05.jpg,day_sharp
CarLongPlateGen1702_jpg.rf.71cda21f74ad3c689abc2d2bb5fd4d7c.jpg,night_sharp
CarLongPlateGen3343_jpg.rf.cbe27ae2e6b688883a6c5531b8d82192.jpg,night_sharp
quandoi95_jpg.rf.a9f78f8c2fe427d03421afa0bf7392ac.jpg,day_sharp
CarLongPlateGen455_jpg.rf.25bbbc6fef87313321b5f76712c44950.jpg,day_sharp
CarLongPlate964_jpg.rf.971ea2ea262fc4f239c78a752a852b35.jpg,day_sharp
xemay912_jpg.rf.05aec0fad303a26e3ad20e63ed5d0c3d.jpg,day_sharp
CarLongPlate253_jpg.rf.83952387874b036a447772f073eed149.jpg,day_sharp
CarLongPlateGen3595_jpg.rf.d74cd905bfcee81b95c87bb124b3ce53.jpg,night_sharp
CarLongPlateGen1007_jpg.rf.c5f125db379e6580913a20a024f7a667.jpg,night_sharp
xemay1114_jpg.rf.274ed13b9333ee1c3b74b7d29771e6af.jpg,day_sharp
CarLongPlateGen3692_jpg.rf.30327e7bbf2641931f9edb06788e3aee.jpg,day_sharp
CarLongPlate18_jpg.rf.2efca976848c9ca3a0fb7fd0d67fa335.jpg,night_sharp
ngoaigiao1_jpg.rf.3238ea81e807a1d1fadcca87063b5562.jpg,day_sharp
003df8cf2effae50_jpg.rf.61ce008bd19bed574c6ca8aecca486e5.jpg,day_sharp
CarLongPlateGen2687_jpg.rf.7a519739ca5fe41b1650e0d90435f431.jpg,day_sharp
xemay894_jpg.rf.bc029eafd2e0d9858384bcd74e494418.jpg,day_sharp
CarLongPlate925_jpg.rf.22568027006504b4b452606a9d1d6ee7.jpg,night_sharp
CarLongPlate427_jpg.rf.3a39270862368734b17821af0fc0e742.jpg,day_sharp
xemay1575_jpg.rf.2c8126f4f0156a8c6db38dcaa1720b48.jpg,day_sharp
boderngoaigiao0_jpg.rf.de86e1de9825b05c125e14730d8a599d.jpg,day_sharp
CarLongPlateGen1350_jpg.rf.577ba8177c030e8e0f446f68dac7e230.jpg,day_sharp
CarLongPlate847_jpg.rf.aabbeb55df83650c7dfe7bdfaa089d3b.jpg,day_sharp
xemay454_jpg.rf.53497fafc7c9324c3c3e4cf9037c8059.jpg,day_sharp
CarLongPlateGen3812_jpg.rf.77fe9acb9472239e12f6ec71c03deeaf.jpg,night_sharp
xemayBigPlate171_jpg.rf.9064c02576537e5ccc101b2df22bcd09.jpg,day_sharp
xemay794_jpg.rf.dc5cf4d6af8cb628def42d6420d21a47.jpg,day_sharp
CarLongPlateGen1301_jpg.rf.3615822a009e6ee4533d58d45bd3c3ff.jpg,night_sharp
038718f762829b1a_jpg.rf.27867108542ad76409407af011ab39be.jpg,day_sharp
CarLongPlate470_jpg.rf.3be2fa7d220c7770abcae02c5fb3eabe.jpg,day_sharp
quandoi56_jpg.rf.998390e56660c90870ecbdea0251f199.jpg,day_sharp
CarLongPlateGen260_jpg.rf.c32f9d521852037554e3aa65c23dba85.jpg,night_sharp
CarLongPlateGen3591_jpg.rf.d62159c02b735b4ba7b2a0044fd14d34.jpg,night_sharp
xemay812_jpg.rf.0600531fcdf2a2cb5d50e98b3dbb77b7.jpg,day_sharp
CarLongPlateGen1076_jpg.rf.3349c8584de12f0a984652a5478a3e49.jpg,night_sharp
01646b54d973aced_jpg.rf.9e4a0a2ef0ec306948c3c5e326435161.jpg,night_blurry
xemay1058_jpg.rf.483b24ebb116f179664f2d7b6b31b0ea.jpg,day_sharp
CarLongPlate650_jpg.rf.906ced0deea10ffe0fa2c6b895f4b388.jpg,day_sharp
rotatequandoi18_jpg.rf.946d5c7d26bda309a0fdb39fb9271903.jpg,night_sharp
CarLongPlate659_jpg.rf.93fed5c0566aaa4b8bf2b77f11f5c167.jpg,night_sharp
CarLongPlateGen3748_jpg.rf.4eb1ea682e761f0a32853c30145310de.jpg,night_sharp
CarLongPlateGen2313_jpg.rf.c7e3683a49fb6ff45668567c269c2b7d.jpg,night_sharp
CarLongPlateGen1860_jpg.rf.b0193239021b67edb654ef3436aa0c26.jpg,night_sharp
xemay460_jpg.rf.6c8a30f2d78804dd9c59864c1bf13c62.jpg,day_sharp
037699ec1ec3d32d_jpg.rf.89c06eadb8cee4bbe8b619a287df1441.jpg,night_sharp
CarLongPlateGen1005_jpg.rf.e266924ac4933a9985bfb45ecb3e12d3.jpg,night_sharp
CarLongPlateGen2600_jpg.rf.c7a3268cef06de5ada6bd79ba6604278.jpg,night_sharp
xemay367_jpg.rf.864c1b4953a6ec5c576ac13f4b4d30f1.jpg,day_sharp
boderquandoi11_jpg.rf.93d263364e9073baec681751c42b6aee.jpg,day_sharp
CarLongPlateGen2476_jpg.rf.dde5f0942e9ed9ddfa4a3e3b571ccabc.jpg,night_sharp
How-20to-20Fix_-20Maintain-20-20Clean-20A-20License-20Plate_jpg.rf.ae4a32467d4df805c78484abfeab37e1.jpg,day_blurry
pic_019_jpg.rf.c87cffcc8121fb882fd8070cc2b7ecf6.jpg,day_sharp
CarLongPlateGen421_jpg.rf.2ae8bffd3c75429cf2cb3f2a57130e7c.jpg,day_sharp
CarLongPlate193_jpg.rf.69e465abd832f831164dc35536fb038f.jpg,day_sharp
CarLongPlateGen2657_jpg.rf.05ee6a1dce54b4e5fa041c7730fd8d27.jpg,night_sharp
0116dcb302273101_jpg.rf.f3c816a74f98c0b413ddcdd2e006d6a7.jpg,night_sharp
CarLongPlateGen2080_jpg.rf.4bc73f6e6d296e983f44b36fa1426ce0.jpg,day_sharp
CarLongPlateGen330_jpg.rf.59315c8779c15b5a35d4b7378f6d88ee.jpg,day_sharp
CarLongPlateGen513_jpg.rf.68a83dcc9ab3606ff487306a6bfd7a40.jpg,day_sharp
Free-20Steel-20Car-20Number-20Plate-20Mockup-20PSD-20-20Goo_jpg.rf.d2563519a557891c22b3addbf837c2ac.jpg,night_sharp
CarLongPlate523_jpg.rf.025cf4e8d6cc40534a50caca1bb8651b.jpg,night_sharp
xemay1911_jpg.rf.ef18946eae8803bb23369840ae4dc98d.jpg,day_sharp
CarLongPlateGen1743_jpg.rf.feab032161e2ccac40567881470cc50f.jpg,day_sharp
CarLongPlate108_jpg.rf.7be4f980128610c0ea90b433e159f9f8.jpg,day_sharp
CarLongPlateGen1047_jpg.rf.c439dd73fc1cdaf262ab9cd0c733464d.jpg,night_sharp
CarLongPlateGen124_jpg.rf.9ef1bf5a15f82c5d6e9a996ba8ee8101.jpg,day_sharp
CarLongPlateGen1955_jpg.rf.705e55f1737e7686855b6cb92c76633f.jpg,night_sharp
CarLongPlate301_jpg.rf.8a239312ed5684829b51a42bda5c202f.jpg,day_sharp
CarLongPlateGen2481_jpg.rf.ec256246f52e83c156120bfbfa1e8ed7.jpg,day_sharp
xemay2211_jpg.rf.6ce1daaf374d259959ff62683359674a.jpg,day_sharp
CarLongPlateGen1513_jpg.rf.ee997a485d8ed17be8bb04a997658ec2.jpg,day_sharp
xemay662_jpg.rf.a49ead96ca109cf9e457d16111cf0df7.jpg,day_sharp
20-gro2015_jpg.rf.5eca5ad9507444ee86f345ba1450e9e6.jpg,day_sharp
CarLongPlateGen2750_jpg.rf.23711e67b3018ea29985d67cbe65d748.jpg,day_sharp
CarLongPlate316_jpg.rf.d329f423dbdae57d84d459c9a654da03.jpg,day_sharp
boderquandoi8_jpg.rf.90e31fad6b9f6635c12f5ed618137a4d.jpg,day_sharp
CarLongPlate471_jpg.rf.41bfa00bb743bccb6465fbb77fbe86c3.jpg,night_sharp
CarLongPlateGen1189_jpg.rf.4d73d3d3cac189612483fac912811a06.jpg,night_sharp
CarLongPlateGen3153_jpg.rf.279cea1e87814d3856dbea2d397219b7.jpg,day_sharp
CarLongPlateGen3209_jpg.rf.711776165cff6bffaddbabd106c007ea.jpg,day_sharp
xemay1577_jpg.rf.e295f2f0a5d8442f1f42f31a56104024.jpg,day_sharp
CarLongPlate346_jpg.rf.4f0509b513c51b93a876906ca2268814.jpg,day_sharp
xemay47_jpg.rf.df8396f5e226fcb23983b33334c0b9a8.jpg,day_sharp
CarLongPlateGen2178_jpg.rf.5f7d675e51945f26c7d8e7a78d826cf5.jpg,day_sharp
02b3be99914d752c_jpg.rf.f05bd971b32748474ae99de03266451a.jpg,day_blurry
xemayBigPlate147_jpg.rf.123392e205b721a50a955b9ef92ffbb9.jpg,day_sharp
Cars168_png_jpg.rf.dbc21233e296a0991c6be905570e5877.jpg,day_sharp
rotatequandoi63_jpg.rf.b4a61d1714d101ad4822ca1ba7486f07.jpg,night_sharp
xemay2251_jpg.rf.fc723e58b6ce7aaad945dbf662d90107.jpg,day_sharp
CarLongPlateGen3309_jpg.rf.23d9ffbb878e57a40771c5f753e0724e.jpg,night_sharp
pic_096_jpg.rf.0bf04682454876d3673a2cc4b157fe96.jpg,day_sharp
CarLongPlateGen639_jpg.rf.eba474843d012b34fb2fa4a116e64159.jpg,day_sharp
xemayBigPlate19_jpg.rf.8d5654074bda237112cac850c95e3d22.jpg,day_sharp
CarLongPlateGen792_jpg.rf.894bc6dafcd67f59995915d9fbad8f7c.jpg,day_sharp
Cars209_png_jpg.rf.b0fc889930008f7b5e152bf543938aad.jpg,day_sharp
CarLongPlateGen1902_jpg.rf.8afc196389880e11bdc7e6edb078c4e2.jpg,day_sharp
CarLongPlate305_jpg.rf.ba2e25e87f4ec1f144138153d64fd072.jpg,day_sharp
CarLongPlate64_jpg.rf.589c8b4f22930ec2c97fb6c9c180582a.jpg,day_sharp
CarLongPlateGen1214_jpg.rf.6ea4af88bd19266ecab10896a131061d.jpg,day_sharp
xemayBigPlate227_jpg.rf.d362b9e2725ac4c6ea87587d0d8a0c23.jpg,day_sharp
xemay1858_jpg.rf.dc4ef2692c62e9a59ff6ab9b530c7c46.jpg,day_sharp
CarLongPlateGen992_jpg.rf.ee95d842b1c58123f31d887b20b5801c.jpg,night_sharp
CarLongPlateGen3586_jpg.rf.6ee979ec35f85f15a668d7dff07d8892.jpg,night_sharp
CarLongPlate221_jpg.rf.e001f403c4b758ac95a668066df96a75.jpg,night_sharp
CarLongPlateGen651_jpg.rf.c24c0d930aa0426faaf2b31843f4cdd2.jpg,day_sharp
xemay1764_jpg.rf.377f7767f460601a6b4e844cb5fec71a.jpg,day_sharp
CarLongPlateGen3339_jpg.rf.b4e90f45af4fe4cf03d6e8717eeac92e.jpg,night_sharp
quandoi100_jpg.rf.02bac0289b5aa9efd6d8d1622e3427f1.jpg,day_sharp
CarLongPlate556_jpg.rf.b78d214332bdee71167672bdc9b2b3bd.jpg,night_sharp
pic_271_jpg.rf.ea46a3c773639e02bdd9d4a0138f0005.jpg,night_sharp
001ddeda193f5789_jpg.rf.db0739bec28458f6ecf378bf7a0b627d.jpg,night_blurry
CarLongPlateGen2797_jpg.rf.096d57ba3ab10b89515b2f3153fd77f5.jpg,day_sharp
xemay1892_jpg.rf.f0766d5b449be92bb0222d3ced167eea.jpg,day_sharp
CarLongPlateGen3291_jpg.rf.1549728ef062cb76a87ed2cd5164eedf.jpg,night_sharp
xemay492_jpg.rf.b0831947a07fba12751ab33ddf264c90.jpg,day_sharp
xemay2068_jpg.rf.a702c49704b3b4ab6795ade68c3bbd80.jpg,day_sharp
xemay2157_jpg.rf.8be8ff9387bb17797b0ed9c8cd511603.jpg,day_sharp
CarLongPlateGen1602_jpg.rf.5d094032fe034feda175c6b71caef464.jpg,day_sharp
CarLongPlateGen2899_jpg.rf.f8c8eee1b8d875e1779e245736b7fe81.jpg,day_sharp
CarLongPlateGen3122_jpg.rf.f4b7320cd6f94530522a3e0b68267f95.jpg,night_sharp
5-20Ways-20To-20Upgrade-20Your-20Car-20License-20Plate-20-_y_jpg.rf.7e78e8eba55abc85c4c21b07135d2cb6.jpg,night_sharp
pic_431_jpg.rf.0fab509cf027108a959d76e561397707.jpg,day_sharp
xemay1827_jpg.rf.c5cb25bc01168678be73f31bc9021532.jpg,day_sharp
xemay967_jpg.rf.8aae7e11e74719fd17b4a4589be11e76.jpg,day_sharp
CarLongPlateGen3662_jpg.rf.c11396765519eaf9bfef71b43bf2008e.jpg,night_sharp
pic_744_jpg.rf.339ba24c9d3cc1a4e041fca0fa51b75b.jpg,day_sharp
01226892fe46adee_jpg.rf.bd1f443e410e59bd092cb7f6ec965c8b.jpg,day_sharp
CarLongPlateGen2226_jpg.rf.9114d722bc4c0eafe3e78c2778bfe2b1.jpg,day_sharp
CarLongPlateGen1190_jpg.rf.c6c520bebed1639b701b6411dc96dc90.jpg,day_sharp
CarLongPlateGen1150_jpg.rf.cf66200fe53e971fc71046551f4f896c.jpg,day_sharp
CarLongPlateGen2757_jpg.rf.1c2384fd1c462eafb131b826302c882d.jpg,night_sharp
pic_549_jpg.rf.664b7feb6be62fa891fd5a31968b1519.jpg,night_sharp
CarLongPlateGen251_jpg.rf.67ca4e4323d84762cdfa2433e458180e.jpg,day_sharp
CarLongPlateGen2762_jpg.rf.861b0bc4e2f7d638f45fb65604ce7fe4.jpg,night_sharp
cropngoaigiao11_jpg.rf.27e192078347b56437ea0956b7bdd212.jpg,day_sharp
CarLongPlate372_jpg.rf.30379c99ea1be8f985c55a6435fa3aea.jpg,day_sharp
CarLongPlate889_jpg.rf.dd23e398d85e255f0b70f9cce26f3bed.jpg,night_sharp
Cars178_png_jpg.rf.886f92a1fc6a214274910c3b8ae7abdd.jpg,night_sharp
CarLongPlateGen2991_jpg.rf.63e25ac402644ce58545a1111ef3c19d.jpg,night_sharp
CarLongPlateGen3231_jpg.rf.4ab9dc647be2234453f9596fe28d5a18.jpg,day_sharp
CarLongPlateGen2171_jpg.rf.4a11f9c3bba42ec116356bfd2c899dc3.jpg,day_sharp
CarLongPlateGen29_jpg.rf.74e34c05272cc11885e4fcd1eda2879a.jpg,day_sharp
CarLongPlate100_jpg.rf.603dc46151a44aff57ad53ef204569df.jpg,day_sharp
1649292507329_jpg.rf.6e2b492c644955eae4d6a466add3dd87.jpg,day_sharp
CarLongPlateGen2480_jpg.rf.8472fd94a3d68723e2fc41b7e2a44576.jpg,day_sharp
ARZT120_jpg.rf.be392759ec4be1bb5a07c61fc54b9f5a.jpg,day_sharp
CarLongPlateGen1845_jpg.rf.c5f6ecd7102ca7a465fa60a3dec5709b.jpg,night_sharp
xemay386_jpg.rf.7263b721a730aa63643db3992685409e.jpg,day_sharp
xemay1394_jpg.rf.f32c77eef06c27ae11fff5e0e634ed52.jpg,day_sharp
CarLongPlateGen1990_jpg.rf.8aaf9f47f755fcd6cd0ba674442f2f28.jpg,night_sharp
xemay1990_jpg.rf.ed915144e4290141a06c3af5a89d5714.jpg,day_sharp
xemay1185_jpg.rf.9dd4b9f1666128fa4e45920ef457cd52.jpg,day_sharp
CarLongPlateGen3033_jpg.rf.9cca0a35089aab53ab2f96116dbf6a5f.jpg,day_sharp
rotatequandoi61_jpg.rf.50bb5296045f14d5cd86ea4473187e4e.jpg,day_sharp
CarLongPlateGen896_jpg.rf.1b44dc0e6d9f4c3d140d9fc06f6c043e.jpg,day_sharp
pic_362_jpg.rf.6d51883d47030ee8206b2c1efc3f150a.jpg,day_sharp
boderquandoi33_jpg.rf.23def9c548df9c7c57a23cdf0872bfa1.jpg,day_sharp
CarLongPlateGen2030_jpg.rf.a7bba05fd631bd30bd5720df3958adcc.jpg,night_sharp
CarLongPlateGen2391_jpg.rf.8256c449dbf5ec83e7a51ebea918b1a0.jpg,night_sharp
xemay1635_jpg.rf.c85edbcc6f4ab27a5b60b0c252d52c60.jpg,day_sharp
xemay918_jpg.rf.625c2e48861b439fcbe463631f993c9b.jpg,day_sharp
xemay1104_jpg.rf.57b3feb618bb653625602c176b1519f8.jpg,day_sharp
CarLongPlate949_jpg.rf.622f0f00aa881eaa4585b5eb546069d2.jpg,day_sharp
CarLongPlate775_jpg.rf.0ba32b8bf9933e2b57ea83744fc96a78.jpg,day_sharp
CarLongPlateGen2449_jpg.rf.2c8c914ef5bc237a734fc0ef0501bb31.jpg,night_sharp
WhatsApp-Image-2022-04-04-at-2-25-07-PM-1-_jpeg_jpg.rf.ca0659d0db7dba57a176caa9ade8c52b.jpg,night_sharp
3100000_jpg.rf.62030d243dbcfd5cf0a3c4dad6fb0ad9.jpg,day_sharp
pic_484_jpg.rf.121bffe25e15ca0c315695ae984312f2.jpg,night_sharp
xemay2296_jpg.rf.4db5cde3fe0305dcdee0037a0634cdbf.jpg,day_sharp
xemay1460_jpg.rf.a29f72e2fef735480d79c387c82410ca.jpg,day_sharp
CarLongPlateGen957_jpg.rf.53083fd4cdb77bd50d8cdd5ff0c25fc1.jpg,night_sharp
xemay2322_jpg.rf.c5452d56a23aafef2247b1db626b173c.jpg,day_sharp
xemay2369_jpg.rf.99dddcb7ff2031f5e07b831f8269a23e.jpg,day_sharp
CarLongPlateGen2986_jpg.rf.47f3ca8a57a68d1c1bd8c4ebf783113b.jpg,night_sharp
rotatequandoi72_jpg.rf.163330484e233b2038d7cfa25827075d.jpg,day_sharp
rotatequandoi77_jpg.rf.b5b3a72593fc9390d23b69bfe8cb1018.jpg,day_sharp
xemay1734_jpg.rf.499976e50915a85d04aaa88eedd90f3b.jpg,day_sharp
CarLongPlate582_jpg.rf.bd4a1e4d96813a53a463ebcbfa164228.jpg,day_sharp
xemay123_jpg.rf.f1c94220e7bdd7d7e478f073d5fd67dd.jpg,day_sharp
CarLongPlateGen1673_jpg.rf.7a0e1a8d2a3c04e71d1d7c0b9960082c.jpg,night_sharp
CarLongPlateGen2749_jpg.rf.def24749ce15c77098f01d66eaf42349.jpg,night_sharp
xemayBigPlate144_jpg.rf.d9f0f86d5a330e970a516204672c9092.jpg,day_sharp
pic_039_jpg.rf.7146e9098c097e0144322d4d8dfa2498.jpg,day_sharp
CarLongPlateGen1028_jpg.rf.4485ec9ebc7270bc6b6be4d6ca6c9269.jpg,night_sharp
xemay14_jpg.rf.6f7ab330e079327a83af2e990a45bee2.jpg,day_sharp
xemayBigPlate188_jpg.rf.29100bf5c0619429415713fb2bd8e0e3.jpg,day_sharp
Best-20Electric-20Car-20License-20Plates-20-2-_jpg.rf.3ffd5d7ae4a5bda9cc8f70d061d70ba8.jpg,day_sharp
cropquandoi77_jpg.rf.c980d6e6288cb50f7e41e5ac795ae98d.jpg,day_sharp
CarLongPlateGen825_jpg.rf.8235ab88d4af5519ab36a167130f3634.jpg,day_sharp
pic_164_jpg.rf.252bf56672a4c67cb6aab4fef68cd750.jpg,day_blurry
CarLongPlateGen3896_jpg.rf.1a160131d1df84d252aed0e8fccd3512.jpg,night_sharp
xemay15_jpg.rf.88752587f608b7501ea0769956e685f6.jpg,day_sharp
xemay609_jpg.rf.c0edac541a337258e4b576f1a9a97161.jpg,day_sharp
CarLongPlateGen1304_jpg.rf.ef44b45fb90298435ce85dd56a9c4719.jpg,night_sharp
xemay1762_jpg.rf.2c6e9fa7b8803f4425b1a36662923995.jpg,day_sharp
xemay1004_jpg.rf.79508ed5581790af99016c4499b62ce1.jpg,day_sharp
CarLongPlateGen1874_jpg.rf.5206fba8177ef8d6264c619b7787bd41.jpg,night_sharp
pic_572_jpg.rf.96fa960a6dd655335727000994112208.jpg,day_sharp
WONELLY_jpg.rf.1ba76ccc9d9eb3e5991f86c159598d0f.jpg,day_sharp
pic_691_jpg.rf.e6e3e3a4b5f8614e409e5616795c2034.jpg,day_sharp
CarLongPlateGen2172_jpg.rf.5a63297f968ccfcf730f376529a663ea.jpg,day_sharp
CarLongPlate824_jpg.rf.55de16367c1aa2e4545bf6a9d8c4cc77.jpg,night_sharp
xemay236_jpg.rf.c8d6114a27745d9a7526ae667e3a8d73.jpg,day_sharp
pic_141_jpg.rf.ae4a88f4d2a8daba46e8b611ba168f40.jpg,night_blurry
CarLongPlateGen1450_jpg.rf.99f8d238698899c5bb09f0f96cc08554.jpg,night_sharp
02a01a62fa5a9831_jpg.rf.2839a7f71a827b94a0f04b1204db2143.jpg,day_sharp
pic_730_jpg.rf.da9e81ebe6e3289cb138867a1e928105.jpg,day_sharp
CarLongPlateGen2570_jpg.rf.191e19fcaed147f6d56f27e15adcd133.jpg,day_sharp
pic_077_jpg.rf.51453a272dfc9a8656eddf5533957548.jpg,day_sharp
xemay443_jpg.rf.83a808e11277980964118475f7f8c183.jpg,day_sharp
RLO4XVM_jpg.rf.cec6d9fbda45e718ff55155b05a81168.jpg,night_sharp
CarLongPlateGen1781_jpg.rf.faef29499b12d37931cae82d8fbb8272.jpg,day_sharp
CarLongPlateGen3138_jpg.rf.5e7cae159d403876ca0f09df311bf913.jpg,day_sharp
xemay2_jpg.rf.c4bfca381676c9d579bcc5f3f73e2eea.jpg,day_sharp
CarLongPlateGen936_jpg.rf.401eec798479b541c2afb775c4185599.jpg,day_sharp
CarLongPlateGen2575_jpg.rf.1304df2d192e494b717216205239f5c9.jpg,night_sharp
xemay1709_jpg.rf.50b860d0d5beb72f338cace1aef641af.jpg,day_sharp
CarLongPlate557_jpg.rf.71b089afa2e010e9608cb9a234e2932f.jpg,day_sharp
CarLongPlateGen3336_jpg.rf.50c4cc0dffb29f819b048935121cf165.jpg,night_sharp
CarLongPlateGen420_jpg.rf.e17a351528acb489a9c1ace6b0272178.jpg,day_sharp
imaasfdges_jpeg_jpg.rf.ad733b4da387b0c3d54248a2ee71ebf9.jpg,day_sharp
xemay1006_jpg.rf.7bccb9e780ebedb4e3b553d583fa2725.jpg,day_sharp
xemay710_jpg.rf.06315d26789626ac011659b7c1db6089.jpg,day_sharp
CarLongPlateGen2407_jpg.rf.5eb9df7c045efdd20f778c44e71a5e42.jpg,night_sharp
xemay1731_jpg.rf.d63a76e04b5921524a8b88f59e2dab01.jpg,day_sharp
CarLongPlate496_jpg.rf.5a9eae7cfa47d7ca799b3a1d6b027815.jpg,day_sharp
CarLongPlateGen3543_jpg.rf.b627452d2aae65cdb11ca3edfecf763d.jpg,night_sharp
CarLongPlate871_jpg.rf.f29cbf116ab0804b5d3c8f8d3b3b2b5c.jpg,day_sharp
0014e05dcc74d3f3_jpg.rf.fb2753c70404b02c66dd12da743b4875.jpg,day_sharp
CarLongPlateGen1619_jpg.rf.c51217782d797e3ac4eed0d4dd9ef75f.jpg,day_sharp
CarLongPlate763_jpg.rf.34e82ea21756cf59ca637968b76deecd.jpg,night_sharp
CarLongPlateGen673_jpg.rf.e6ab578c75383c2f4fe4349cf6e33959.jpg,night_sharp
CarLongPlateGen2415_jpg.rf.41662916e9c2ed42433f203db42e6dab.jpg,night_sharp
CarLongPlateGen3057_jpg.rf.92712b24e5d8186f9c6e3cebac68856d.jpg,night_sharp
CarLongPlate408_jpg.rf.2b57cbe46349b9facbdf035ce96a8584.jpg,night_sharp
00c3fb728099e272_jpg.rf.c9b76d16d45caa7c8cd5c16502d16ba9.jpg,day_sharp
CarLongPlateGen1663_jpg.rf.b83e3b654a893e5f05d4e5bc30dd728c.jpg,day_sharp
CarLongPlateGen46_jpg.rf.6ff6c229eadf9ffccd45ace03d219035.jpg,day_sharp
CarLongPlateGen475_jpg.rf.5ed1f77333b85057457dfefcabb3f2f2.jpg,day_sharp
CarLongPlateGen2002_jpg.rf.90ee0b2ea2d4aa9488c7e69f169d6dd0.jpg,day_sharp
CarLongPlateGen1559_jpg.rf.d40450f4c3e4c84e83e2a966ffdd9167.jpg,night_sharp
xemay226_jpg.rf.470efb216f171903e42c690f5d24fe36.jpg,day_sharp
xemay2478_jpg.rf.df423069387ff95d1cfc03ec8f36af57.jpg,day_sharp
xemay1941_jpg.rf.58178f81fa371ea92f4f73937db66626.jpg,day_sharp
xemay2052_jpg.rf.c87b1370ef42a396f951961eef03ca82.jpg,day_sharp
xemay1274_jpg.rf.bce59b60900c9b091876625d0b3dab78.jpg,day_sharp
pic_127_jpg.rf.e608798581e31b88d6938673730fa82b.jpg,day_sharp
CarLongPlateGen3370_jpg.rf.bbe05d0c4eeccecce52bfc9afdf8d48b.jpg,day_sharp
CarLongPlateGen2693_jpg.rf.f3324fc0a81630645efd900c68f3e24b.jpg,night_sharp
CarLongPlate766_jpg.rf.4d9b9c9c1f4233e0011a814cdf60c549.jpg,night_sharp
xemay2018_jpg.rf.62e965863d1cf9c86f5bc8b748d1f148.jpg,day_sharp
xemay2414_jpg.rf.e88b398e3a6228b70c11f361d3284a1f.jpg,day_sharp
xemay347_jpg.rf.bf1c8c0e09060206baa66a4b293e640d.jpg,day_sharp
13-cdmx2017pol-mc_jpg.rf.0b0b440b5b4839cb3861ba8d97e60a6c.jpg,day_sharp
Cars108_png_jpg.rf.06f9e53cd985f7ff571b59a710ce994f.jpg,day_sharp
CarLongPlateGen3730_jpg.rf.974a232e69271ee3b25c8e0b179942d5.jpg,night_sharp
CarLongPlateGen1660_jpg.rf.ed1dc4edfae610b6dc8d95dcac83d1b0.jpg,day_sharp
CarLongPlate531_jpg.rf.0b7c597203c8e57d0cc5d37d939cdb9b.jpg,night_sharp
CarLongPlateGen2425_jpg.rf.7de4d21076745e625ad3b5130d35ebf5.jpg,night_sharp
CarLongPlateGen2132_jpg.rf.1d7ccffcbff4af78128f3fcb07e3b6a7.jpg,day_sharp
CarLongPlateGen346_jpg.rf.eae3b85679a9da0b2fd4790c84795971.jpg,day_sharp
pic_419_jpg.rf.0f8649e550c1069aa2dbed0b1d232ef8.jpg,day_sharp
boderquandoi24_jpg.rf.f4d18bd890418decf72f932ba53047df.jpg,day_sharp
CarLongPlate432_jpg.rf.1a8676640a7b2aec9ab65a5ebb3300a6.jpg,day_sharp
xemay2145_jpg.rf.2eb2a8dd70dc4fc388222f0c4bcea1a1.jpg,day_sharp
xemay1261_jpg.rf.10ddf482b09191c53c60f59d9126f04f.jpg,day_sharp
CarLongPlate711_jpg.rf.e08d436cd6feff1e774c14c923e5721c.jpg,day_sharp
CarLongPlateGen3065_jpg.rf.1fb386303947a548d4a1626570cda139.jpg,night_sharp
CarLongPlateGen500_jpg.rf.461ab0b885450485485aee785abc5828.jpg,night_sharp
Cars280_png_jpg.rf.c7fe4c915cdc1e13f0ed03c3423ade93.jpg,day_sharp
CarLongPlateGen1697_jpg.rf.bb5ef862773c01e3cf7a61d36e6ff611.jpg,day_sharp
CarLongPlateGen3201_jpg.rf.fc2ff793cddbafd583f4fea7248aaea2.jpg,day_sharp
CarLongPlateGen3293_jpg.rf.110d1ad24b6407a8fc376405125e061b.jpg,night_sharp
IMG_7064-conv_jpeg_jpg.rf.8b0a0929eda5480f8ce5936aae894eaf.jpg,day_sharp
rotatengoaigiao4_jpg.rf.99d476f23742c1afc1799fafdee4b820.jpg,night_sharp
CarLongPlateGen3455_jpg.rf.99a42d8cd530d8e432d2070ffbac79fe.jpg,night_sharp
CarLongPlate123_jpg.rf.24b4380832bb713ad2314adebc758e6f.jpg,night_sharp
boderquandoi72_jpg.rf.453bec020e77291a1c6ec659c7fd052e.jpg,night_sharp
BNO90K_jpg.rf.21063121ca7908dca2164941eb19c159.jpg,day_sharp
pic_677_jpg.rf.4793f90cd7578549c5350970aedfb251.jpg,day_sharp
Cars2_png_jpg.rf.ea788b9193ebb2a9db2d371bb0079833.jpg,day_sharp
pic_293_jpg.rf.ec8bdcc0e1eec0b94da645421d636704.jpg,day_sharp
pic_724_jpg.rf.4b100997c28bb8408171ad8a22fb27b1.jpg,day_sharp
Car-20License-20Plate-20designs_-20themes_-20templates-20and-20do_png_jpg.rf.84cadc7d05fad206c1ffe74cc2d61a16.jpg,day_sharp
CarLongPlateGen258_jpg.rf.54f614b2894b1d5338deefab4adf66da.jpg,day_sharp
xemay1740_jpg.rf.6afc9abd1505635282c86fd1c3165017.jpg,day_sharp
xemay1245_jpg.rf.21f0cd5e8fe9f3ad998f3716731cc219.jpg,night_sharp
xemay1525_jpg.rf.1084ebcea1c7cb9a96accf56e896842e.jpg,day_sharp
xemay1986_jpg.rf.62393ec4f82e4ba11f3a95321f18d629.jpg,day_sharp
CarLongPlateGen3056_jpg.rf.03b17831f295f3ac075baab17ed697de.jpg,night_sharp
8-s-l300_jpg.rf.1119f740aab758031d5ea9b0c243c571.jpg,day_sharp
boderquandoi53_jpg.rf.f9edc9251d775bb043a59e62883ac631.jpg,day_sharp
California-20Developed-20Stick-On-20License-20Plates_-20No-20Bumper_yy_png_jpg.rf.d6082439fd65095ed671f173ca1ad059.jpg,day_blurry
xemay2220_jpg.rf.75ffede13c476cfa6c805b6cd7df2009.jpg,day_sharp
CarLongPlate536_jpg.rf.9ac34a3e85d1d55b186616ce6f418530.jpg,day_sharp
CarLongPlateGen1119_jpg.rf.e5b94af273aef3ae341b8d5d33508374.jpg,day_sharp
CarLongPlateGen856_jpg.rf.02919bc780bff0adc13e66c0619db045.jpg,day_sharp
pic_081_jpg.rf.96197e811df47c077970df3d4a2a380e.jpg,day_sharp
xemay1348_jpg.rf.59ece95de3fc7aed9c92a8f64f9360ae.jpg,day_sharp
xemay546_jpg.rf.dd9ea668d3bebc344037ce0c9a96c167.jpg,day_sharp
CarLongPlateGen55_jpg.rf.6bbc34b4b656a871648c2eb5f44fd2e5.jpg,day_sharp
Cars310_png_jpg.rf.2c164bcb6235d193d16f685cc6b9b9c0.jpg,day_sharp
CarLongPlateGen3331_jpg.rf.315d13f28fd28b5499de886fd40f195c.jpg,night_sharp
CarLongPlateGen3380_jpg.rf.8e23bf47e7693e1eecd32b8bbb453126.jpg,day_sharp
CarLongPlateGen3183_jpg.rf.2cde4df05aebbc2102e565b5335b91e0.jpg,night_sharp
boderquandoi86_jpg.rf.a3026f74e7d5c4825a238c19b6ba84e9.jpg,day_sharp
brightnessngoaigiao12_jpg.rf.79764af63b16003cf1620bfe406e9c66.jpg,day_sharp
CarLongPlate692_jpg.rf.1e6c2f91e805e8e02d104f0aa29e84a2.jpg,night_sharp
CarLongPlate52_jpg.rf.72a3a9ea614415718df1aa571c6b1a80.jpg,day_sharp
xemay1599_jpg.rf.1f0de270ea7ab75951c2ee780182d059.jpg,day_sharp
pic_609_jpg.rf.c5d216f6e0afc7568a45e5f11a60864b.jpg,night_sharp
CarLongPlateGen3311_jpg.rf.9e4bdf4dd59a1c159f07fcf77cc7a94d.jpg,day_sharp
xemay1714_jpg.rf.4a345ba74c4e2f896d072529233f7607.jpg,day_sharp
CarLongPlate911_jpg.rf.63355a60995c74b717c97c8f80058b71.jpg,night_sharp
CarLongPlate254_jpg.rf.d5059fc5d5ab0e56437f5c7d5367d7c6.jpg,day_sharp
CarLongPlateGen114_jpg.rf.c9a9b4139c7cf4f3862d94de5a7242b0.jpg,night_sharp
brightnessquandoi78_jpg.rf.1a9a1aba2adb3e9bf3f65ae2a525dcf5.jpg,night_sharp
xemay1112_jpg.rf.505e091af78fa3188b968169d60fa240.jpg,day_sharp
xemay388_jpg.rf.b84850525ee1f2ef8329e12a176d05e6.jpg,day_sharp
CarLongPlateGen1354_jpg.rf.2478cb52d171ecee5db63892069481db.jpg,night_sharp
xemay2465_jpg.rf.59a6ba2f8bbd74c5500cf9a9bc379a9c.jpg,day_sharp
CarLongPlate227_jpg.rf.5a7fecb5ccdec6748dfd9d07ca865f37.jpg,night_sharp
xemay1579_jpg.rf.b91cd3cfd7933e064e5079ba11ea3e61.jpg,day_sharp
CarLongPlate371_jpg.rf.36ce1cc8c0fc33039119408b84d245c0.jpg,night_sharp
CarLongPlateGen1647_jpg.rf.d1468cce613c630c8d4ce8fc0be8f4de.jpg,night_sharp
CarLongPlateGen2705_jpg.rf.46c0a56ad8aa12a136fd3c5e6b3dad09.jpg,night_sharp
xemay2236_jpg.rf.af314077b4f84490faf201da74a66f1a.jpg,day_sharp
CarLongPlateGen2441_jpg.rf.2499ceb85e85873303fdee7190e04405.jpg,night_sharp
CarLongPlateGen2493_jpg.rf.771f4bd3d57418dad69b6eaecb08f02e.jpg,night_sharp
CarLongPlateGen2250_jpg.rf.a28bbc52f93205863bc75575cebd2762.jpg,night_sharp
CarLongPlate965_jpg.rf.dd8db51c1d8d003bbaf8ea41a277e40c.jpg,night_sharp
xemay2332_jpg.rf.3ead470a76560cba2864136141ae6ad3.jpg,day_sharp
xemay2180_jpg.rf.2079c0240f4c59d0a3cd49c25cc8831c.jpg,day_sharp
quandoi20_jpg.rf.a0855e660d8bbf6c54feed530a883fc1.jpg,day_sharp
CarLongPlate223_jpg.rf.ac252b9de8b2ec42ad15f7eecce359b5.jpg,day_sharp
CarLongPlateGen537_jpg.rf.bc6ae9cb5b4a6e60bfb97cfb82a5c55b.jpg,day_sharp
pic_370_jpg.rf.423e9a14abbcf1d5ee89606eeb7a994b.jpg,day_sharp
xemay1595_jpg.rf.2bcb7683a0208f4ed2f45d29dc062786.jpg,day_sharp
00d763761e47f723_jpg.rf.786dda9536a060cff9670f9d0ba23049.jpg,day_sharp
CarLongPlateGen1364_jpg.rf.a2687447fd8083fe32774e4806cb92b3.jpg,day_sharp
xemay2024_jpg.rf.6588695a637387bb0b253eb597020940.jpg,day_sharp
CarLongPlateGen589_jpg.rf.499d4bb7a032428b0b44768ffcb3ac9a.jpg,day_sharp
xemay660_jpg.rf.dcb147acd5a72fe7a6352584875b3048.jpg,day_sharp
CarLongPlateGen2180_jpg.rf.d028f25e6e569cf33a0e521921e7bb13.jpg,night_sharp
CarLongPlateGen2082_jpg.rf.1882d7e371aa5a5b1124839a7ce42e60.jpg,night_sharp
CarLongPlateGen214_jpg.rf.b3c67f7e72d4f4927966e65e8ce857d7.jpg,day_sharp
01df220cc71e07af_jpg.rf.2ae267a55851f4799f7af0b70efebf29.jpg,night_sharp
cropquandoi106_jpg.rf.1c567996e47d6e952494b1d7a6c2936a.jpg,night_sharp
pic_292_jpg.rf.9410f458824c33150e11b1139a4b0010.jpg,day_sharp
Cars379_png_jpg.rf.dc8cdd8f141de974f5fc6fa221a9d17c.jpg,day_sharp
xemay404_jpg.rf.0ab9d9f375a417b5a2890d3d81a0d0c3.jpg,day_sharp
CarLongPlateGen3187_jpg.rf.83bbaa7cd2a9c7c78a61c879c7c4588e.jpg,day_sharp
xemay2200_jpg.rf.ce5196df907af4684fe2c2f2c10aab7e.jpg,day_sharp
xemay2341_jpg.rf.a3bc05ec54be3e6863e3562fb217505c.jpg,day_sharp
CarLongPlateGen1033_jpg.rf.ed940ea9f83ce16ce6fbd004a3817484.jpg,night_sharp
CarLongPlateGen2066_jpg.rf.543706acbbec0d91965a1142a290ebb2.jpg,day_sharp
CarLongPlateGen1588_jpg.rf.d60fc6cb87da70fb9c352b836f4113f1.jpg,night_sharp
xemayBigPlate195_jpg.rf.15c73a769bd1b3bf98a77f67ec05dbf0.jpg,day_sharp
xemay833_jpg.rf.25c1721b6faf43c057bf9e16123907dd.jpg,day_sharp
Cars233_png_jpg.rf.fdf70be68dc0680c0574c48d06079f83.jpg,day_sharp
pic_385_jpg.rf.6afd7913fcaa06a7a9250f1f5f1d7afa.jpg,day_sharp
image10_jpeg_jpg.rf.6b69d4b1e4aa9fe8a2da359ee34510d9.jpg,day_sharp
xemayBigPlate25_jpg.rf.b8e1a249830c1ff002da8a69984f2b66.jpg,day_sharp
xemay221_jpg.rf.942cbe2b880ecaf475a3e6ab7172db4a.jpg,day_sharp
CarLongPlate755_jpg.rf.0bffcbc25c804a75ca7d9fe39e579a5e.jpg,night_sharp
xemay1610_jpg.rf.0b834d58c9b6ab76cdb6819f87334e25.jpg,day_sharp
xemay2061_jpg.rf.51071ce43809459cd73e7956f4344310.jpg,day_sharp
xemay1179_jpg.rf.dfe77e7d8a88daa74e8b25999c0a3f2a.jpg,day_sharp
CarLongPlateGen1611_jpg.rf.a60d3bb9dd32e85bfe9cf5e55e5521ac.jpg,day_sharp
xemay773_jpg.rf.25ace6637cbe6f173f5dd6c7a11f8f9a.jpg,day_sharp
CarLongPlate990_jpg.rf.f3451770d7ee440974e231d246599c8c.jpg,night_sharp
xemay1508_jpg.rf.3febcd95dc23fd3a58e9bd67be5d789a.jpg,day_sharp
xemay1386_jpg.rf.4f4392bbdf2804a1f63673d854cd7157.jpg,day_sharp
xemay2351_jpg.rf.391458e22d2d1ae42d171a79529a7fee.jpg,day_sharp
CarLongPlateGen1950_jpg.rf.b2c15c820b96ab011b6b15318e233fe6.jpg,day_sharp
xemay2399_jpg.rf.5546cb45190730d3efd7bd0b48ee9493.jpg,day_sharp
xemay719_jpg.rf.f5896ade43fd1daa9cda11e9b9a902f4.jpg,day_sharp
CarLongPlateGen1893_jpg.rf.1e1417f8a06bcbf3af6e7604de0ca6d7.jpg,day_sharp
CarLongPlateGen2610_jpg.rf.8bd36935ed7d596246106caa49316420.jpg,night_sharp
1649292507304_jpg.rf.27c0eb1e9f5d9b338f3225c372d64fcf.jpg,day_sharp
CarLongPlateGen2276_jpg.rf.5d11c26c3609bcb593a5dc27caf331e5.jpg,day_sharp
xemay1629_jpg.rf.7b7b59b2079e9e954d19d8b968263f91.jpg,day_sharp
cropquandoi29_jpg.rf.6e5a28ea6edbe0d01aeac7a64edf6489.jpg,day_sharp
CarLongPlateGen1440_jpg.rf.12a049fccc153300641098a724f74549.jpg,day_sharp
xemay2118_jpg.rf.9a029d58189555545cc7ae4d4c550b14.jpg,day_sharp
CarLongPlateGen2267_jpg.rf.3e03619fae9576ad8425426cae71c307.jpg,night_sharp
rotatequandoi15_jpg.rf.6ab8b96763db17fa008a7652df4e8020.jpg,day_sharp
CarLongPlate407_jpg.rf.c10b4e90f803fa13a8ded2b28309b5fb.jpg,day_sharp
CarLongPlateGen780_jpg.rf.1f6b80acace2c69985e2685cdac9682e.jpg,day_sharp
quandoi48_jpg.rf.25bf5973964289eb9a0c3373a4deefb5.jpg,day_sharp
CarLongPlateGen446_jpg.rf.71514483061e57f8124eb9e0c80032ca.jpg,day_sharp
xemay271_jpg.rf.94088fbf7295b9523c7b0a8f3ea9dc8b.jpg,day_sharp
File_Car-20with-20export-20license-20plate-20of-20Finland-jpg-20-_jpg.rf.ad544f2f46eb748c94d3660e157b5b02.jpg,day_sharp
CarLongPlate805_jpg.rf.6b18ad71af01ffabf2af956e0d8c0542.jpg,day_sharp
CarLongPlateGen1623_jpg.rf.823ea0a4efb7db948fdb1a80f835bdd2.jpg,day_sharp
CarLongPlate168_jpg.rf.c582676605bba076a138416c4d9c166b.jpg,day_sharp
IMG_6984-conv_jpeg_jpg.rf.c5ea5d020f39cda24cf866f50ad449fa.jpg,day_sharp
CarLongPlateGen2913_jpg.rf.008368cf528a6fed44a9c30ca021a0de.jpg,night_sharp
01ad33d0ee9a7315_jpg.rf.cff915757ee8631d745ffdf0bef7f184.jpg,day_sharp
CarLongPlateGen2166_jpg.rf.995c48338db77a9aa99daa27151ac2d9.jpg,day_sharp
xemay982_jpg.rf.25b11a02c25931e4c16e28943656d9b9.jpg,day_sharp
xemay885_jpg.rf.3288c15ac16ce8f1fab6d502f36b1d78.jpg,day_sharp
xemay810_jpg.rf.ff830fe71fa3ce8b0f859b939626f6dc.jpg,day_sharp
00d17e785bbf2ca1_jpg.rf.dbc246efa04a411e7d93916dd74301fd.jpg,day_sharp
CarLongPlateGen2225_jpg.rf.6f00066d83d53adcec10f03dab421420.jpg,day_sharp
CarLongPlate370_jpg.rf.ad0bc0cd63b472335f272b1fe68121bc.jpg,night_sharp
CarLongPlateGen2153_jpg.rf.eb3e77b18f3e6060b9ffc550ba0d5ae8.jpg,day_sharp
xemay1213_jpg.rf.a3e3964adf581b4905221c588295574e.jpg,day_sharp
pic_739_jpg.rf.017764b6843bac67be217fe7d9b06254.jpg,day_sharp
CarLongPlateGen281_jpg.rf.640f296282120005ba77459cbb5241cf.jpg,day_sharp
CarLongPlateGen3196_jpg.rf.6b77a0858fb2afb0cec71b143ef294ec.jpg,night_sharp
CarLongPlateGen1089_jpg.rf.1b94b67c1c743047e295923111fef12c.jpg,night_sharp
00043e7c5c4c025a_jpg.rf.766a001e6b83d24d7cd2f8b73f632197.jpg,day_sharp
images6_jpg.rf.c11ed34a82b1fe95fef88932d8affce3.jpg,day_sharp
CarLongPlateGen964_jpg.rf.eebeb04752906a7a7fff28447725d7af.jpg,day_sharp
pic_681_jpg.rf.94bd1ca191366f82b3e0991e76a08762.jpg,day_sharp
xemay1271_jpg.rf.47015e143ca7b4eada369c206093f4cb.jpg,day_sharp
CarLongPlateGen367_jpg.rf.8bc7e179823c165bfc77178a4818226a.jpg,night_sharp
cropquandoi81_jpg.rf.b1317c53b84fadf3391aa1e30a6cc7e6.jpg,day_sharp
90-s-l640_jpg.rf.31283d4b149be0b90bcb63c92acf09e3.jpg,day_sharp
Cars207_png_jpg.rf.c6e302c1836747a6d21fdf5344ce2571.jpg,day_sharp
002c48dd05cc3b85_jpg.rf.f30ab0e9da436dfd6a7a87c378d9f418.jpg,night_sharp
brightnessquandoi104_jpg.rf.97d4781f41c1b934dfa97765950251b0.jpg,day_sharp
xemay298_jpg.rf.b9e6c5bf0bafafd156ea6d8ecba76028.jpg,day_sharp
CarLongPlateGen3894_jpg.rf.b780314a324ec302e5ecd72308b4854f.jpg,night_sharp
0163c40a2a81f762_jpg.rf.26afb1539dd2ccc152a9ab28667b1219.jpg,day_sharp
rotatequandoi102_jpg.rf.6c40bf4b23de20a70f0e278169cabdd3.jpg,day_sharp
CarLongPlateGen525_jpg.rf.fd0ca1a04b0efe80d07f9ef09cc22a2d.jpg,day_sharp
CarLongPlateGen3633_jpg.rf.fe3149e6e478231b9d0419adeaa5bfc9.jpg,day_sharp
xemay976_jpg.rf.8a2a22a7d33d43cbb0369fe1a8ee56fd.jpg,day_sharp
xemay750_jpg.rf.7925cfa6736a51fcb0f7ad6d25e4e863.jpg,day_sharp
CarLongPlateGen177_jpg.rf.9777cf521a4a350a0e9cefb197a5e587.jpg,day_sharp
CarLongPlateGen40_jpg.rf.db3f39dec03278e7fdb863a04567123c.jpg,day_sharp
xemay853_jpg.rf.2ca883997b1502e5d7efffc5192134a4.jpg,day_sharp
cropquandoi37_jpg.rf.fdddbc45a48df86308437774c38a07e0.jpg,day_sharp
CarLongPlateGen1525_jpg.rf.0670d1089a94e9b62b08d0e80b75a7c2.jpg,night_sharp
CarLongPlateGen1896_jpg.rf.cc3a755a6d3674b15afdd944d47d5d1b.jpg,night_sharp
CarLongPlateGen2120_jpg.rf.ff3db7c57f79ed3aed95fb598014af89.jpg,night_sharp
xemay2303_jpg.rf.3dc23736d4ee9a9e97a32accebd6f228.jpg,day_sharp
xemay68_jpg.rf.536abb37544018640c0644db7216fafe.jpg,day_sharp
CarLongPlateGen2277_jpg.rf.0de2f9fa3db5277a944fe7df4a273c94.jpg,night_sharp
CarLongPlateGen1036_jpg.rf.b1f4e76913587e47d42527b717397fbd.jpg,night_sharp
rotatequandoi57_jpg.rf.f1950b7d63ccddc6954f812f0e955535.jpg,day_sharp
CarLongPlate44_jpg.rf.822ff5b5b9b7755025d82a3c2b521a02.jpg,night_sharp
CarLongPlate271_jpg.rf.3d0f63fe0643f2cff093c64adb3e5b47.jpg,day_sharp
02c79f997837efd4_jpg.rf.5f2fd2948347303996c2fd68ee243f30.jpg,day_sharp
xemay1768_jpg.rf.294a9e3c1a2cfdeac40ccd0e1c339510.jpg,day_sharp
CarLongPlate294_jpg.rf.b3782917df5594f968bf42926b9d0248.jpg,night_sharp
CarLongPlate219_jpg.rf.e83ae422a489bbf4a2ca4575289c21e5.jpg,day_sharp
CarLongPlateGen3788_jpg.rf.19e7f2491a620fd8ca1de917e71ab6b1.jpg,day_sharp
xemay1334_jpg.rf.d1c18835d1e6d9a19c3af5b9732da88a.jpg,day_sharp
CarLongPlate467_jpg.rf.c2a70d7c0700ee51b53b6bb28934f73c.jpg,day_sharp
0137f744e31ab3ff_jpg.rf.59054dfd0fd863041ea34af1143ae833.jpg,day_sharp
CarLongPlate450_jpg.rf.d93f33acf399545dc8d0f5564d6c09cd.jpg,night_sharp
xemay783_jpg.rf.90bf470c2d83a89d0cd226485a581297.jpg,day_sharp
CarLongPlate155_jpg.rf.40d2f6c52f2c162cda956c4294d0fdf0.jpg,night_sharp
CarLongPlateGen2432_jpg.rf.2580e3ef7e71eef47b10a74c4be729df.jpg,night_sharp
CarLongPlateGen1649_jpg.rf.c6f20abe4c67268c1f53013103c145a3.jpg,day_sharp
IMG_7027-conv_jpeg_jpg.rf.039f0831c54aa80c4f62022c6628c17d.jpg,day_sharp
00272dd158c0663a_jpg.rf.e01d62da76bc68405c0c8cf4f005c89a.jpg,day_sharp
CarLongPlateGen1230_jpg.rf.fef6d558c25acb265eba18596a7c0207.jpg,night_sharp
CarLongPlateGen2715_jpg.rf.d38b0f2418965f1cdb7e54db96ed9333.jpg,night_sharp
quandoi29_jpg.rf.24040d7fa6878bf97898e5f55e447b5c.jpg,day_sharp
CarLongPlate700_jpg.rf.48f1caa0ee5fef417c4a4138360cac00.jpg,day_sharp
pic_211_jpg.rf.2cf932f4a7e7a3a20fb851de0f10ce66.jpg,day_sharp
CarLongPlate201_jpg.rf.c7f121f066580e5f2dcc9875f9251831.jpg,day_sharp
quandoi50_jpg.rf.543747eba51b06d0b24f94aa418cb2e5.jpg,day_sharp
xemay2012_jpg.rf.8694d7d070738cd8d4c90de80394c0b1.jpg,day_sharp
CarLongPlateGen165_jpg.rf.5c28c379a0954e70d170f89437150893.jpg,day_sharp
xemay2406_jpg.rf.97ccba7f5c44d978ee25e85b9dd7a6a1.jpg,day_sharp
Cars0_png_jpg.rf.146db581100b10225cd74f8ee98ad634.jpg,night_sharp
00103aa8df33633a_jpg.rf.6e7c95e1eb6ac758f06f8e3e7c3e63a3.jpg,night_sharp
CarLongPlateGen3342_jpg.rf.f2734f31792817273a0a6787184ee4df.jpg,night_sharp
pic_354_jpg.rf.d88061a70e1ad76267ca936f98d07553.jpg,day_sharp
xemayBigPlate79_jpg.rf.a432d608f7db3f148ddff97201b72226.jpg,day_sharp
xemay658_jpg.rf.aab6006434a4d5a5b6de21e535aaabd6.jpg,day_sharp
CarLongPlate787_jpg.rf.93f7152713f7b90fb09081b3011bf398.jpg,day_sharp
CarLongPlateGen3554_jpg.rf.d144e69f9f3b5d042fab1cc311de995b.jpg,day_sharp
xemay2487_jpg.rf.f72cac922ec9723be930884e2010c6a1.jpg,day_sharp
xemay228_jpg.rf.0d657f5d0e669b78890dff65b5cc4026.jpg,day_sharp
xemay676_jpg.rf.6b054d5d91da8f5e6b7650ee0a65546b.jpg,day_sharp
xemay1796_jpg.rf.da54e17bfb36c7541b08afea030a6b78.jpg,day_sharp
pic_749_jpg.rf.456f316c955779876b48683c0984c58c.jpg,day_sharp
CarLongPlateGen1678_jpg.rf.26144a1f239bccbe80a4b4a992b72663.jpg,day_sharp
CarLongPlate594_jpg.rf.fcc617f27ea5f6107ff2ec49f92148fa.jpg,night_sharp
xemayBigPlate214_jpg.rf.fa96a3f410fa50dff393108a31357163.jpg,day_sharp
LIMES_jpg.rf.aa13794d5805c6ecb2442333fecf68b4.jpg,day_sharp
CarLongPlate321_jpg.rf.8b06cc79a7772f0e370221da847bf3ba.jpg,night_sharp
CarLongPlateGen515_jpg.rf.c3629f32e0797909693fe21dc4084122.jpg,day_sharp
Cars354_png_jpg.rf.52d6d5fb18efb7075b02ccc55c40ea71.jpg,night_sharp
CarLongPlateGen540_jpg.rf.95a8b2081c7a4ebfeb00af497e6cda52.jpg,night_sharp
xemay474_jpg.rf.55112e44f72360d89f001457cdee5178.jpg,day_sharp
xemay2088_jpg.rf.42d52d808c336f969c285bb1c2adb926.jpg,day_sharp
CarLongPlateGen942_jpg.rf.628d4121b7023a63d9fbaef12b8f791d.jpg,day_sharp
CarLongPlateGen1408_jpg.rf.ec1f66d15c805b1dec2fcae37353b77e.jpg,night_sharp
quandoi96_jpg.rf.b7c5e799f12911b0804bc9639d996261.jpg,day_sharp
xemay251_jpg.rf.76d898890d27e02a28a5eb881b2163f9.jpg,day_sharp
CarLongPlate920_jpg.rf.1c3c79f621054b840de08e39d9a53e4f.jpg,day_sharp
CarLongPlateGen335_jpg.rf.23552dfffec3639c5ae523688388594c.jpg,night_sharp
Cars1_png_jpg.rf.1ce92ce7954bfa5f7987ce29b8b3d112.jpg,day_sharp
pic_571_jpg.rf.6665b918a3d055bf7451b9f21a38646d.jpg,day_sharp
images31_jpg.rf.558e9d9016b75589363c48d57bc62952.jpg,night_sharp
CarLongPlateGen817_jpg.rf.e2d91862a44f01b1cede354e9061b068.jpg,night_sharp
xemay1151_jpg.rf.15cc31429a6fdc0eaa798f7722c495a7.jpg,day_sharp
xemay973_jpg.rf.c8bcd8904c308d9090f0348d84bf83cb.jpg,day_sharp
xemay2452_jpg.rf.f11ecb2bdedde77b57557c6314119e12.jpg,day_sharp
pic_608_jpg.rf.dedb317ca032130ddf874f934144ae7d.jpg,day_sharp
CarLongPlateGen586_jpg.rf.93b3a03d8658747d238a545efb973755.jpg,day_sharp
CarLongPlateGen2215_jpg.rf.941328d50dfa9afd7bbe741c33f67c73.jpg,night_sharp
pic_078_jpg.rf.d1156de3223672ec4677e4be0d183683.jpg,day_sharp
CarLongPlateGen2422_jpg.rf.0d6bc1bca9e0fed92f709f765f2a43f6.jpg,day_sharp
CarLongPlateGen2957_jpg.rf.d07611b5d676a9513b96349f7224949a.jpg,day_sharp
CarLongPlateGen275_jpg.rf.e6e95bdef8c042c562ec19873466c0e0.jpg,day_sharp
CarLongPlateGen3556_jpg.rf.bebf72fe77cb9e0daa04a187d974477d.jpg,day_sharp
pic_069_jpg.rf.c04b8a7ec1ec87bb8f812e2c4be5a652.jpg,day_sharp
CarLongPlateGen1320_jpg.rf.38eea0947efc470736aa50d304170131.jpg,night_sharp
CarLongPlateGen1563_jpg.rf.db3a44368c6b3f272b3ab767f854d6d2.jpg,night_sharp
IMG_7073-conv_jpeg_jpg.rf.9727dc32f2afa8357b511a3d5774fce9.jpg,day_sharp
IMG_7067-conv_jpeg_jpg.rf.39ab1f55ecd8d453109ba8eae793e283.jpg,day_sharp
Cars177_png_jpg.rf.67b7de9178e593cde8d86ec13c9a07c9.jpg,day_sharp
CarLongPlateGen3147_jpg.rf.8f45fb17120b0b7820c8b932a8f89d00.jpg,day_sharp
xemay749_jpg.rf.1024d10df935b54dc05e9c6fb53d803b.jpg,day_sharp
boderquandoi97_jpg.rf.2a4ffc34b0aa942860eb053d29e7965a.jpg,day_sharp
xemay1439_jpg.rf.d57a90c59fab454a321c1ab80cca56c9.jpg,day_sharp
CarLongPlateGen1086_jpg.rf.6c22dd8c615eec9bb8a4a0ee5480c3e0.jpg,day_sharp
license-pic-3-1_jpg.rf.3e66d2c32212c22c6ef18e2329b6f4a1.jpg,day_sharp
xemay107_jpg.rf.4af538a80013078d690ede1360ac1128.jpg,day_sharp
xemay1879_jpg.rf.56a6ba24ac0b19f4473d5efa51b2da21.jpg,day_sharp
xemay677_jpg.rf.119736f4ab39108ad22b6040130735e1.jpg,day_sharp
xemay2040_jpg.rf.42bc7b4dc604d286ee952b551cbde1b1.jpg,day_sharp
xemay834_jpg.rf.a05669fb81db30914e75761e0fa719a0.jpg,day_sharp
xemay2255_jpg.rf.621ebe925441240aa49a583ef9cbb3b8.jpg,day_sharp
xemayBigPlate168_jpg.rf.75be3f3fb1bf785ba95bde5bd8936c7e.jpg,day_sharp
CarLongPlateGen125_jpg.rf.92eefd0b7aaf0f47a9d3f1beb68575c7.jpg,night_sharp
CarLongPlate171_jpg.rf.4fc9c2464f1783538f08ecd5c2401602.jpg,day_sharp
xemay1960_jpg.rf.28dd927f049ad8aa1c366d53e469ec26.jpg,day_sharp
IMG_7017-conv_jpeg_jpg.rf.f4f9bb2e8bd432d54dfa99cee630a565.jpg,day_sharp
CarLongPlateGen1285_jpg.rf.058a54316cec4d49c281449a48fa73d2.jpg,night_sharp
xemay1632_jpg.rf.0aa01e226478d663b9d23a14b3fb921b.jpg,day_sharp
xemay1774_jpg.rf.969b2d5abefcdeaa08dacfc8b27f2dc9.jpg,day_sharp
CarLongPlateGen3657_jpg.rf.773f11e861e8ccf5aa2d5c3ef015feaf.jpg,night_sharp
pic_447_jpg.rf.cb03a7f125e3ecf89d077983e7f89044.jpg,day_sharp
CarLongPlateGen548_jpg.rf.cd3755924555e25c91eed69fe0a16edb.jpg,day_sharp
CarLongPlateGen1153_jpg.rf.ddd304429f17dfa301b5adacec7458a7.jpg,night_sharp
xemay1228_jpg.rf.a841622ae60202bf698536d8bb240eb9.jpg,day_sharp
xemay216_jpg.rf.961f7664455295803e284d5b8f9f1cf3.jpg,day_sharp
CarLongPlateGen3000_jpg.rf.3f0291b60d46f5020df228b352a80a7a.jpg,night_sharp
xemay1205_jpg.rf.41c12bd49bab62e785b15622e24d97df.jpg,day_sharp
CarLongPlateGen1571_jpg.rf.70106e7854d7fad004cc325466094111.jpg,day_sharp
xemay1686_jpg.rf.b5849df0257d01e90c28cdb458c446ac.jpg,day_sharp
CarLongPlate652_jpg.rf.3b18cfba64eb0f960584cd96a0dcee1a.jpg,night_sharp
vintagevehicle_png_jpg.rf.cc10001fa1c39f8164f726603fe3888f.jpg,day_sharp
CarLongPlate7_jpg.rf.9fa3b2b8f3a01d6bfc03e4d61785d590.jpg,night_sharp
pic_593_jpg.rf.e2374d25098638f5eb512413a578795b.jpg,day_sharp
CarLongPlateGen3610_jpg.rf.ae20dca355d0ff9b722ecfa7c0d4d817.jpg,night_sharp
xemay1300_jpg.rf.156760956f206c6ec53c728807b11f19.jpg,day_sharp
CarLongPlateGen657_jpg.rf.fbad979539ec68d01ec16610e9e04aff.jpg,day_sharp
CarLongPlate881_jpg.rf.94cd952b55c15fad965d766917eba1d0.jpg,night_sharp
CarLongPlateGen3363_jpg.rf.d056c470e4afeb4f9c8ea922c423f01f.jpg,day_sharp
pic_123_jpg.rf.01f8dffc8780b30ff4fe16d6c30f8450.jpg,day_sharp
CarLongPlateGen42_jpg.rf.55e444b59fa93167ea69bc21eea247be.jpg,day_sharp
CarLongPlateGen3510_jpg.rf.35b12cc521e06f6aa18e3339131055e5.jpg,night_sharp
xemay2473_jpg.rf.7504a198f3e62af4511bc338368da2c7.jpg,day_sharp
xemay1160_jpg.rf.87f45f55dd4a4608131fda4692823ecc.jpg,day_sharp
CarLongPlateGen2079_jpg.rf.a1ea12e793e8020f397ae887ad6dbbfc.jpg,night_sharp
Cars315_png_jpg.rf.61758bb2065aaaa9bb699b1606d61772.jpg,day_sharp
CarLongPlateGen2372_jpg.rf.60c096fbc0a215c41580e25b6dca33c6.jpg,night_sharp
xemayBigPlate21_jpg.rf.1824cbaf74e40eb0d5c4449a5671612f.jpg,day_sharp
CarLongPlateGen962_jpg.rf.3847ef84cac649fef73bac9e88903720.jpg,day_sharp
xemay2154_jpg.rf.ebd2e86d41e88b2c3ed2e76583ef74bc.jpg,day_sharp
CarLongPlateGen2617_jpg.rf.f50a547d544b5ef66c6976c8f130e14a.jpg,night_sharp
CarLongPlateGen106_jpg.rf.349881efb10a28e30ca69d743a0e4f33.jpg,day_sharp
CarLongPlateGen727_jpg.rf.14a7687b44164b2b8dd8b49fdd510282.jpg,day_sharp
IMG_7032-conv_jpeg_jpg.rf.488a2b30affa08982b8955cc5709a07e.jpg,day_sharp
xemay438_jpg.rf.ade0f333022bef0c0b4014db03e489d6.jpg,day_sharp
rotatequandoi2_jpg.rf.749a5fe4ab660a333201d3f9c2525746.jpg,day_sharp
xemay1552_jpg.rf.91a01fe43fdbc16230d8c84b0d5a0bc2.jpg,day_sharp
quandoi78_jpg.rf.44630427bfeefe5b07e74c100e14a9b5.jpg,day_sharp
CarLongPlateGen632_jpg.rf.590684eea9a06527615552effc0bd679.jpg,day_sharp
rotatequandoi81_jpg.rf.5fc2651043f4fa14d71cf3111c22371f.jpg,night_sharp
CarLongPlateGen2998_jpg.rf.4c788694df7d9a0eee7b3ef662ee1b15.jpg,night_sharp
CarLongPlateGen533_jpg.rf.4816766b9c216f6165f4f6df31a41102.jpg,day_sharp
xemay648_jpg.rf.d3349188e06acae1ea8b8964ac4447d7.jpg,day_sharp
00009e5b390986a0_jpg.rf.55e1f337c1c83840749af7c577b4057d.jpg,day_sharp
xemay1355_jpg.rf.d443ebeb506b2dd658918d3fea97c978.jpg,day_sharp
xemay126_jpg.rf.a687f9848f14a3840b00378d01521b66.jpg,day_sharp
CarLongPlate935_jpg.rf.dd614f63552987484311fdd93af92116.jpg,night_sharp
CarLongPlateGen3286_jpg.rf.fc3f0547a90c24d23c97537c93fb10c9.jpg,night_sharp
CarLongPlateGen3457_jpg.rf.8e8e2f5dcdf279d76cbe3bb825007452.jpg,night_sharp
CarLongPlateGen1532_jpg.rf.e5fba5ad261e6b336e979b1384315865.jpg,night_sharp
CarLongPlateGen2393_jpg.rf.9d1334047b086eb7954cddba611b56db.jpg,night_sharp
cropquandoi66_jpg.rf.ea1edfd120b762951ac7cf3c36d369d5.jpg,day_sharp
CarLongPlate487_jpg.rf.af749bd03b84572837877946bf6c211b.jpg,night_sharp
CarLongPlateGen1754_jpg.rf.5a24d7bdad419da6afbc5855d82297c8.jpg,night_sharp
CarLongPlateGen2904_jpg.rf.15e042a53a2223fca5dc9ad6b410e9ea.jpg,day_sharp
CarLongPlateGen800_jpg.rf.953c3586e78b6e982e810a2d831affa5.jpg,day_sharp
CarLongPlate962_jpg.rf.b62cb0dad832b0252a111cc6e8f43451.jpg,night_sharp
CarLongPlateGen3108_jpg.rf.19664279ac6a631b5410a4a04cbee520.jpg,night_sharp
CarLongPlateGen304_jpg.rf.921d2b108fa7e94beb24c78a6b5725a6.jpg,day_sharp
pic_733_png_jpg.rf.4ef9bdf26fcfad785cefeaf88e1c8ffd.jpg,day_sharp
rotatequandoi58_jpg.rf.1e49a2ad9d83838b8cd031d7c744f596.jpg,day_sharp
CarLongPlateGen239_jpg.rf.f2139930005e3f387e1dad15a3ff2950.jpg,day_sharp
boderquandoi12_jpg.rf.ddcf4ce7da260f31e36c12009a8878a7.jpg,day_sharp
CarLongPlate289_jpg.rf.5dcbc70762d7a9dd95a289eac466626a.jpg,night_sharp
CarLongPlateGen3235_jpg.rf.9da79d69747e70e07c361b75ed74e3c0.jpg,night_sharp
CarLongPlateGen806_jpg.rf.25619383f4d3cde2696791ea0d4ab0f2.jpg,day_sharp
CarLongPlateGen1263_jpg.rf.def8283ca3e179f102ebc7ca7ad379bf.jpg,day_sharp
CarLongPlateGen1170_jpg.rf.a23ff8da70b24d2b6cc9c5cb95e6fd99.jpg,night_sharp
rotatequandoi105_jpg.rf.edbc47774caf616c916142b65c93aceb.jpg,day_sharp
xemay2134_jpg.rf.b33183b68cda4fa826ad20f0c6995937.jpg,day_sharp
CarLongPlateGen2488_jpg.rf.3a1dba02175ecebe4c7764f29800fe91.jpg,night_sharp
Cars238_png_jpg.rf.dff3b28c93feabda99fc4d88d9b7129e.jpg,day_sharp
xemay1418_jpg.rf.449a65eb3b0ddc8eb2be4af38542ad21.jpg,day_sharp
xemay11_jpg.rf.5a312edcd72d5a7e99fcc6b58a44b63d.jpg,day_sharp
CarLongPlateGen756_jpg.rf.b931e57f8872e2ae24afece31bdff7a7.jpg,day_sharp
pic_483_jpg.rf.2246cc11532ca596dccc8af8edb2b028.jpg,day_sharp
CarLongPlateGen664_jpg.rf.3a9923c1909b22a289c664b23ca5b550.jpg,day_sharp
CarLongPlateGen2107_jpg.rf.32e91f7ced44d70841fb02dbf03a3c92.jpg,day_sharp
xemay689_jpg.rf.9fcd70a3d86b842ae31f86542a9c57ea.jpg,day_sharp
sdplates1-1-e1607367357982_jpg.rf.3ed4e28255fd417743c02e7a2fafee02.jpg,day_sharp
CarLongPlate521_jpg.rf.e90695e6362c8218f5a294797a268a61.jpg,day_sharp
CarLongPlateGen2535_jpg.rf.e6500efa9b01430907f27b1ab06978e5.jpg,day_sharp
xemay1993_jpg.rf.babbb675a060e60d7659f5cae7e5896b.jpg,day_sharp
pic_091_jpg.rf.95f698c2e291aa5158f970ff9fb5dcaa.jpg,night_sharp
Cars371_png_jpg.rf.9d8988efa9a4158e21a355c86779da94.jpg,day_sharp
CarLongPlateGen3191_jpg.rf.844ebde2cb1f3d2d3648691fb78b2f8b.jpg,night_sharp
xemay179_jpg.rf.2b13df05b5f91f3557d152c80e25c962.jpg,day_sharp
5c52d1a1a3106c65fff82019_jpeg_jpg.rf.ec1d5ee115ed692a5cb51c4251fc3085.jpg,day_sharp
boderngoaigiao8_jpg.rf.796bd6366b9a9988b95a00a7cca156bd.jpg,day_sharp
CarLongPlateGen411_jpg.rf.789255407dc46352e748a34f39bc8d5f.jpg,day_sharp
CarLongPlateGen2343_jpg.rf.91ddb436c87b1f58eb5f1377b06af393.jpg,day_sharp
CarLongPlateGen2876_jpg.rf.16905691ae62c7a49bff74399c3d12c8.jpg,night_sharp
xemay1720_jpg.rf.deec1fc8c823d4503f6090b99571a9b7.jpg,day_sharp
IMG_7088-conv_jpeg_jpg.rf.d9531e2f0ca77f0923b7747f3f792d6d.jpg,day_sharp
xemay1617_jpg.rf.6e1be86e534ee6236bba33fa776e0be2.jpg,day_sharp
xemay1070_jpg.rf.bbad69f8f4fd9855b93396d731ffb108.jpg,day_sharp
CarLongPlateGen3068_jpg.rf.d1d8ea7f41010692e139b379eb35399e.jpg,night_sharp
pic_119_jpg.rf.3f6d1d191b29bb2098849b37c48e98d9.jpg,day_sharp
xemay1623_jpg.rf.0214f483f62951ac439ee84c8f5d5b3a.jpg,day_sharp
CarLongPlateGen1677_jpg.rf.8604d8c7b3ec20fc3d4c3e623f20c034.jpg,day_sharp
xemay139_jpg.rf.50f8835bf9352f1b46c3d0d668485830.jpg,day_sharp
CarLongPlateGen3773_jpg.rf.2d05021a4875b3bbb2d89c249a46e179.jpg,night_sharp
CarLongPlateGen2008_jpg.rf.540ac0ccbf7aea7953e7047b719a258e.jpg,night_sharp
xemayBigPlate96_jpg.rf.fe773f53482efc8518dce205ca26692e.jpg,day_sharp
cropquandoi90_jpg.rf.41c02cf78a6249fdee1715d94a71e22e.jpg,day_sharp
CarLongPlateGen2303_jpg.rf.69732ca588968d1f6ca4d009b9c3ef0a.jpg,night_sharp
brightnessquandoi22_jpg.rf.41d85f614589e702f56978b943c68f3b.jpg,night_sharp
CarLongPlateGen3167_jpg.rf.59771056990c9da69ea035b14609e4f0.jpg,day_sharp
xemay1380_jpg.rf.70fb41ed33e342242505b6b9fc523152.jpg,day_sharp
quandoi53_jpg.rf.8723ecd0c39ca768402da95037be09d9.jpg,day_sharp
xemay2080_jpg.rf.972b7d45101cc1d249022733763950ce.jpg,day_sharp
xemay95_jpg.rf.98128e6d976c08288912879a24e62a09.jpg,day_sharp
CarLongPlateGen2387_jpg.rf.c1931d82d41e5b73aee85719a2d68b08.jpg,night_sharp
CarLongPlateGen2759_jpg.rf.7315ec74cae0ce9a963c1d7bda966c5c.jpg,day_sharp
xemay926_jpg.rf.b2a8e39918cab21ee8ace99783bfb99f.jpg,day_sharp
Cars431_png_jpg.rf.31c36995d966792e4fc33dea6f1e8bdb.jpg,day_sharp
CarLongPlateGen1328_jpg.rf.d11b14b681a18f234fca7630006f92d3.jpg,day_sharp
brightnessquandoi110_jpg.rf.c80c2c3b2f115e6ffda293397c30bed7.jpg,day_sharp
California-20Now-20Allows-20Residents-20To-20Wrap-20Their-20Front_jpg.rf.58967bbe312c49a169dda393810a8199.jpg,day_blurry
pic_505_jpg.rf.3e2e42a63149a04495c1f5c2d57610e7.jpg,day_sharp
CarLongPlateGen2489_jpg.rf.834ab2a0cdeaac42603c7d573dae60da.jpg,night_sharp
xemay1576_jpg.rf.a72d668e88d4971b4337c0191ee8dd10.jpg,day_sharp
CarLongPlateGen775_jpg.rf.20be3c99828b5167b16adf76c3714269.jpg,day_sharp
CarLongPlate106_jpg.rf.8b6b751b0aa0fe8c216c7d1577386976.jpg,day_sharp
CarLongPlateGen94_jpg.rf.191685d8b9a324400d63a869bf2d1f9d.jpg,day_sharp
CarLongPlateGen2625_jpg.rf.f25790247c0a0bea6fca5b56240455e6.jpg,night_sharp
CarLongPlateGen794_jpg.rf.0d68702307d4b286883741117cbeed03.jpg,night_sharp
5777770_jpg.rf.1c7c35be67ca34be554011643b2e744d.jpg,day_sharp
xemay2405_jpg.rf.d682e79eabb25d45668413f3c6c58b9a.jpg,day_sharp
xemay1136_jpg.rf.1198087f9565ab280d4f0e57e7870893.jpg,day_sharp
xemay294_jpg.rf.0031fcbb35a789bdd5b60b2007a825fb.jpg,day_sharp
CarLongPlateGen3744_jpg.rf.942dc45f05d27312ee1101d8c5bba384.jpg,night_sharp
xemay819_jpg.rf.df79cde8107cd3f4ea910bc97c3a24f2.jpg,day_sharp
xemay988_jpg.rf.d382923933e5be08f5320a070d3af8c9.jpg,day_sharp
CarLongPlate561_jpg.rf.5652d93b9a035808204c20aee0747111.jpg,day_sharp
xemay2054_jpg.rf.cf6d358a4fa84a3cd9d75b6a705dcf89.jpg,day_sharp
CarLongPlateGen1071_jpg.rf.02f591c886ce26664cf8cc62008d2cff.jpg,day_sharp
CarLongPlateGen2308_jpg.rf.a25680b169f4bc2c7814c190df3c5999.jpg,night_sharp
xemay1816_jpg.rf.10cc2e66af093b38e659a8130e5c8f1e.jpg,day_sharp
CarLongPlate409_jpg.rf.bdda6885db0fd2233a470ca2ebdeb700.jpg,night_sharp
CarLongPlateGen3537_jpg.rf.34154180c58741bdaa9a81573a453289.jpg,night_sharp
xemay575_jpg.rf.be8fbf0f6cfdc82f5f8e846c782b21ba.jpg,day_sharp
Licence-20plate-20thieves-20use-20expired-20plates-20to-20cover_y_jpg.rf.5e2a7cc2458ab1b3574752e6853e70f0.jpg,day_blurry
CarLongPlateGen2895_jpg.rf.48426ce3eb8de927f832cdaead98cc17.jpg,night_sharp
pic_422_jpg.rf.3001ad6daeeced38525412842880d351.jpg,day_sharp
CarLongPlateGen3517_jpg.rf.437b55e2cb14d3cae31daf929265de21.jpg,night_sharp
xemay2469_jpg.rf.e488fb8ccf836cc6cc23e384b7998958.jpg,day_sharp
xemay844_jpg.rf.11c571089adc82b1b4983f78b86a8ae3.jpg,day_sharp
CarLongPlateGen1220_jpg.rf.97535e829321800949286e995ce5a5d2.jpg,day_sharp
images22_jpg.rf.9230ef0016f5d7edd5548256842598c3.jpg,day_sharp
xemay2198_jpg.rf.7b5e351132a7970cd2c5cd45215d2e42.jpg,day_sharp
xemay826_jpg.rf.4b396e237b70bd3d4f97a8062ad5c75b.jpg,day_sharp
xemay128_jpg.rf.3309b27070840161c7bf4e372ccb6823.jpg,day_sharp
xemay1390_jpg.rf.e97a059c67519ad98372549a765df759.jpg,day_sharp
CarLongPlate261_jpg.rf.bd6e16dffb07193feefe37f67a834540.jpg,night_sharp
P09408_jpeg_jpg.rf.8d74a10f6fafbf54a308a1b292aa64ea.jpg,day_sharp
CarLongPlateGen1671_jpg.rf.045ab5e7cc24411258c406277a26e446.jpg,night_sharp
CarLongPlateGen891_jpg.rf.366a78f6b3c5583cfc6bfafcf8b6003c.jpg,day_sharp
xemay663_jpg.rf.b64fb098b72f36b99f1ebc866a8988cd.jpg,day_sharp
CarLongPlate400_jpg.rf.778e3427792a88b3fa16557b9a8e2e11.jpg,day_sharp
CarLongPlate542_jpg.rf.6c7a4cab6c7f21c3bd66ce51e620aa8b.jpg,day_sharp
CarLongPlate815_jpg.rf.b1c684a3c4754a5804779a73cb26b57c.jpg,day_sharp
cropquandoi63_jpg.rf.f589c4cfff2cb88414f1b311a43823ff.jpg,day_blurry
xemayBigPlate74_jpg.rf.2c40b34b8d1748bfe5b5c132cdce008b.jpg,day_sharp
CarLongPlateGen2112_jpg.rf.6eab33b99f9bac5ce984ff6f078576b0.jpg,night_sharp
CarLongPlateGen3890_jpg.rf.4594e8387a0a794952f4a6764245d690.jpg,day_sharp
boderquandoi0_jpg.rf.3ac282e9b9a571c3a71b3d9d205f9c65.jpg,day_sharp
CarLongPlateGen3858_jpg.rf.dbb4ebf2e8a1c33c0579d1d55bf09cf2.jpg,night_sharp
CarLongPlateGen1601_jpg.rf.2dc68a9a5ef310c30e8165e437cd5309.jpg,day_sharp
CarLongPlateGen3261_jpg.rf.d1d8b0bd1fc63c76c1a612f6f8d6bdfe.jpg,day_sharp
xemay1195_jpg.rf.ab64779b241b1f58c5a2d36f0b6f1d46.jpg,day_sharp
CarLongPlate635_jpg.rf.a0aa985db4451e2507cd840090659f57.jpg,day_sharp
CarLongPlate969_jpg.rf.247f10727e737f434f0a064a3f92f04d.jpg,night_sharp
xemay2295_jpg.rf.4908ac23209023d04f3b135f7e21b2ec.jpg,day_sharp
xemayBigPlate179_jpg.rf.0e940086bdcbe1aa1fe8a399b55c07bd.jpg,day_sharp
CarLongPlate838_jpg.rf.8865d607976ad03171bc9a4ede00593a.jpg,day_sharp
CarLongPlateGen3785_jpg.rf.5b4e23ac2fe75b0e45cb9b82790afee3.jpg,night_sharp
pic_290_jpg.rf.a844d5d1e90dabca0030042dca2791e3.jpg,day_sharp
xemay1943_jpg.rf.2c79ed6d680a1a7e32cf3295e014beb3.jpg,day_sharp
IMG_7077-conv_jpeg_jpg.rf.b090bf10a56c8c39b258e0e198fba891.jpg,day_sharp
CarLongPlateGen2498_jpg.rf.4d0b0b9c63ea40a9d7af9f3241a79217.jpg,night_sharp
CarLongPlate630_jpg.rf.1ca7ccbd7635f30fcc142d59d7bf5d90.jpg,day_sharp
xemay746_jpg.rf.d55983f7ae9ff80e4485802aadc63af3.jpg,day_sharp
CarLongPlateGen3840_jpg.rf.dd36b39801a65aaaa7899cee12667079.jpg,day_sharp
xemay1946_jpg.rf.1966f96183c7672a549d38d18d656fb2.jpg,day_sharp
CarLongPlateGen3483_jpg.rf.f60dd107efd24f354116b321271df89a.jpg,night_sharp
CarLongPlateGen3240_jpg.rf.74b7180c81e5f086c1a9bd39cdda9dc6.jpg,day_sharp
CarLongPlate873_jpg.rf.f77c0c601cdd79569953f1215ef95445.jpg,day_sharp
CarLongPlateGen1061_jpg.rf.8411b608882e06f915082d46c01757a0.jpg,night_sharp
Cars122_png_jpg.rf.5578e2a014faef769739d6d814d60656.jpg,day_sharp
License-Plates-Texas_jpg.rf.2ba6675cc2919ca461912bb0b3d9e512.jpg,night_sharp
CarLongPlateGen903_jpg.rf.f6c29004218b94ab78a34870905c04a4.jpg,day_sharp
CarLongPlateGen2034_jpg.rf.f8fa659516d5bdc915826689792cbab8.jpg,night_sharp
CarLongPlateGen1383_jpg.rf.4e5ca7f9b770960cab7612c7287ee6d3.jpg,day_sharp
CarLongPlateGen913_jpg.rf.c9b26bf041b14593bf56133e74569bee.jpg,night_sharp
xemay775_jpg.rf.9343d61453a870f6a215d1876957d39d.jpg,day_sharp
rotatequandoi23_jpg.rf.a579111b4a55dbb3cc39af2aad5cd5e9.jpg,day_sharp
CarLongPlateGen1431_jpg.rf.ea6e44cc2356335252bb5a63e1c9b4c6.jpg,night_sharp
CarLongPlateGen10_jpg.rf.47abac646c915dca6fc4498f73cb2c91.jpg,night_sharp
CarLongPlate298_jpg.rf.b54ec63ad50fcc90512f73e7ec3de41c.jpg,day_sharp
CarLongPlateGen66_jpg.rf.6eeda00e7a6b13840de0bdca5be3caad.jpg,day_sharp
IMG_7045-conv_jpeg_jpg.rf.e8cf74aea813cf470146ee1eed53effd.jpg,day_sharp
pic_309_jpg.rf.97328dd3173338dcd1a0c6c5b750d117.jpg,night_sharp
xemay21_jpg.rf.5966aeb55ba45177453d378c150903e2.jpg,day_sharp
CarLongPlate229_jpg.rf.1b564f5c52a363c4449abf6bab595f22.jpg,day_sharp
xemay1893_jpg.rf.8e9ceef65b117a7fc71315816b44c24e.jpg,day_sharp
CarLongPlateGen452_jpg.rf.2203161a33cf8f3ed5a55a081cfa8116.jpg,night_sharp
xemay1874_jpg.rf.6eb9f11f6c8a00b12f190b35c1620d00.jpg,day_sharp
CarLongPlateGen3346_jpg.rf.268a60f14f5349764dbb77b557908799.jpg,night_sharp
002b11030ee89858_jpg.rf.d8abd50a4d4ccdd7783c026152be33b1.jpg,day_sharp
d5f4069e6734ac06_jpg.rf.64e25f60fedaacda846522359c93e2d5.jpg,day_sharp
xemay2355_jpg.rf.6c6743fd84d16c04eb54c9d48df4543f.jpg,day_sharp
pic_099_jpg.rf.fbf56ca9658ffc41720a6fb0ee0b38d8.jpg,night_sharp
CarLongPlateGen2566_jpg.rf.622172674bd6c047e2c33a3f6a41c272.jpg,day_sharp
Cars380_png_jpg.rf.fe7ee46f740139a1bfc49b6f09607ea3.jpg,day_sharp
0391227c3d684643_jpg.rf.068a6787f2a4b8b9e6d114e5e96a057c.jpg,day_blurry
CarLongPlate175_jpg.rf.58e8e7445f2b02b6434102164e60db41.jpg,night_sharp
xemay1784_jpg.rf.73239766043d9e449c9ca82163946d40.jpg,day_sharp
xemay2257_jpg.rf.af35221fda2a0f1cbff4fcc1a87508bc.jpg,day_sharp
CarLongPlateGen2630_jpg.rf.86cce2883670a8a695e9a71dcf346d45.jpg,night_sharp
xemay2000_jpg.rf.14ad9c9883d902606c0564b074ae754a.jpg,day_sharp
CarLongPlate538_jpg.rf.26da888d74b7e483c287477bdb33c13b.jpg,night_sharp
xemay1549_jpg.rf.a8e81c9db2eae0786a46e2585d3d96da.jpg,day_sharp
xemay1537_jpg.rf.f6330555427095d94a1213a4192be81a.jpg,day_sharp
CarLongPlateGen1371_jpg.rf.2adb48b09311f92d882302736974b59c.jpg,day_sharp
CarLongPlateGen2202_jpg.rf.cc337b78dd6a35c218ae295d08d3202a.jpg,night_sharp
CarLongPlate124_jpg.rf.751db226317dffa193b6bb534571b66e.jpg,day_sharp
CarLongPlateGen890_jpg.rf.ab615bda59ca0e2f0ae90e6e2176e475.jpg,day_sharp
pic_132_jpg.rf.5aecb40ea6e5aa50862a7d8cda8821da.jpg,day_sharp
pic_207_jpg.rf.f66f49403c41af21ab9469fa895f5810.jpg,day_sharp
xemay691_jpg.rf.e34f0d53aa3e44742f4ca9412d613d18.jpg,day_sharp
xemayBigPlate7_jpg.rf.ea64aef307d1ac5dc5fddee48571e751.jpg,day_sharp
xemay89_jpg.rf.1e827eac808cd2f4d32974c52b9ce086.jpg,day_sharp
xemayBigPlate91_jpg.rf.ab40d8fa046df5a70549b555cb38c72b.jpg,day_sharp
rotatequandoi20_jpg.rf.00d853a0cfcf9f80d1d685acb2667c92.jpg,day_sharp
pic_322_jpg.rf.00e960902fd462011384424046ff4016.jpg,day_sharp
001065dbc46c29c8_jpg.rf.3a37bc6962d0436241621e82b7c25c2a.jpg,day_sharp
CarLongPlateGen1110_jpg.rf.de35f3a0d4708475f12a4a90fbe2f341.jpg,night_sharp
CarLongPlateGen853_jpg.rf.76c827a08a309ef3cf002b2defb4d692.jpg,day_sharp
xemay1256_jpg.rf.edab993c96ce9b16792bcc17e5526c56.jpg,day_sharp
CarLongPlate69_jpg.rf.3f1be27ddd4fb3e0f5841cb3f5fa7fa4.jpg,night_sharp
CarLongPlateGen1091_jpg.rf.3f4883e7694dec9cd1dc01dae4ffe4f2.jpg,day_sharp
xemay1161_jpg.rf.d7f8f5629d6e1d1087084bc877392d3b.jpg,day_sharp
pic_574_jpg.rf.39f838e017fb5567472d1fb375789a10.jpg,day_sharp
CarLongPlateGen1087_jpg.rf.67386d11b41955f1cb65f7d73cc700c4.jpg,day_sharp
CarLongPlateGen3727_jpg.rf.09ca350d7f70baa980c716eb7811446d.jpg,night_sharp
CarLongPlateGen3841_jpg.rf.50182e4205cccc835e700c0217d0179e.jpg,night_sharp
CarLongPlateGen989_jpg.rf.dcad52841d4f72906c1eb28a398fc8b8.jpg,night_sharp
CarLongPlateGen1051_jpg.rf.9dc7457a8805a3fd3cd3946320561fbf.jpg,day_sharp
CarLongPlateGen3001_jpg.rf.34d9b8d1f26b62de07c403213b56ae75.jpg,night_sharp
CarLongPlateGen728_jpg.rf.d7b1622927843e1f66f79a4523e10a4f.jpg,day_sharp
quandoi17_jpg.rf.f092fa678d49ed3609f9b7180f3c9799.jpg,day_sharp
IMG_7036-conv_jpeg_jpg.rf.0f33f4cadc193a512cd4bf838aece1f2.jpg,day_sharp
xemay2484_jpg.rf.edd9c819f67c7090f3437ac2d646e209.jpg,day_sharp
CarLongPlateGen1765_jpg.rf.be2cdb3f467e117d2302cac4effcd7d2.jpg,night_sharp
CarLongPlate941_jpg.rf.7f84848b1cf2063ad9cc4760ef276e26.jpg,night_sharp
rotatequandoi4_jpg.rf.bba6e3dfd506fa2fb35569331e051197.jpg,day_sharp
xemay2081_jpg.rf.0b0bc148f318df9931f040d1458e83e8.jpg,day_sharp
xemay789_jpg.rf.5a3c91545b82bbe1abe4575932ab91a6.jpg,day_sharp
CarLongPlateGen2815_jpg.rf.9aba135f08a3acaace2cc56e6de37e16.jpg,night_sharp
CarLongPlateGen3371_jpg.rf.7274729f79480d200ac4cf49549ed208.jpg,night_sharp
CarLongPlateGen1692_jpg.rf.c3a59769f261413d2864801d0c69457f.jpg,day_sharp
How-20to-20Find-20OSINT-20Data-20on-20License-20Plate-20Numb_jpg.rf.a27a70ba135691326ef78e1b15265252.jpg,night_sharp
CarLongPlateGen1599_jpg.rf.f4124b31d1b6ac8474e353f0e037a7e7.jpg,night_sharp
CarLongPlateGen645_jpg.rf.f203fd9e1f8e077d4fef716ffa744c8d.jpg,day_sharp
CarLongPlateGen1657_jpg.rf.2c022380198216a92ae2fb98a128ec87.jpg,night_sharp
xemay2190_jpg.rf.caf37543df9c0cc14c064a45e932cac6.jpg,day_sharp
xemayBigPlate52_jpg.rf.46a3d2e21a0970e7be692fae9b61a437.jpg,day_sharp
Cars407_png_jpg.rf.926191e8b903c83d3877761d8ae3f58f.jpg,day_sharp
xemay1997_jpg.rf.0a44573b7864d49d7a5341d7e4cba83d.jpg,day_sharp
CarLongPlateGen835_jpg.rf.56729f67486144ce26ac6268bd413089.jpg,night_sharp
CarLongPlateGen703_jpg.rf.8738abf9a05f2c6c7cb09c2976181328.jpg,night_sharp
CarLongPlateGen3374_jpg.rf.560dca80f35cdffbef0e88efe92dc09c.jpg,night_sharp
xemay53_jpg.rf.c5616037cceb48a9665644ebac14f9dc.jpg,day_sharp
Cars421_png_jpg.rf.e2e8bd2a4fe1fe2783f49f8b98e929b1.jpg,day_sharp
21-Placa-2BGUERRERO-2BAutomovil-2BHCK-99-99-2BGuerrero-2BCumple-2BClavado-2BLa-2BQuebrada_jpg.rf.c9bfcb2d0cd8223181cea82a7bb3a072.jpg,day_blurry
CarLongPlate117_jpg.rf.45f85070765c82bcf624dbd943906432.jpg,night_sharp
CarLongPlateGen3880_jpg.rf.80d239811f0426c4db82b0e276bed20f.jpg,day_sharp
quandoi22_jpg.rf.b980f709e53102073b0798e10ec8112b.jpg,day_sharp
xemay1397_jpg.rf.b8b5013042ec1b3ff7fff015c8738545.jpg,day_sharp
pic_745_jpg.rf.c4be39c1d2394fa5ae8ebebabbab4f94.jpg,day_sharp
CarLongPlateGen3717_jpg.rf.3cbe715ab14e5ffbfb7f72276e53e85c.jpg,day_sharp
CarLongPlateGen2692_jpg.rf.36628431307b45cf682feb789ca4d0f9.jpg,night_sharp
xemay2041_jpg.rf.a3d85fa07fb7be0c101247617b012f47.jpg,day_sharp
CarLongPlateGen148_jpg.rf.304397904cebd7101f905f1ca2042c91.jpg,day_sharp
Cars387_png_jpg.rf.59695efda0c16b39423dab3c2e7be35f.jpg,day_sharp
CarLongPlateGen566_jpg.rf.0e9a6a0546872464745fed15bae2fdc4.jpg,night_sharp
xemay1034_jpg.rf.3e46bbbaff75efa740ba440ef04c638f.jpg,day_sharp
CarLongPlateGen2479_jpg.rf.476be36b2227361309b7f5e256b4d187.jpg,day_sharp
CarLongPlateGen2191_jpg.rf.6d68fa72bd1d64dbde4009f8c995a56d.jpg,night_sharp
CarLongPlateGen3740_jpg.rf.81adeaf1307797671d2aca86a07b7fe8.jpg,night_sharp
CarLongPlateGen3409_jpg.rf.84bb5b8c188955a6925846758b3e98d9.jpg,night_sharp
CarLongPlateGen707_jpg.rf.4b0ec836bb84f4e9d00a01a1ce4ff675.jpg,day_sharp
CarLongPlateGen3062_jpg.rf.5e3248f63cf6419add89ddfea699e2fe.jpg,night_sharp
xemay12_jpg.rf.0de7e2df5a99ce6c5a0119a3345a7c35.jpg,day_sharp
xemayBigPlate134_jpg.rf.46c271d4db82c402dec8e71eeb7975ed.jpg,day_sharp
CarLongPlateGen3263_jpg.rf.394c12beb99a79bcc5b7fc482f8e6e60.jpg,night_sharp
xemay45_jpg.rf.d3acee45c054a874fc94b6763c98dae6.jpg,day_sharp
CarLongPlateGen689_jpg.rf.56ede4ecb29b66914b1c993c9743abdd.jpg,day_sharp
CarLongPlateGen1041_jpg.rf.e8bfa2efa27ad1deffd4977a75edc63e.jpg,day_sharp
CarLongPlateGen1526_jpg.rf.45ffb68194df82737d75fbb5d56ddeee.jpg,night_sharp
CarLongPlate486_jpg.rf.778e5611bea7d48d1a1f55030f8e247b.jpg,night_sharp
image8_jpeg_jpg.rf.cd40f2f600ab61adc51295cc9f7ae882.jpg,day_sharp
pic_506_jpg.rf.1878e6020cf427cc933f274aeaf3c911.jpg,day_sharp
rotatequandoi24_jpg.rf.5e6c30b8ca69baefad1aacf161ac7981.jpg,day_sharp
cars1_jpg.rf.07465713cc33312a897f3561e26dbbd4.jpg,day_sharp
CarLongPlateGen1734_jpg.rf.945935163fdfcc98c06f0aa8ed050c97.jpg,day_sharp
xemay1591_jpg.rf.00a8214f12254032a5fe5457cd9bd88b.jpg,day_sharp
CarLongPlateGen2297_jpg.rf.425cc49005fadeed8438961c272a047c.jpg,day_sharp
xemayBigPlate5_jpg.rf.448fd8de410a5051c746bc35dfb9b0ac.jpg,day_sharp
xemay1547_jpg.rf.4cff4657d83404c1a6ee4c0fca535b04.jpg,day_sharp
CarLongPlate451_jpg.rf.a6291bbe93e5dba4de9510842cdcc32b.jpg,night_sharp
815VNV_jpg.rf.0600912cd452b2857f85db1083474196.jpg,day_sharp
xemay768_jpg.rf.8b65abe31c7775624f302a69632debcd.jpg,day_sharp
CarLongPlateGen3075_jpg.rf.ae241a63e6a73707cbc3d76531e3d838.jpg,day_sharp
CarLongPlateGen1161_jpg.rf.904ca571ff74bc87f702e6a10ad140ed.jpg,day_sharp
cropngoaigiao8_jpg.rf.188ed40b4b48741ce43e203452872787.jpg,day_sharp
CarLongPlateGen3084_jpg.rf.ed2a07f992c7532b73db2f5761f32975.jpg,night_sharp
CarLongPlateGen3697_jpg.rf.2a216bf77cdf2a42d57c6f64ab071114.jpg,night_sharp
pic_629_jpg.rf.c72f7e9682e56bc27756ec67a7be605d.jpg,day_sharp
CarLongPlateGen517_jpg.rf.9b8ac0dbf51afa004b6e21418759e47d.jpg,day_sharp
xemay1806_jpg.rf.693bf22721eb5b0c1e127b437203fd45.jpg,day_sharp
xemay2470_jpg.rf.0abd98dff851de9e594ff84dab43c817.jpg,day_sharp
pic_512_jpg.rf.002d153e8e148884964279b5c4ab4914.jpg,day_blurry
CarLongPlate928_jpg.rf.47a6e5d11575bc77f3a8bff500079cd0.jpg,day_sharp
GN64OTP_jpg.rf.79f82320ea1ed09b6eca472d8808ef49.jpg,day_sharp
00f7e34cb220ddbc_jpg.rf.3cff86854ffa4f2ca24b02bc9684fa4c.jpg,day_sharp
xemay817_jpg.rf.243f50fcc59a6b1426d941d7f475c8c0.jpg,day_sharp
cropquandoi24_jpg.rf.a112a4a25d881cbd6c3e28e845067d34.jpg,day_sharp
CarLongPlate584_jpg.rf.eb55a32fbaaa04db42d66f24db2a8f61.jpg,day_sharp
xemay835_jpg.rf.832a4495360ddba1fc2ade5aa1afd1ec.jpg,day_sharp
CarLongPlateGen1547_jpg.rf.c174fc3b7fe11dab4aa791a71cf705cf.jpg,day_sharp
xemay1171_jpg.rf.0f5a0bb5d1e571b890e4e3bee495e1fd.jpg,day_sharp
Cars391_png_jpg.rf.033b6c596c79ef3332be709e48d9e244.jpg,day_sharp
CarLongPlate651_jpg.rf.11706970ac16382f83e3ed1d576e73c7.jpg,day_sharp
CarLongPlate555_jpg.rf.cff9295cb63926d17e54514b2b63d191.jpg,day_sharp
quandoi65_jpg.rf.8be89bfaa74d440b8ab7a4ca00d9f562.jpg,day_sharp
xemay1280_jpg.rf.061fe0dbc7e47ed3627564d1474148d1.jpg,day_sharp
xemay618_jpg.rf.63409af9e703ecf78c4862b81b33c5e7.jpg,day_sharp
CarLongPlateGen1954_jpg.rf.015c8615e3c0700e231053c82dd26a32.jpg,day_sharp
Do-20All-20Cars-20Have-20License-20Plate-20Lights_-20-20Car_jpg.rf.6026e802e827baa6678c7cfaf43c9e43.jpg,day_sharp
xemay1847_jpg.rf.ed165b107855464a84cd34b496a99e88.jpg,day_sharp
CarLongPlateGen2823_jpg.rf.cd80e49fe77e4e65e045a93595d60021.jpg,night_sharp
xemay22_jpg.rf.1c5fc15b99c70f9725919e75d9177421.jpg,day_sharp
IMG_7028-conv_jpeg_jpg.rf.4f924269bb5861ab876cd38acde02a05.jpg,day_sharp
xemay2279_jpg.rf.e82104901d5a8b654d383f0dc2ce0207.jpg,day_sharp
xemay1607_jpg.rf.3a0053bbd51e20a6b4fa3961e9e2e68c.jpg,day_sharp
CarLongPlateGen1633_jpg.rf.d01f17c2521473a4bb0ce3fcfb6f67f1.jpg,day_sharp
CarLongPlate31_jpg.rf.39d059c9f659e7d7b98146e751ab6391.jpg,night_sharp
xemay2003_jpg.rf.86bfa2c20162f0aeb509020eacbf7f28.jpg,day_sharp
xemay423_jpg.rf.d727f1f4c2d4e63d9e178f37494dc561.jpg,day_sharp
CarLongPlateGen3547_jpg.rf.430f2e0caaeb9ed96748840dd91274bd.jpg,day_sharp
CarLongPlateGen1876_jpg.rf.18ffb77028e24b49debc966172a993de.jpg,day_sharp
xemay657_jpg.rf.daa22d67498dd17eb295f376c10b7174.jpg,day_sharp
xemay163_jpg.rf.5f674d2859fa978a06dd08e4e990b6c7.jpg,day_sharp
cropquandoi21_jpg.rf.91286b9bd2d74e960125a352a3d0ec3f.jpg,night_blurry
mbinations-on-vehicle-license-plates-taipei-shutterstock-editorial-10753910g_jpg.rf.22306e7b532d7a60716c0839e26ad16b.jpg,day_sharp
xemay697_jpg.rf.ce03de93cce35ab3d04cf1403d146220.jpg,day_sharp
CarLongPlateGen1807_jpg.rf.b5c5089775c562870dfbbdaf8e5574e8.jpg,day_sharp
CarLongPlateGen2390_jpg.rf.18d8de3466843be3e730c054f4f0cb16.jpg,night_sharp
boderquandoi98_jpg.rf.432b7cfffbab8d8f360f4b0f610caafc.jpg,day_sharp
CarLongPlateGen705_jpg.rf.f55265b36fe04f0ef5100f389d17c7f9.jpg,day_sharp
xemay1473_jpg.rf.de8093d46327b27bc5196927b7d996c8.jpg,day_sharp
CarLongPlate268_jpg.rf.e2b485295dc445fa0e52fb8df3b24157.jpg,night_sharp
xemay1953_jpg.rf.abfc01bb488c5e4c4f6a48f6bf45901c.jpg,day_sharp
CarLongPlateGen2442_jpg.rf.c34d7211e7cdaae79a4e7057404081bc.jpg,day_sharp
xemay4_jpg.rf.34c60bd0dda1201da5c5905026904a16.jpg,day_sharp
xemay1672_jpg.rf.7420fda4c75323e9abe5e4529d573528.jpg,day_sharp
CarLongPlateGen861_jpg.rf.f687cc05e5443683cfed955c4fc61ef5.jpg,day_sharp
CarLongPlateGen1830_jpg.rf.9653c715cd0803271f631d742746a3ef.jpg,day_sharp
rotatequandoi80_jpg.rf.ecc7e38b137fc4cdc5318d829799d9fc.jpg,night_sharp
xemay283_jpg.rf.a9ae55e9001b5f0adcda8fed2c9eea5a.jpg,day_sharp
CarLongPlateGen1310_jpg.rf.354698f661efc9b25c13f5168144e4f3.jpg,day_sharp
CarLongPlateGen1753_jpg.rf.9c430cc8c135e584e127f3796262f325.jpg,day_sharp
000883b46adeca7e_jpg.rf.0481a03a5252317ab988c3f096b7bc58.jpg,night_sharp
xemay1594_jpg.rf.7dbb3423843cf73bee0437df1ad05ec7.jpg,day_sharp
xemay2483_jpg.rf.bf577f8030af94d4103034b60c430b3c.jpg,day_sharp
CarLongPlateGen1878_jpg.rf.3e4375d7a18e7bbad52f3cc5e46411ec.jpg,day_sharp
quandoi31_jpg.rf.b3da8c68cfbfbf3289fcc4699b50c610.jpg,day_sharp
xemay80_jpg.rf.b042e6ae6dde4910c37908900cb108f4.jpg,day_sharp
xemay303_jpg.rf.6912cad91d20b55058315d2c28260a56.jpg,day_sharp
CarLongPlateGen2286_jpg.rf.93810114e0091051a942f716f38b4265.jpg,night_sharp
xemay180_jpg.rf.00efae44c499f94667041cb349e088a5.jpg,day_sharp
xemay1415_jpg.rf.cd1a7c1c11253863e2f21d886a4e8d0b.jpg,day_sharp
CarLongPlateGen1084_jpg.rf.be182857f189fcb58e7750badb519daa.jpg,night_sharp
xemay2368_jpg.rf.e014587e983adb393cff3fa585e7ce43.jpg,day_sharp
CarLongPlateGen3828_jpg.rf.01992d705a9689587ad1726a01b42165.jpg,day_sharp
CarLongPlateGen574_jpg.rf.cb51e1c6e02a89a97a3d8e5119c7aaef.jpg,night_sharp
xemayBigPlate138_jpg.rf.ade4cfd2cb86f0a24e2567b7b363c6f8.jpg,day_sharp
xemay464_jpg.rf.dadaf08b2c71156ffe0013f7a87e26c4.jpg,day_sharp
CarLongPlateGen3394_jpg.rf.f980334e972b93ca2620d28234b37da7.jpg,night_sharp
xemay1947_jpg.rf.64e2958eaf091c80cff804a5a9582724.jpg,day_sharp
pic_703_jpg.rf.29a56a3b25732d482485f534977be451.jpg,night_sharp
rotatequandoi85_jpg.rf.63a7078490bcb871731cc20ca82e4d78.jpg,night_sharp
xemay2362_jpg.rf.d74807e900faf3fb265619632398f9dd.jpg,day_sharp
boderquandoi104_jpg.rf.b2634252d623ca2a116fe08a76531c92.jpg,day_sharp
AI-20License-20Plate-20Readers-20Are-20Cheaper-E2-80-94So-20Drive-20Caref_jpg.rf.482dca087423363b91e411872e7f784f.jpg,night_sharp
CarLongPlateGen3442_jpg.rf.614f35f3e41c08d26b361d7b85c8bf10.jpg,night_sharp
xemay1548_jpg.rf.b54a9fe17f95e562a2482b6585e8e2ad.jpg,day_sharp
CarLongPlateGen2179_jpg.rf.52472e9e2094e9910531ed85c40c7fa1.jpg,night_sharp
ngoaigiao3_jpg.rf.3312230ba36b39faf756f8ac5703e279.jpg,day_sharp
quandoi13_jpg.rf.455644adf91428cdab13169be018fc01.jpg,day_sharp
CarLongPlateGen3094_jpg.rf.742e33910240a8c8d30330b3a29d63d6.jpg,day_sharp
CarLongPlateGen3553_jpg.rf.d1ab17104970af556efcc73a5e8ee90f.jpg,night_sharp
CarLongPlateGen2248_jpg.rf.cb800d5c0927d58b18b9219c9ea9b5bd.jpg,day_sharp
CarLongPlateGen2450_jpg.rf.4d5dc84c9fae7f05e73211440d1ab840.jpg,night_sharp
xemayBigPlate63_jpg.rf.dfe57ea4a30dca59eb0ab7a5be51e78f.jpg,day_sharp
CarLongPlateGen3701_jpg.rf.01c0b9f5c17682409e4cbf5ac22ce93c.jpg,day_sharp
CarLongPlateGen3367_jpg.rf.8f111df8a97cc2777efd07552af87f21.jpg,night_sharp
rotatequandoi8_jpg.rf.0091be24510938a40678bc93207d8f08.jpg,day_sharp
CarLongPlateGen1852_jpg.rf.2b28f720cfee0afe19548c6f5112b25e.jpg,day_sharp
CarLongPlateGen3099_jpg.rf.8fcd25bc31cec050c34e585ead28c7ca.jpg,night_sharp
pic_614_jpg.rf.ee8a4dca3ef734d47751a1dd3be4f588.jpg,night_sharp
CarLongPlate14_jpg.rf.7eefb489829905a5c1afd01354b486ef.jpg,night_sharp
CarLongPlateGen2676_jpg.rf.687550094faf8450653f3c8de684a552.jpg,night_sharp
xemay2422_jpg.rf.50aa8bfea66919af58c1f6af464b989f.jpg,day_sharp
boderquandoi29_jpg.rf.5505ccbfaf7e1af373ba63d83aa90794.jpg,day_sharp
xemay1931_jpg.rf.d8eba95b44b73a5a8a1e45678edf3a76.jpg,day_sharp
01e2315172fea9e4_jpg.rf.53ba976bc1adf549b3d2c4808beeb217.jpg,day_sharp
Cars144_png_jpg.rf.9e7addcf4549d99247c4693b17b413d3.jpg,day_sharp
xemay476_jpg.rf.09eb5d192742bcf8ef2b1614bda508a6.jpg,day_sharp
pic_352_jpg.rf.3afc2fbd6b46cb3fe4d0580bcbef7c96.jpg,day_sharp
xemay1956_jpg.rf.2525027e4bb574ef11162e1703c4642c.jpg,day_sharp
brightnessquandoi38_jpg.rf.df5fc268f5e60924412d3b0ad41f3455.jpg,night_sharp
xemay1979_jpg.rf.ded4e2b3b72ec118a1d931398d563b29.jpg,day_sharp
CarLongPlateGen569_jpg.rf.e6b703e18569b2228164dac5c11d6922.jpg,day_sharp
pic_411_jpg.rf.c0cf0b76be25d722c08344b380f41168.jpg,night_sharp
xemay1851_jpg.rf.aef1e56a228368b3b0520e432fb08bd6.jpg,day_sharp
CarLongPlateGen2101_jpg.rf.0076eeb7dde2ef7f7d02c0906b646922.jpg,night_sharp
CarLongPlateGen2713_jpg.rf.101fcc7320c5cae26710897396adfa47.jpg,day_sharp
CarLongPlateGen1029_jpg.rf.c3778fa94fce185f66442956f865b712.jpg,night_sharp
CarLongPlateGen1939_jpg.rf.651ec31c4aa353a36ad0bfbaca9b5bb2.jpg,night_sharp
CarLongPlateGen2134_jpg.rf.a0b020c485e646e9af0a3e8c13e5cb8c.jpg,day_sharp
CarLongPlate443_jpg.rf.0975cb0523b3af80d1223642f67b4da5.jpg,day_sharp
CarLongPlateGen3233_jpg.rf.8e5cd1f2b4eccf61167014e585676f6d.jpg,day_sharp
CarLongPlateGen2292_jpg.rf.b7212e543da13e45bceb9563fa3128ae.jpg,night_sharp
xemay1106_jpg.rf.70e0e3cd7ed36b40b3152dd5ba55a508.jpg,day_sharp
WhatsApp-Image-2022-04-04-at-2-25-07-PM-2-_jpeg_jpg.rf.8535a9102fba9717e55970d2dfc00b57.jpg,night_blurry
xemay809_jpg.rf.45c27e6be885191177be8002313cea4d.jpg,day_sharp
rotatequandoi32_jpg.rf.f1211ef21054c31ef639a90040e3efb4.jpg,night_sharp
CarLongPlateGen2660_jpg.rf.d736e75edb10940f0299f1f2b7082241.jpg,day_sharp
CarLongPlateGen1537_jpg.rf.888e12ef9bc1e9c2ff9f1e8c6888efab.jpg,day_sharp
CarLongPlateGen3123_jpg.rf.3be936a5d0e9c6fa8baa46854b62fbea.jpg,night_sharp
CarLongPlateGen3472_jpg.rf.25aef087e59529ed0592c6938b611df4.jpg,day_sharp
brightnessquandoi79_jpg.rf.bbd9dd53f50cb04fc7ce766e6593d399.jpg,night_sharp
CarLongPlateGen3440_jpg.rf.73055442fbdfdf718e88994088a0dca0.jpg,night_sharp
HA5AWPUSWVADLIMATWWLDE454U-JPG_jpg.rf.7142a25e51240cd8a3ad2a2723e42a92.jpg,night_sharp
cropquandoi43_jpg.rf.6c2ab71bad736e38071619ec712226c8.jpg,night_sharp
xemay1611_jpg.rf.a4bf4214700c706ec0f4e439feb667e4.jpg,day_sharp
xemay1861_jpg.rf.ac01c6c852c63e57ee28b45af0bf92e7.jpg,day_sharp
CarLongPlateGen2983_jpg.rf.0f745709149c8597d162d22ec13170c7.jpg,night_sharp
CarLongPlateGen3008_jpg.rf.081f13f9bee68c881927b854fe065eed.jpg,night_sharp
xemay326_jpg.rf.34965511fbed47d00712f732b47fd3b5.jpg,day_sharp
xemay1019_jpg.rf.31ed4bceeb6fae8e075fbcbae4510b67.jpg,day_sharp
CarLongPlate624_jpg.rf.6e37046ac012c17fb270e9289b81728e.jpg,day_sharp
CarLongPlateGen863_jpg.rf.de39954b7b7f1ec82ecdf27b67aaa8f8.jpg,day_sharp
CarLongPlateGen491_jpg.rf.17a2820ce67f492d218cb296b7c2e00f.jpg,day_sharp
pic_537_jpg.rf.2e1ebd16380c2b3f769d40b5e50242fe.jpg,night_sharp
P05578_jpeg_jpg.rf.b8837855187262959a0e9d599f3ae878.jpg,night_sharp
brightnessquandoi63_jpg.rf.466e98198cb65b06f4a71de2893c4e46.jpg,night_sharp
pic_553_jpg.rf.2bed98e2c077afdaa99a1b81f203291a.jpg,day_sharp
CarLongPlateGen3619_jpg.rf.19346edefc621ca73c88addc2386da8f.jpg,night_sharp
boderngoaigiao15_jpg.rf.f235dc3a6291aa5cf2174a88931a2da7.jpg,day_sharp
xemay595_jpg.rf.6b1eeae207b46871f05436b8df330ad8.jpg,day_sharp
CarLongPlateGen2791_jpg.rf.c925550d9829a442e9b02a91008d20e3.jpg,night_sharp
CarLongPlateGen3530_jpg.rf.a1c012d4390a656582d8274f9e3a43fa.jpg,day_sharp
xemay821_jpg.rf.d286a7785d59fd25fb481fd8704760ca.jpg,day_sharp
xemay355_jpg.rf.903f6cca3989abec6e16b70ab35ebcd0.jpg,day_sharp
CarLongPlateGen1497_jpg.rf.1c3bf1728c28342c833c1798799b5feb.jpg,night_sharp
CarLongPlateGen661_jpg.rf.db7d0f041d47185b0319b158b2460caf.jpg,day_sharp
quandoi87_jpg.rf.f9a5ba4b4760e6108fba1d9f2822baed.jpg,day_sharp
CarLongPlate627_jpg.rf.3cab8938962c438b685aa96582f64a3b.jpg,day_sharp
CarLongPlate157_jpg.rf.bd564721ef57ee259098151061f9de24.jpg,night_sharp
CarLongPlate468_jpg.rf.cf1d1c6e4a87381ef2ff0f9225717bab.jpg,day_sharp
CarLongPlateGen2691_jpg.rf.632dffad0bddffe86cb360471619046e.jpg,night_sharp
pic_208_jpg.rf.28cbfa8bea2e0b0d2d22da8ee5431968.jpg,day_sharp
CarLongPlateGen478_jpg.rf.02a226b46b7980e0b41083bced7abd2d.jpg,night_sharp
CarLongPlateGen1904_jpg.rf.e96ee4fb4fb1d601071d368704795c63.jpg,night_sharp
CarLongPlateGen1879_jpg.rf.33fbeb5b485c117af9db1a5c7ae8879b.jpg,night_sharp
xemay401_jpg.rf.34a10eaaf39ac320f5f14fa378696d8d.jpg,day_sharp
CarLongPlateGen384_jpg.rf.6d7a9e218496046f4cdf4f3ab181d78d.jpg,day_sharp
xemay1710_jpg.rf.1345d56b08ab1a881987b36f03993235.jpg,day_sharp
xemay1984_jpg.rf.88ea3c8444f54487768faff38a62722a.jpg,day_sharp
boderquandoi35_jpg.rf.44de822444cdcb5ed69fc2a915836a1f.jpg,day_sharp
xemay338_jpg.rf.82f35132aa157e477de736969d1a85b9.jpg,day_sharp
xemayBigPlate95_jpg.rf.d46c2c33ab58b8ee8bd2023f34af4ec0.jpg,day_sharp
xemay667_jpg.rf.4357d84557be47be652bd07a22be3812.jpg,day_sharp
CarLongPlateGen3803_jpg.rf.33afdf0f73e0e4268de16fcc7e9170f7.jpg,night_sharp
CarLongPlateGen197_jpg.rf.0b547bffc3feb146fdd22803dcb5daee.jpg,night_sharp
FD1475_jpg.rf.221e3909da55b5321212d55643dd8d07.jpg,day_sharp
CarLongPlateGen3489_jpg.rf.ebdf1c816b46ad46faa5b6216874bac6.jpg,night_sharp
CarLongPlateGen3042_jpg.rf.e161d58a917122cea64e9413255eccea.jpg,night_sharp
CarLongPlateGen15_jpg.rf.e2b498a9b77f9fcc9177d31e5ed7ae5f.jpg,day_sharp
00ceeec7002bace0_jpg.rf.79178a5bfbb460e0e701b318b1e3f371.jpg,day_sharp
0383ef3303d4c1d1_jpg.rf.0e75993a107175cb907f2be778b00f53.jpg,night_sharp
xemay535_jpg.rf.49b052f81720fd59fc49f7a7de83ae51.jpg,day_sharp
CarLongPlateGen2235_jpg.rf.36a75800e647d4926b9f8b4bd835c502.jpg,night_sharp
CarLongPlateGen840_jpg.rf.6f618b698c9f77c7c396a62247e0c8dc.jpg,day_sharp
CarLongPlateGen914_jpg.rf.928cf54671dbfed6e3f5d7228d82612f.jpg,night_sharp
pic_599_jpg.rf.b21ad59cec732c96fc196b61938058d6.jpg,day_sharp
BT63UYN_jpg.rf.eccd9e084448d49bbe850712408ee8a3.jpg,day_sharp
xemay1033_jpg.rf.45f347304b86b19ceaf40e63169038cb.jpg,day_sharp
pic_438_jpg.rf.53b937038234dd74c9a10f01259cda40.jpg,night_sharp
CarLongPlateGen360_jpg.rf.14fd3f366fb9f69157b00ff1dfd6f987.jpg,night_sharp
CarLongPlateGen2507_jpg.rf.bcbdf2626dd8a68f754280a7d09184c1.jpg,day_sharp
xemay494_jpg.rf.c7ef5f61ef241bcf7e651a35e30e59fe.jpg,day_sharp
CarLongPlateGen3052_jpg.rf.5bd8e257d0c5b9cdde8ffe05f82fac9a.jpg,day_sharp
lede-licenseplates_jpg.rf.b3f4e18f23c8600b362e0b85ae272a38.jpg,night_blurry
cropquandoi76_jpg.rf.ac809acc9c6d1483839d0dd185b2c862.jpg,night_sharp
CarLongPlateGen2989_jpg.rf.665028b6c45b02889cf9304c8d16b265.jpg,night_sharp
27-PLACA-GUERR_jpg.rf.5c19498fe65b4ccc3cd3da7636fcd5da.jpg,day_sharp
xemay1512_jpg.rf.727dfbe2ead0e68bdb5581bbc3182e15.jpg,day_sharp
CarLongPlateGen337_jpg.rf.7af7770d0f53ee3c3f8e987d04ba4ff5.jpg,night_sharp
xemay622_jpg.rf.6e13a26218001a518f9e403d5560e124.jpg,day_sharp
CarLongPlateGen1402_jpg.rf.1c5f57806d1a48348cedf17439a76f62.jpg,day_sharp
pic_255_jpg.rf.15526e8cfa69a74887652f540f2b99bd.jpg,night_sharp
xemayBigPlate174_jpg.rf.e6a5ea438c525f899afa0dedd6054f97.jpg,day_sharp
CarLongPlate756_jpg.rf.36a92e47ba85e95d96975c8bd4d5aefa.jpg,night_sharp
Canadian-20military-20vehicle-20license-20plate-20_-20In-20Canada_jpg.rf.823cc2c75bdfdc942aa7024670befb0a.jpg,day_sharp
CarLongPlateGen2982_jpg.rf.1c6e675dda6db824e43b82d076434b63.jpg,night_sharp
CarLongPlateGen398_jpg.rf.f4956c61c6217ae4b0b7c02b0151c060.jpg,day_sharp
IMG_7023-conv_jpeg_jpg.rf.3f71480db68ccb8a9657f9e4c0d0cf7f.jpg,day_sharp
CarLongPlateGen2115_jpg.rf.f2389a65d0a3cbab74a79267a5bd0331.jpg,night_sharp
CarLongPlateGen2698_jpg.rf.8296f5487a9d51e34cc7e0be322d9706.jpg,day_sharp
CarLongPlateGen3459_jpg.rf.ef527d517569e399720e2c686d429e63.jpg,night_sharp
xemay1618_jpg.rf.ef2219f2bc1fb8ba812ec6d312614460.jpg,day_sharp
pic_040_jpg.rf.d1e208a49347dd9bdf115ce95cc85f1f.jpg,day_sharp
xemay1196_jpg.rf.ddbf4ba172f26e50028f6df3730ca818.jpg,day_sharp
CarLongPlate211_jpg.rf.b79aa105b3d78785cfb542aaf1796fc2.jpg,night_sharp
CarLongPlateGen3306_jpg.rf.b3f9f82eb1cf80c0641c45b29e9bc5a9.jpg,night_sharp
CarLongPlateGen2738_jpg.rf.3932d26372be9e1d216bb95b2e3e57fc.jpg,day_sharp
xemayBigPlate39_jpg.rf.c6d70b0d911e92a801bcabd77c41f6d5.jpg,day_sharp
CarLongPlateGen507_jpg.rf.225f2065b26fe133e47c40987a08ae30.jpg,day_sharp
xemay1444_jpg.rf.57a87bfa4d64002d996b2c206c1a5260.jpg,day_sharp
xemay999_jpg.rf.cfd4856a9bcab12fc2360ee7575233b2.jpg,day_sharp
CarLongPlate560_jpg.rf.5152cbac76bd2aeb4f23304d10e44e78.jpg,day_sharp
CarLongPlateGen2419_jpg.rf.4bccc3bb08c9c5ab043d4e574feb1fd0.jpg,night_sharp
CarLongPlateGen2049_jpg.rf.29181a4b46cf2e8814bc9d1ebf2622c2.jpg,night_sharp
pic_063_jpg.rf.f4c0ab62392ee8066b41d58a854e400b.jpg,night_sharp
xemay1739_jpg.rf.d0c319a5a4b5bc9b4de981d29c89de0c.jpg,day_sharp
rotatequandoi99_jpg.rf.77a027e071d966a1ee5895f301b98299.jpg,day_sharp
cropquandoi79_jpg.rf.2fbf5f61ac65a3c07b05618079c85dd1.jpg,day_sharp
CarLongPlateGen2798_jpg.rf.24be683c40c9cbefc95ed2a295fdb99a.jpg,night_sharp
xemay2090_jpg.rf.d55c59c6431139975d791e4d41bc37cf.jpg,day_sharp
xemay1531_jpg.rf.29a22a7067e8f24dc366bf5a696b6bbe.jpg,day_sharp
CarLongPlateGen3585_jpg.rf.e35042d8df6264cdecbb89a528028ad4.jpg,night_sharp
pic_110_jpg.rf.4f69f9dcdc6029978722dcd6f3d8fd9a.jpg,night_sharp
CarLongPlate583_jpg.rf.1c811598382b303ca5e3ce291034859c.jpg,day_sharp
pic_527_jpg.rf.bb822e1f5873baab710b715dbd139bf1.jpg,day_sharp
Cars316_png_jpg.rf.8713dde944f47221e96c0f841925e3ad.jpg,day_sharp
xemay1282_jpg.rf.80c08965b8f63d8e91f645ad6efcee66.jpg,day_sharp
xemayBigPlate0_jpg.rf.5c8b9949c3cb7609ded0800d97f86fc5.jpg,day_sharp
xemay975_jpg.rf.5b470c4f6dccb29350f6bcff90dc5173.jpg,day_sharp
CarLongPlateGen857_jpg.rf.897967a3bc4f16dbf8dbf53abe901dc8.jpg,day_sharp
cropquandoi26_jpg.rf.d37e69611a7a1131154b15a1bf3a1ebe.jpg,night_sharp
xemay1135_jpg.rf.c4552eb7493ec805da9b2e5ece41990c.jpg,day_sharp
Here-20Are-20the-20Cars-20With-20the-20Vanity-20License-20Pl_jpg.rf.397bc81a049ae3d2e2d644c010b17573.jpg,day_sharp
xemay1206_jpg.rf.5a209e7be896d388b529ab08c12e5a75.jpg,day_sharp
xemay617_jpg.rf.855023270c9aa7c4ea14b647a546d2b5.jpg,day_sharp
xemay1283_jpg.rf.0379eaeea847d9be3c9096fe6e171c21.jpg,day_sharp
xemay200_jpg.rf.eedf5ae64523fba5bfb4edcf23062741.jpg,day_sharp
xemay2207_jpg.rf.7c4ada8a5ffd7eec442b0767da0c6171.jpg,day_sharp
rotatequandoi50_jpg.rf.fcc6a91af1b79436df370a07040d00ad.jpg,day_sharp
pic_320_jpg.rf.390dc32dce5d74496e0882e36e414ef1.jpg,night_sharp
CarLongPlateGen1626_jpg.rf.7edf2f48b6b300739b359dc9c015d788.jpg,night_sharp
xemay1627_jpg.rf.c61819c330a82499437a2785987d56d9.jpg,day_sharp
CarLongPlateGen1369_jpg.rf.b0e7f60cf42866c7228b4c0d19d34dd3.jpg,night_sharp
pic_316_jpg.rf.4601f13492dc9262e6778f1b81c525e2.jpg,night_blurry
CarLongPlate392_jpg.rf.25a88357babdae336284c6889b30fb8b.jpg,day_sharp
CarLongPlateGen735_jpg.rf.2ba3ea0348faf7966026374598176419.jpg,night_sharp
CarLongPlateGen1100_jpg.rf.036c41017a1724ee0c118526fed11ead.jpg,night_sharp
CarLongPlate870_jpg.rf.c5b550a64f38d83cbe03f8fa17e9c3d6.jpg,day_sharp
CarLongPlateGen3289_jpg.rf.af059b887d77a1c307e2826bc5dad60c.jpg,day_sharp
CarLongPlateGen950_jpg.rf.0fac758130170f99193c031cdeb1d80f.jpg,day_sharp
CarLongPlateGen1422_jpg.rf.e556cafd3a14499f79c008d399317f1c.jpg,night_sharp
xemay1523_jpg.rf.13a0cc5bc724e0f76383efd47f81e370.jpg,day_sharp
Cars199_png_jpg.rf.f8ef500ed8baf4d718c861e102b48998.jpg,day_sharp
xemay1717_jpg.rf.ebad28480a1c8a410df06418311187db.jpg,day_sharp
IMG_7043-conv_jpeg_jpg.rf.102a799fb9c4eec5b334264fdf4f7f75.jpg,day_sharp
CarLongPlateGen136_jpg.rf.cab365052fc3c51e2676fbf1943524a2.jpg,day_sharp
xemay2299_jpg.rf.683f7b331abae249bb0d717e526caf89.jpg,day_sharp
00f04d8a2225b873_jpg.rf.049602dc4c8b5289bff0928cf51c4112.jpg,day_sharp
CarLongPlateGen1751_jpg.rf.868eeefe0b68e93f838377d7304b4209.jpg,day_sharp
xemayBigPlate20_jpg.rf.8025920bd26b655bee0cc62323936763.jpg,day_sharp
cropquandoi3_jpg.rf.1051393b571078476988b5065a86a2d3.jpg,day_sharp
brightnessquandoi66_jpg.rf.148c87653defa8263011f69b3f086287.jpg,day_sharp
CarLongPlateGen3875_jpg.rf.93ce701879e4047dcbaa1892bff61044.jpg,night_sharp
CarLongPlateGen2758_jpg.rf.3fb2da00d3edf309dd4b1ef315290072.jpg,night_sharp
CarLongPlateGen185_jpg.rf.28d427bd87388337a1a5c3daed61884c.jpg,day_sharp
CarLongPlateGen1380_jpg.rf.c1365cb57eb3809921989773d17697f4.jpg,day_sharp
xemay1010_jpg.rf.eb9e60c1cf19d9ce7d459f735a8ede34.jpg,day_sharp
xemay1838_jpg.rf.79579eeefb7c996c3f66269d207641a6.jpg,day_sharp
CarLongPlateGen654_jpg.rf.ee888383f0875d1b21311ea3299dd95d.jpg,day_sharp
100-5511a16d17590bae54e20c7fbc3499f1-license-plates-crafting_jpg.rf.473a38213530b6f6b5f43e6cf8bd9996.jpg,day_sharp
CarLongPlateGen2999_jpg.rf.5a96c2f56f676d598f7a33a9b1fb53fe.jpg,day_sharp
xemay1934_jpg.rf.ee86e9822622ccf8f14f7e09e8f3bda3.jpg,day_sharp
CarLongPlate284_jpg.rf.42c6dc82689edc5797f936514e127f8d.jpg,night_sharp
CarLongPlateGen1027_jpg.rf.fe4ab3dfd85e4561614fec6e402039ff.jpg,day_sharp
CarLongPlateGen282_jpg.rf.c3f96c6873a6864cc3c52bb132c2b84b.jpg,day_sharp
xemay2097_jpg.rf.b110b27816fc06700d2b44266b29562a.jpg,day_sharp
3-D_NQ_NP_862473-MLM31170298229_062019-W_jpg.rf.2ed30c0b0b069c9a556794c1a940ebc6.jpg,day_sharp
CarLongPlateGen3655_jpg.rf.68241e45bdf9f4404f9936162360147e.jpg,night_sharp
CarLongPlate292_jpg.rf.17452995c713dc404477b01934da0c28.jpg,night_sharp
CarLongPlateGen724_jpg.rf.e6b6adfc57bcf4f2d124c9b19385259f.jpg,day_sharp
CarLongPlateGen2633_jpg.rf.e055ce881a0b78be31844dbc910db68c.jpg,night_sharp
CarLongPlateGen365_jpg.rf.2c4ea7c77926d8e895008bab96edb169.jpg,day_sharp
1649292507298_jpg.rf.90185be7fc9eb3cbe6faebdfcceab848.jpg,day_sharp
xemay305_jpg.rf.0f8c2e9f5bd2cfda8e1bbadd3bad2356.jpg,day_sharp
pic_200_jpg.rf.4ada76924df88948067ff35ccaeb8998.jpg,night_sharp
xemay2273_jpg.rf.8d8e8b85524fd58afaee5ecf49a5512f.jpg,day_sharp
CarLongPlateGen2544_jpg.rf.954d8d244dcd7144dd1f8f5f8ed68ed2.jpg,night_sharp
CarLongPlateGen2951_jpg.rf.7208076715c936b0a578608a7a3138be.jpg,night_sharp
CarLongPlateGen2820_jpg.rf.65f86c2191f81feb947e6aafc3c93017.jpg,day_sharp
xemay678_jpg.rf.863818277b9777a892ba539c3eb4392b.jpg,day_sharp
CarLongPlateGen139_jpg.rf.8a6199aa0f0b2ba955b808932c161375.jpg,day_sharp
CarLongPlate998_jpg.rf.fb4c4ae00e7c68d39001e76d88b07a18.jpg,day_sharp
image18_jpeg_jpg.rf.5f7f6c86f26273176ed226bcfc2d5586.jpg,day_sharp
xemay1167_jpg.rf.e099e92857310622b6de1e249ff450b0.jpg,day_sharp
xemay2025_jpg.rf.e09b55beff4cdc5041cc83f29f296abb.jpg,day_sharp
xemay1182_jpg.rf.574118eab6160a33fbb5df9aebf820e6.jpg,day_sharp
CarLongPlateGen1489_jpg.rf.fe8f5929ed65cf6f8b2dbd40267e1800.jpg,night_sharp
CarLongPlateGen184_jpg.rf.56da4fe160478d79ae4b8c68668e8020.jpg,night_sharp
brightnessquandoi102_jpg.rf.340e6ce86bd92308682de490f74b6c66.jpg,night_sharp
CarLongPlateGen1444_jpg.rf.49c91992c40f6839d3f180b480787a61.jpg,day_sharp
CarLongPlate743_jpg.rf.d47d9298afa4a5d472763dbbb1b01e37.jpg,day_sharp
CarLongPlateGen613_jpg.rf.1891d5abff85aa9e99f2fca7b075d872.jpg,day_sharp
CarLongPlateGen3794_jpg.rf.375f1e3cfb442aa9abbd5f0003cdb279.jpg,day_sharp
CarLongPlateGen3337_jpg.rf.b5c085f565f6a782320566fbd3ecc6dc.jpg,night_sharp
pic_721_jpg.rf.4c7a07ea0707664cd78af5858040ffec.jpg,day_sharp
ngoaigiao13_jpg.rf.7970dad9ba65eae2a52de4f20b26c2da.jpg,night_sharp
CarLongPlateGen3118_jpg.rf.bf1bbc66e84568a9ad1af277f9fd674f.jpg,night_sharp
Cars205_png_jpg.rf.90ee3b16ae27bda20b0b6b87cc6e5f8c.jpg,day_sharp
CarLongPlateGen3857_jpg.rf.76249518fd9fc36911026065e63fdb84.jpg,day_sharp
CarLongPlateGen2866_jpg.rf.d7e45a1f98358a0adb23a349eb63b18f.jpg,night_sharp
75-800px-1963_Louisiana_license_plate_16-2C000lb_tractor_jpg.rf.c28306b3835353c11a370c3dbbb7a7cb.jpg,day_sharp
xemay224_jpg.rf.0230108726cf58a4acb2f9dfa937a9c3.jpg,day_sharp
CarLongPlateGen3317_jpg.rf.322831a47d5cb289b996ded0364894f0.jpg,night_sharp
CarLongPlateGen997_jpg.rf.b8bcce14f32311eb77a4fce7e379c4b6.jpg,day_sharp
quandoi25_jpg.rf.d6d575b963065c3addbe47132fdecf97.jpg,day_sharp
xemay1759_jpg.rf.a0b46c067697a7cacd4657d6baa1cd0c.jpg,day_sharp
CarLongPlateGen3348_jpg.rf.d71651269a21bad7134db4b268f9190b.jpg,night_sharp
CarLongPlateGen2667_jpg.rf.3ba840c768f3aaff5b8f728ea3a2e611.jpg,day_sharp
CarLongPlateGen1360_jpg.rf.005c12f7433325c29c4e5862024a31e0.jpg,night_sharp
CarLongPlateGen394_jpg.rf.b3d2af8f8db9f5d25b575afcf178dbac.jpg,night_sharp
xemay500_jpg.rf.d8a37922e9290bbaa3e2af7bc86d0d19.jpg,day_sharp
xemayBigPlate183_jpg.rf.c43bd306a4efd1b1f65f9286a8220f9f.jpg,day_sharp
xemay956_jpg.rf.595b4c087daff257d9b0d4e6f5378205.jpg,day_sharp
CarLongPlateGen2418_jpg.rf.472a46db58d13f8086ac3194cde98639.jpg,night_sharp
CarLongPlateGen3826_jpg.rf.01629e62eb97cdde02626486b8888fc4.jpg,night_sharp
Cars299_png_jpg.rf.3390d6ace99b9b3e256b132db7a57606.jpg,day_sharp
CarLongPlateGen2829_jpg.rf.8be65daba6f0f239adad5f606f00b37b.jpg,night_sharp
CarLongPlateGen1641_jpg.rf.b828dcd4b08ccb8702820076f6f7d0a8.jpg,day_sharp
CarLongPlateGen284_jpg.rf.51aa35c55c46a59aae8b2e0b12c6cfbb.jpg,day_sharp
CarLongPlateGen1106_jpg.rf.f9d7dfddbcedd08abdd97f7fa24487e6.jpg,night_sharp
brightnessquandoi25_jpg.rf.2ba257d66888055ec975b8dc2551a0c3.jpg,day_sharp
pic_093_jpg.rf.4c43515ddd51489a62e9b85cc004358c.jpg,day_sharp
CarLongPlateGen170_jpg.rf.73429a01451b8ad047fd73b2446e78d3.jpg,day_sharp
images4_jpg.rf.80ee3a4dcdbbcc567dc2013a9e34386f.jpg,day_sharp
1649292507320_jpg.rf.6cd7e2152bb79686a5acfa4c34b50869.jpg,day_sharp
ngoaigiao5_jpg.rf.0fcd40e5dedf9409b0828e3cabfd657d.jpg,night_sharp
0007870724402b51_jpg.rf.1ceafeb0b6c0956dfad10c25489da3d8.jpg,day_sharp
CarLongPlateGen477_jpg.rf.8de15908a02f5a328eca884d1184c8d5.jpg,day_sharp
CarLongPlateGen1266_jpg.rf.d613a5f4d5d8ad2263e8ee0ad6bb1954.jpg,day_sharp
22-placa-guerrero-06_jpg.rf.224291ea82e2b1261d9bf1cce50965bc.jpg,day_sharp
CarLongPlateGen2249_jpg.rf.3f289a51d33c5049a5dd62a61865c2c0.jpg,night_sharp
pic_085_jpg.rf.24284c08df9b72fce7388bdcc5b98829.jpg,night_sharp
CarLongPlateGen3101_jpg.rf.77b4f26d7606fa1d0ed42f11c54d01c2.jpg,night_sharp
xemay256_jpg.rf.28e313d5aa28dc454e67937e91e771a6.jpg,day_sharp
boderquandoi5_jpg.rf.0a603d3bbcc5d49df5001975b446228a.jpg,day_sharp
xemayBigPlate154_jpg.rf.679dd2b8b1608ddf9b0bd06ddd0918f7.jpg,day_sharp
40-800px-Mpumalanga_license_plate_jpg.rf.f883dcca724b88d9a54872860001fdbd.jpg,day_sharp
CarLongPlateGen631_jpg.rf.9a87ac84a5c3a505c4250ceb66cd1471.jpg,night_sharp
xemay232_jpg.rf.252cc5d41aabe5d4a9b71dcfd583bc98.jpg,day_sharp
xemay613_jpg.rf.cdc325e4a05ef953abdbae40c2f07fda.jpg,day_sharp
CarLongPlateGen845_jpg.rf.7ae3b34b4729b7745ea1d91cf9850ad4.jpg,day_sharp
xemay2313_jpg.rf.21f9676a101c553aa85acc3c59e2f99a.jpg,day_sharp
CarLongPlate735_jpg.rf.38a3a02d3991fe7b845af51c401eff7f.jpg,night_sharp
CarLongPlate855_jpg.rf.f583682a2e18ee57ef4e797f3b23f659.jpg,night_sharp
xemay1925_jpg.rf.178569e64af8340945ec1925552f60e7.jpg,day_sharp
Cars258_png_jpg.rf.0ab08566d07e89ca1ca87a7e8985d9df.jpg,day_sharp
Cars219_png_jpg.rf.30e560105950fc416c5bb7befd637736.jpg,night_sharp
CarLongPlate345_jpg.rf.422026b387e3c46eac644076dbd645a1.jpg,day_sharp
xemayBigPlate8_jpg.rf.00bd210115d8908cc6532a6aec80c897.jpg,day_sharp
CarLongPlateGen3776_jpg.rf.f3acd6513e04b21ef22765dc0e26fa89.jpg,night_sharp
xemay665_jpg.rf.41ef7b79a839fceb548b72b47ec05f60.jpg,day_sharp
CarLongPlate340_jpg.rf.499f429d4933b7054a4b5e16d4e89f49.jpg,night_sharp
CarLongPlateGen2853_jpg.rf.ef341167a06a758ae95c9f4be8a1df94.jpg,day_sharp
xemay1604_jpg.rf.ffa4a71e5a5da97e64e895f6bd266957.jpg,day_sharp
CarLongPlateGen2804_jpg.rf.a4b82c7f860d01cf0529154cade587aa.jpg,day_sharp
CarLongPlateGen1597_jpg.rf.d1c52c8367aeca8212639a35597878b0.jpg,night_sharp
CarLongPlateGen1987_jpg.rf.f813801303f651361dd587cdfc9dcb3e.jpg,night_sharp
CarLongPlateGen435_jpg.rf.ff1283e3e9b2e428729c348e220c5889.jpg,day_sharp
CarLongPlateGen606_jpg.rf.6fb02b0d717922135f88af9c3755fa4c.jpg,day_sharp
xemay828_jpg.rf.286d27a2eb55a4033136cabc37ed1338.jpg,day_sharp
xemay86_jpg.rf.b4348551cd78d8830e87ac8def5bcf0e.jpg,day_sharp
CarLongPlateGen3220_jpg.rf.f02e1f1c0c17a442e8ae4392f7c95e99.jpg,night_sharp
02dbae76d89c9284_jpg.rf.8d16f1ae69cb750866af90d8bc15724a.jpg,day_sharp
CarLongPlateGen2723_jpg.rf.abbf96815613ea5dab9e39b22d295083.jpg,night_sharp
CarLongPlateGen1067_jpg.rf.159a0b0620b6f023f269ee512ac544c2.jpg,night_sharp
xemay1194_jpg.rf.cdc4fdfb718afa4ed12c0e88b97e3082.jpg,day_sharp
CarLongPlateGen1534_jpg.rf.9a8fe06bb4001fabbec25809b456caab.jpg,night_sharp
CarLongPlateGen834_jpg.rf.48e495d90602dc71f0284d88e3ee3b84.jpg,day_sharp
CarLongPlateGen3658_jpg.rf.7c3b36fdde7891bc1f25b7d60bb56007.jpg,night_sharp
pic_750_jpg.rf.ce4c745ae0b01d813b83782f4e627b74.jpg,day_sharp
Cars253_png_jpg.rf.334895806a605cf717425add43361190.jpg,day_sharp
IMG_7052-conv_jpeg_jpg.rf.1278e6c5e5c4563602f7dd50ceed94cd.jpg,day_sharp
pic_009_jpg.rf.74f7d192296cb211afe3f94777d5e34c.jpg,night_sharp
CarLongPlateGen1291_jpg.rf.e732ced036dc58c3c5604c92ccdb575f.jpg,night_sharp
brightnessquandoi42_jpg.rf.89e3d6b53d61df4cb16ade08ec09780d.jpg,day_sharp
CarLongPlateGen2647_jpg.rf.2401f4eaa22cd786406b22a47ae6c50b.jpg,day_sharp
pic_601_jpg.rf.58b3274aeda86cf6787eb1cb60b2459b.jpg,night_sharp
CarLongPlateGen3502_jpg.rf.b25c8ef815bf40dea2b4003b8259ea39.jpg,night_sharp
CarLongPlateGen3604_jpg.rf.c4f8fc791cd6f650c66c2a6bb4d78a93.jpg,day_sharp
CarLongPlateGen2295_jpg.rf.38634c4a11a982a8b58437a2247942bf.jpg,day_sharp
pic_655_jpg.rf.073114d83c8ee07532552cf34f3fe603.jpg,day_sharp
CarLongPlate337_jpg.rf.8c6987bdf03d39b44f9d966a55f3df34.jpg,day_sharp
xemay48_jpg.rf.94a76598a2aac270b35d04e737fa7bd2.jpg,day_sharp
xemay1361_jpg.rf.b994d5091d9fd42537d5137a8a855430.jpg,day_sharp
CarLongPlateGen20_jpg.rf.967030fc145ec5025332ae1ff06e006e.jpg,day_sharp
CarLongPlateGen380_jpg.rf.0d8e54707ff10f6fe9e2b7f660837bc4.jpg,day_sharp
CarLongPlateGen1059_jpg.rf.25c464baea919fb245d63ef29b400af8.jpg,night_sharp
pic_324_jpg.rf.937643a1169d61764c0cd81911c82f08.jpg,day_blurry
xemay196_jpg.rf.eef8f6c918e67a5824a38cd8fe192cd3.jpg,day_sharp
images28_jpg.rf.b2dec8b1281cf6d2e0840b23f36ec82e.jpg,day_sharp
xemay1952_jpg.rf.6a0d0a074ac697030a8ea408cef60998.jpg,day_sharp
xemay1128_jpg.rf.0fac3e4046d305cbf63989e6a8c2bce7.jpg,day_sharp
xemay1642_jpg.rf.42ca630b860affee795ab56a0ebf9386.jpg,day_sharp
CarLongPlateGen2135_jpg.rf.f47511e13b8e3a4da2eb57b7f6249e24.jpg,night_sharp
xemay2421_jpg.rf.09cfe8ad479c64b37e2fd0c06ad54a24.jpg,day_sharp
xemay1688_jpg.rf.325fdcda44038e3f31181aa6e21e547f.jpg,day_sharp
Cars77_png_jpg.rf.9e4fd00a7d0d7b5bbc79c74396b1e2c6.jpg,day_sharp
xemay1221_jpg.rf.af541fc0d492f69cb820102456aa99d0.jpg,day_sharp
xemay103_jpg.rf.2cad6436126612f906b7a1969cc9b1bd.jpg,day_sharp
CarLongPlateGen1868_jpg.rf.5e076b6386b50c305f8ef4da1b4b9547.jpg,night_sharp
CarLongPlateGen252_jpg.rf.922a857af696ba60cdc2a4c8126000a4.jpg,night_sharp
005ced5a9813fb0f_jpg.rf.5f1258b45463841fb1d42698c5e7fdfe.jpg,night_sharp
xemay192_jpg.rf.02fbcd88df784005521a9cec526d0373.jpg,day_sharp
xemay1529_jpg.rf.e84a9a4c9e6cf8b7bae2903818f8e7fb.jpg,day_sharp
CarLongPlateGen2927_jpg.rf.45f618dcc0c6e3a0a51a187b1006d2f2.jpg,day_sharp
Cars63_png_jpg.rf.bba5df1de50c5fbdf8fb827e55ac31c5.jpg,night_sharp
CarLongPlateGen76_jpg.rf.4e93016306db686f10df20c6bb14e4bc.jpg,day_sharp
CarLongPlateGen2739_jpg.rf.f8713035acea3c0bb9c04df519201c60.jpg,day_sharp
xemayBigPlate64_jpg.rf.557da8a3ce1c3cd35387efe2ff1836c9.jpg,day_sharp
xemay803_jpg.rf.689a8b46857fa6295453ee9657c5b89b.jpg,day_sharp
xemay1597_jpg.rf.a696a2563583517542b6583b223286d4.jpg,day_sharp
brightnessquandoi44_jpg.rf.72fdc24038052979e99edbd425824f2e.jpg,night_sharp
xemay1186_jpg.rf.a8b3f664e89f1379c543f99bdd7000d5.jpg,day_sharp
xemay1047_jpg.rf.708fe292303aed218523d2cbcce87e96.jpg,day_sharp
xemayBigPlate1_jpg.rf.0620960c7ac5a12b99ad37ac81dfff22.jpg,day_sharp
CarLongPlateGen3038_jpg.rf.027dd6a1ae7364fcc8a0cc994c74ced7.jpg,day_sharp
CarLongPlateGen2767_jpg.rf.8c9e2cdf413f2439feaf740133e58cbe.jpg,night_sharp
CarLongPlateGen201_jpg.rf.6344f69de8dab55b7e1cf2522fbd159f.jpg,night_sharp
30-1024px-1963_Texas_license_plate_jpg.rf.05101e993cd93857c146862429454d69.jpg,day_sharp
xemay992_jpg.rf.14ad721b6a09338ffbbde3a3dafbe2d2.jpg,day_sharp
CarLongPlateGen694_jpg.rf.ce82409c0d55f19ed2ab6fd3c9a64127.jpg,day_sharp
CarLongPlateGen271_jpg.rf.14989ef18f1df5c3c49920ec35b79f57.jpg,day_sharp
CarLongPlate80_jpg.rf.d1c180073c62e79b70d65678aafbbc06.jpg,day_sharp
CarLongPlateGen1458_jpg.rf.85c0f56c2e05b6b4b94e6be2d5490cf4.jpg,day_sharp
CarLongPlateGen1409_jpg.rf.a8ca5cb7f52b5f5f8015bc89ec9b7172.jpg,day_sharp
CarLongPlateGen2777_jpg.rf.90fb373ce684b34d794a9fbff123d6aa.jpg,day_sharp
CarLongPlateGen3629_jpg.rf.e4d8d84a70ea566bb89cf5cff24dedcc.jpg,night_sharp
CarLongPlateGen3304_jpg.rf.6091818def57a1c27500e711bec80271.jpg,day_sharp
CarLongPlateGen1243_jpg.rf.4a1d19fbec36b60dc486485e51ebfbaa.jpg,night_sharp
CarLongPlateGen297_jpg.rf.1e5ae9a3dedfcc19e4a0a0f43c558171.jpg,day_sharp
xemay133_jpg.rf.38004cd24b7757c27ab117d9fe4ff86c.jpg,day_sharp
CarLongPlateGen1884_jpg.rf.68b620f1d102d576af03c839ca8edf74.jpg,night_sharp
xemay2104_jpg.rf.eabf747a37597a4335deac905f664d58.jpg,day_sharp
xemay1800_jpg.rf.7f560d4af4d86f4d0bc5289d84f495e1.jpg,day_sharp
CarLongPlateGen984_jpg.rf.0acf86b8ee4a41274e6c80d4182b5ec4.jpg,day_sharp
xemay1389_jpg.rf.15883f79f6281b8f1dc9f49123c0be5c.jpg,day_sharp
50-s-l400_jpg.rf.814ed6229324ef1f0583db48d76807d0.jpg,day_sharp
CarLongPlate455_jpg.rf.1c3ac86ac41c3164663feb0289ee0eb6.jpg,day_sharp
CarLongPlateGen3182_jpg.rf.a5de774f53ce3d5a0d2e7fdf62821142.jpg,day_sharp
CarLongPlateGen920_jpg.rf.a5b9e8bf5b8f43170473cd7f459019df.jpg,day_sharp
CarLongPlateGen3479_jpg.rf.43f7f80942bdd414708aff7b74d4493b.jpg,day_sharp
xemay1475_jpg.rf.9aa3c06025e33c81c3a0f9a14706b0da.jpg,day_sharp
xemay1474_jpg.rf.5ad289910bdb9739ec05e279a8ef0996.jpg,day_sharp
CarLongPlateGen1784_jpg.rf.3cf4125ea9af121d5e4774b95e6d01b9.jpg,day_sharp
31-198440-Principal_jpg.rf.ebaed37513a09e7d2e6ccfbb701c95d0.jpg,day_sharp
CarLongPlateGen287_jpg.rf.51282d992fe423d9908ed944e5dd1545.jpg,day_sharp
CarLongPlateGen2275_jpg.rf.f36ffeb15da2029af74ad879579ea172.jpg,day_sharp
xemay6_jpg.rf.01beae5ff6d4bfd4b6e0d3b78c840dbd.jpg,day_sharp
CarLongPlateGen93_jpg.rf.bffeb915e7a2482ea0c6e264b04537a5.jpg,day_sharp
xemay2060_jpg.rf.5c15d2d68bbe53633b5dada530a89951.jpg,day_sharp
27-cdmx2019a_jpg.rf.8a6eaf73026d143fb0d4c74c3dad9c67.jpg,day_sharp
xemay1992_jpg.rf.d103f64400550d29c1379c206bd391ac.jpg,day_sharp
pic_205_jpg.rf.f348f75b0a6dbd77affb6244a48b9130.jpg,day_sharp
IMG_7083-conv_jpeg_jpg.rf.f8a46ef22c9616e6e0614d158435deba.jpg,day_sharp
Cars106_png_jpg.rf.8f93cbcd49391c2bf3bed3d106e8c905.jpg,day_sharp
xemayBigPlate97_jpg.rf.0e307affc56fa4f1bbc57d74147cd2df.jpg,day_sharp
xemay1208_jpg.rf.d70c8fbb6715d0654e08b302d90d4195.jpg,day_sharp
CarLongPlateGen3600_jpg.rf.7b73801827b15b91f1c26ddef3cafa4a.jpg,night_sharp
xemay1495_jpg.rf.ddab018e206e06ed0ff274504e56d62f.jpg,day_sharp
CarLongPlateGen1375_jpg.rf.301d802a18c1373a5b2e8e26f27c769f.jpg,day_sharp
00c96e0e060aeb2f_jpg.rf.be03c2c77534b5825a7d02437d4f82bc.jpg,day_sharp
CarLongPlateGen2696_jpg.rf.570398b3f432dfa43d5708915b9b5203.jpg,night_sharp
xemay721_jpg.rf.9d849221edf0864e42bdb6c6952ae8b7.jpg,day_sharp
brightnessquandoi108_jpg.rf.47c773cc8ac06f2f24d0fd2750bae729.jpg,day_sharp
xemay379_jpg.rf.a61fd07d45190d5533c480d7bb0c0c38.jpg,day_sharp
CarLongPlate783_jpg.rf.f525ddd5e33aa4725cd8c531102eb3c0.jpg,day_sharp
xemay1755_jpg.rf.3ce807648d152cbcb41c32f5fd6a17fe.jpg,day_sharp
CarLongPlateGen3268_jpg.rf.c36441ba8b0d1e273d69ceee11b64b55.jpg,night_sharp
xemay1111_jpg.rf.d00f40efa40f0d774dc628568847ab83.jpg,day_sharp
xemay685_jpg.rf.7e72b372d744128c6d0e54a499b968ba.jpg,day_sharp
CarLongPlateGen2863_jpg.rf.0d995239dc6b8ae0bea1445e903e212a.jpg,day_sharp
CarLongPlateGen1358_jpg.rf.db22828b21f210357cc579fb130d4f96.jpg,night_sharp
xemay1216_jpg.rf.bcffbd402dff34488cb5008b141a464f.jpg,day_sharp
CarLongPlateGen3185_jpg.rf.6e3471959898211fc287b03f09d44389.jpg,night_sharp
CarLongPlateGen851_jpg.rf.dca747fcb618bfa38811c516da68a35e.jpg,day_sharp
CarLongPlateGen2404_jpg.rf.371828e95717f854b7b08af130140328.jpg,night_sharp
xemay2014_jpg.rf.e0b88139134e96deca53d0f0005ae8fd.jpg,day_sharp
CarLongPlate378_jpg.rf.7beb39b73cce6c817c011ee44e46c679.jpg,day_sharp
CarLongPlateGen1228_jpg.rf.a7a7b13c68d3737ad066eb04f7e63ce5.jpg,night_sharp
CarLongPlateGen3777_jpg.rf.4f8f0d4a1be0eb195c41e6cecfecb1f2.jpg,night_sharp
xemay3_jpg.rf.9391a77c267cf6fb3b50a97e4d862262.jpg,day_sharp
xemay895_jpg.rf.f38691c50d83a0bc74c74eace58c79ce.jpg,day_sharp
pic_298_jpg.rf.5cc8099312e5d9137c155e3a956edca0.jpg,day_blurry
xemay649_jpg.rf.f5f106eef49b9f4d4a72d16010a68e0e.jpg,day_sharp
pic_415_jpg.rf.916a530f75e99a7d4e050b659131c50a.jpg,day_sharp
CarLongPlateGen303_jpg.rf.82b2ce59a50ebad22c93284c7bf16e91.jpg,night_sharp
IMG_6986-conv_jpeg_jpg.rf.24b5fadb90b3a610abde1750dca179b4.jpg,day_sharp
xemay2218_jpg.rf.47ce94ede9b8e59baf8bcda63a28488e.jpg,day_sharp
CarLongPlateGen3350_jpg.rf.f52236ae669fb348f76e60011df20fde.jpg,night_sharp
CarLongPlateGen3781_jpg.rf.204f360fa4e10d9e41e50f2406fd256c.jpg,day_sharp
T248VEB_jpg.rf.cf9042fe290ed17922831ea86fe619f9.jpg,day_sharp
CarLongPlateGen894_jpg.rf.b5860043b516344c9ddef9ed678bc430.jpg,day_sharp
990XHK_jpg.rf.9993d49e6e6c715f511a862e0aa3c280.jpg,night_sharp
CarLongPlateGen2194_jpg.rf.363bf9cf6eff19e8a793570d75b49785.jpg,night_sharp
Cars181_png_jpg.rf.2bd4f25cfdd6ccd1fa04b4641767506f.jpg,night_sharp
xemay759_jpg.rf.69346009cac2f55aaec72bb28497184e.jpg,day_sharp
CarLongPlateGen3327_jpg.rf.b080ffeaa6a7395d9f9537bf9e6ce7ee.jpg,day_sharp
xemay656_jpg.rf.a542f8c606209ad29666f40bec587c3f.jpg,day_sharp
pic_285_jpg.rf.837c59e36e8dbaeaa9180e9feda8a79e.jpg,day_sharp
xemay1181_jpg.rf.1a3a73a1cf7b9840f4ca7eed95874c36.jpg,day_sharp
10-GRO-GZA9999-GZD-Auto_jpg.rf.49ed6373b98fe893c77d4e4270eb3858.jpg,day_sharp
CarLongPlate721_jpg.rf.36338f86482d6029b27dc39b4f59c99a.jpg,night_sharp
030b9726b02097ee_jpg.rf.472747fdf0e591b4ec7e6d3a99b2e660.jpg,day_sharp
xemay1357_jpg.rf.66ffa67cc5ae3eb3bf90b8263b8500b6.jpg,day_sharp
CarLongPlateGen1899_jpg.rf.75653de585724a7859de4f8dd244d507.jpg,night_sharp
CarLongPlateGen3028_jpg.rf.9318590d64a71af17c67975da924eb9b.jpg,night_sharp
pic_203_jpg.rf.a6c3ccc7801c668058d9dd53a64225eb.jpg,day_blurry
CarLongPlateGen3466_jpg.rf.d92da414d7148f5887f49bfe2bf91cae.jpg,night_sharp
CarLongPlateGen2076_jpg.rf.2c1888f949cec4ec6e85f6e4a68684c5.jpg,night_sharp
CarLongPlateGen1258_jpg.rf.ec048e81b39a26da8360f280dfaa2dbc.jpg,night_sharp
pic_732_jpg.rf.ce9470efba4eebd3ea90632ebce93f37.jpg,day_sharp
CarLongPlate906_jpg.rf.989fe3b6e50e8db4bc04c295188da01e.jpg,day_sharp
CarLongPlateGen3061_jpg.rf.8b38e4e8b50d0493ee11f6c6447d90d5.jpg,day_sharp
brightnessquandoi87_jpg.rf.6bfd40bec3f98ae0574486d8d1c02aca.jpg,day_sharp
CarLongPlateGen2588_jpg.rf.42c66fe4cdf649ab35908bff5dafbe1e.jpg,night_sharp
brightnessquandoi9_jpg.rf.b652f364cc0806ad34e51fb1e30b5008.jpg,night_blurry
Cars81_png_jpg.rf.a9072edda6456afeb0dc0ed73fc21465.jpg,day_sharp
CarLongPlateGen89_jpg.rf.b5f2c8d75b196b4c291c5661a461d692.jpg,day_sharp
CarLongPlateGen2307_jpg.rf.41d4eaf5c36c17a4d72c34abfc0d8b46.jpg,night_sharp
CarLongPlateGen2001_jpg.rf.4eae637476aa89c4d4960bf42292d1db.jpg,night_sharp
CarLongPlateGen2751_jpg.rf.8e9d495218a3b2e28c716ccd764a5137.jpg,day_sharp
xemay756_jpg.rf.1aea66bbcf9413bc68f7c62045434c4e.jpg,day_sharp
CarLongPlate595_jpg.rf.b6e3cd868e16eead6626b722cc9dfd7d.jpg,night_sharp
CarLongPlateGen2312_jpg.rf.b1c09411575eb979344bf74d190ea85e.jpg,day_sharp
CarLongPlateGen1969_jpg.rf.c0f3cb7d949729facc81792324f6dc98.jpg,day_sharp
pic_395_jpg.rf.7c03d0ca3dd293283835be2e3ffd3ed7.jpg,day_sharp
quandoi107_jpg.rf.e9dc7e4c45414f2bcc3cc1b3eb932f20.jpg,day_sharp
CarLongPlateGen448_jpg.rf.84cbcb4d5d04fc70d417db8e5d3c6fb2.jpg,day_sharp
CarLongPlateGen2891_jpg.rf.7591a467a4522f6de9c453a1ce6fe12e.jpg,day_sharp
xemayBigPlate106_jpg.rf.e029847a7e065eb6a5561331465f004d.jpg,day_sharp
CarLongPlateGen3708_jpg.rf.ad0418ba055bbc571c5c0fcb1eba7788.jpg,night_sharp
CarLongPlateGen2838_jpg.rf.94e948dacaa298ae730b16723b6d950c.jpg,night_sharp
xemay1805_jpg.rf.8b610609db3c0b4a52619185c8eff964.jpg,day_sharp
CarLongPlateGen2192_jpg.rf.967791c01c5e98deadd3fbf03128eddd.jpg,night_sharp
xemay2472_jpg.rf.4efd83fda496c607aca859c977b405ea.jpg,day_sharp
CarLongPlateGen1750_jpg.rf.40b46fb16060229645c21641b6485072.jpg,day_sharp
CarLongPlateGen1700_jpg.rf.2eee1151eb098a651a59e46ab54de4f4.jpg,day_sharp
CarLongPlateGen1429_jpg.rf.ce77ea382dd5d7cff3d4d79e96d80535.jpg,day_sharp
Cars236_png_jpg.rf.4a5148454b0cd3b3842ebd6ca4ad9d7f.jpg,day_sharp
CarLongPlateGen1584_jpg.rf.f8ea78221dd045531554c69097802f2a.jpg,day_sharp
CarLongPlateGen2554_jpg.rf.301283c2f4ba90239f35a74a36573aaa.jpg,night_sharp
images27_jpg.rf.48d660a7eb5ebecfa9a304ce29ea72c4.jpg,day_sharp
CarLongPlateGen1195_jpg.rf.445c08c0a7a402d4903600acde989161.jpg,night_sharp
CarLongPlateGen3115_jpg.rf.e143949133ce3b13cb79d2fc898cc753.jpg,night_sharp
xemay1210_jpg.rf.5ec6a5bced08920164e08ad8cb4f05c4.jpg,day_sharp
CarLongPlateGen1560_jpg.rf.b61f3398db4207bce82ce1d2dab1b3e8.jpg,night_sharp
pic_056_jpg.rf.c864c9c09f3ef5ee45c6ac87d33d3ec2.jpg,day_sharp
xemay1964_jpg.rf.17f7f74989491a62bd03223cd9b468af.jpg,day_sharp
CarLongPlateGen2273_jpg.rf.a0584fa3d4a3e1ec471312db285cae0e.jpg,night_sharp
Cars383_png_jpg.rf.a9ef5c9a91b7351f13d7057e7092d7c3.jpg,day_sharp
004aebeb3dea697a_jpg.rf.76c8ba45f0f629479eb648523fd952d6.jpg,day_sharp
CarLongPlateGen2830_jpg.rf.a7db347e906d779f9661383c0bb146f8.jpg,day_sharp
CarLongPlateGen2170_jpg.rf.eb967255021b7ca2195d4dc0e1d9b06a.jpg,night_sharp
CarLongPlateGen593_jpg.rf.52701a9be7eed8603658c52ad58d68d6.jpg,night_sharp
image2_jpeg_jpg.rf.500bc3edc60252d266cceccbe176bcf9.jpg,day_sharp
xemay349_jpg.rf.83a7b0eaed256b43d01ecd9ae5b8a46d.jpg,day_sharp
CarLongPlateGen1625_jpg.rf.4c5b84942b2bf6ad8e14170efd70beb4.jpg,day_sharp
images5_jpg.rf.013e81790b357fc002c47d747829967c.jpg,night_sharp
IMG_6996-conv_jpeg_jpg.rf.96232910d54b55b13647bea1e3a2a904.jpg,day_sharp
xemayBigPlate230_jpg.rf.22357725ffbfe15d500619dc560004bc.jpg,day_sharp
CarLongPlateGen3608_jpg.rf.0e6336105eeb3363fae5c7329aaebe44.jpg,night_sharp
0043ea91600e3cb8_jpg.rf.74b2165db063f52b6048381417af10bf.jpg,day_sharp
xemay2117_jpg.rf.5870494b78645678791bfcf162108038.jpg,day_sharp
AURA1_jpg.rf.531bf823673753796e4adeee092d4998.jpg,day_sharp
CarLongPlateGen629_jpg.rf.8a604899b7cfe685b5729e0fef19e948.jpg,day_sharp
CarLongPlate592_jpg.rf.1436fd41a4c40553a3158a8e80690f84.jpg,night_sharp
brightnessngoaigiao11_jpg.rf.9cc206cb461c3129f0fde8300743d556.jpg,day_sharp
CarLongPlate434_jpg.rf.6943d9714b4cad9e4556fd956541d61d.jpg,day_sharp
CarLongPlateGen1296_jpg.rf.8a4125b9672cf7f4020ac66420adfbed.jpg,night_sharp
CarLongPlateGen2054_jpg.rf.cbbce57d552a939d787ea411ca3b12a2.jpg,day_sharp
pic_133_jpg.rf.c22ddfd9968279dcfd1ea5742d2f68d3.jpg,day_sharp
CarLongPlateGen2766_jpg.rf.c5b69241c8b39bb70121159acc2f418f.jpg,night_sharp
CarLongPlate459_jpg.rf.b757a7b4e39e63c78f6db612d9d909a8.jpg,day_sharp
CarLongPlateGen870_jpg.rf.80fa14c58b281cfcca6a60b890829ddf.jpg,day_sharp
CarLongPlateGen3471_jpg.rf.a71b16d172ba3549bb80121cb4df27aa.jpg,day_sharp
CarLongPlateGen3015_jpg.rf.434572c35af0e4792232d9b891da89c2.jpg,night_sharp
xemay1978_jpg.rf.dae0bf50a0f928fdda21a04260937fed.jpg,day_sharp
pic_045_png_jpg.rf.7c03d446676dceaa85ba09b594276e81.jpg,day_sharp
CarLongPlateGen473_jpg.rf.ba385b70b18a784f8a1c37eda44538dd.jpg,day_sharp
xemay496_jpg.rf.254b01512820a6b802d1cf458edfcc3c.jpg,day_sharp
CarLongPlateGen1302_jpg.rf.7a24b7fa7f0f4ae9eaa75de2b7e25e78.jpg,night_sharp
xemay1436_jpg.rf.0b91c3b84289fa69e2841df638636e86.jpg,day_sharp
CarLongPlateGen2078_jpg.rf.e3a6337d1413b9584df626d882fd1658.jpg,day_sharp
rotatequandoi97_jpg.rf.d059707e18fdfbc2da789e384c7140cf.jpg,day_sharp
025d0abb8f2ef2d6_jpg.rf.6d38d59343ab1d63415b3a83989bbd3f.jpg,day_sharp
CarLongPlateGen58_jpg.rf.0ab730e3137422d47d0de3b0eb8552b7.jpg,night_sharp
Cars172_png_jpg.rf.1bd06656a6e86c4e9cf00e11b8fdc109.jpg,night_sharp
CarLongPlateGen3782_jpg.rf.7d4087f8c3d8af942c57b64942e352a4.jpg,night_sharp
00dea1edf14f09ab_jpg.rf.f89d8678e1da281ea7a4e183c0da0d3c.jpg,day_sharp
CarLongPlateGen3668_jpg.rf.c4d22480fc53b5539f19bb8e7c1e4665.jpg,night_sharp
CarLongPlateGen1277_jpg.rf.7f949488fdd52417f8e2ba2e3aef9c81.jpg,night_sharp
xemay823_jpg.rf.6e8d88ba471556e8b5ff51360b90c0e1.jpg,day_sharp
boderquandoi82_jpg.rf.831518258c87499011e391eccc2896c4.jpg,day_sharp
CarLongPlateGen3871_jpg.rf.7f8fb1f60c695e6de01e3925c65edaef.jpg,day_sharp
xemay2252_jpg.rf.8c519ea95589641244d900e1e382c12a.jpg,day_sharp
xemay2105_jpg.rf.92efd9cadc0ded20d3250e2247a80990.jpg,day_sharp
CarLongPlateGen3729_jpg.rf.c631c54599fd0ae398205f865d5f5e42.jpg,night_sharp
CarLongPlateGen804_jpg.rf.4ab6bde2c4bcc07d1540059faaa560f8.jpg,day_sharp
xemay2446_jpg.rf.bae9f954278f4f26a30cf235d888722b.jpg,day_sharp
CarLongPlateGen2209_jpg.rf.fefa6695370dc1d2c0c62c1fa6aabcf2.jpg,night_sharp
cropquandoi83_jpg.rf.197aa30776695b46a0866a90c1c2fef6.jpg,day_sharp
IMG_7018-conv_jpeg_jpg.rf.d491483b9d2fe97343b6214ae1edc8e5.jpg,day_sharp
xemay1930_jpg.rf.bd7a0021570cfc569e6708f2271facbe.jpg,day_sharp
014e437b3c9c751c_jpg.rf.505a5884d91309a17999c8fd8210fcce.jpg,night_sharp
CarLongPlateGen377_jpg.rf.11d76358e68983e0c6a069b2d07b031a.jpg,day_sharp
xemay273_jpg.rf.bef0e29f7c2f0a2e6d16e08b144f161b.jpg,day_sharp
boderquandoi55_jpg.rf.dad0a2456c039fc84bdeed33c07849f8.jpg,day_sharp
00749e86d631cba0_jpg.rf.08f1ebe4e375125e949de7b43a5d09ed.jpg,day_sharp
xemay639_jpg.rf.041151f552da7f3c0240e5cca40eecf9.jpg,day_sharp
pic_124_jpg.rf.9462f4611950d93925c25604d9f59650.jpg,day_sharp
pic_194_jpeg_jpg.rf.1af2aaa4a566c61c4c66cc915c1a46da.jpg,day_sharp
brightnessquandoi32_jpg.rf.4ab37dacdf34dc107238ff60afb548b6.jpg,night_sharp
0112fff372a9199f_jpg.rf.0d8d6f1ae70b5d7fca2bf853eac0abe8.jpg,night_sharp
CarLongPlateGen3202_jpg.rf.cf4bddc7e962ae4cea559fd28fbe2e3b.jpg,night_sharp
brightnessquandoi48_jpg.rf.732530cf0513367ae58f59701eb6f026.jpg,night_sharp
CarLongPlateGen3836_jpg.rf.a51342521b0d3bc07d2be1c435b5b1c6.jpg,night_sharp
IMG_7010-conv_jpeg_jpg.rf.de7a7125cfb9bb1f4ff16df4ea98908e.jpg,day_sharp
xemay2119_jpg.rf.ec5a22b0f8ec04a5e556a35fc334324c.jpg,day_sharp
CarLongPlateGen2763_jpg.rf.589155ff3ef618e6eb63d31617c93737.jpg,day_sharp
CarLongPlateGen2023_jpg.rf.d36cc20d4bf6767ddd0fc186bd539ed5.jpg,day_sharp
xemay2441_jpg.rf.c05930443a816cbbc71cd9434a4b4da6.jpg,day_sharp
CarLongPlateGen103_jpg.rf.592e26007f2b475e6fe1267276f11fec.jpg,day_sharp
CarLongPlate807_jpg.rf.f1a1f68527875943091cc1696e7ce9fb.jpg,night_sharp
iasfamages_jpeg_jpg.rf.091708986789da1ce61c35f75c93e398.jpg,day_sharp
CarLongPlate315_jpg.rf.4e288820241046a5eba4bdc339c644a1.jpg,day_sharp
xemay1798_jpg.rf.9926586a3058caa6e66b0762606715b1.jpg,day_sharp
CarLongPlateGen1834_jpg.rf.34a0d91dab619854dbf65d1138b3d702.jpg,day_sharp
58-51yfoj4IkpL-__AC_SX300_QL70_ML2__jpg.rf.959e5a53c3fd93285dea888cd3591904.jpg,day_sharp
CarLongPlateGen261_jpg.rf.e1f63898e18bc80d75c0ce16c359e614.jpg,day_sharp
CarLongPlateGen1236_jpg.rf.71444fce107b665c461f33abd9acaac4.jpg,day_sharp
xemay1290_jpg.rf.91157b3a7e8df3b4e1b933a069bfb183.jpg,day_sharp
xemay1958_jpg.rf.01200e82f32444a55977263284403426.jpg,day_sharp
pic_475_jpg.rf.fbbcea55cfb94421762aea21ff4e4dfc.jpg,day_sharp
xemay1534_jpg.rf.95147108048cbe0910244a931f47b295.jpg,day_sharp
cropquandoi2_jpg.rf.0daa8018831ee3bca084763e26f1f03d.jpg,day_sharp
Cars90_png_jpg.rf.bc2979e6295ab1b3f37acfd05f28c298.jpg,day_sharp
CarLongPlateGen1233_jpg.rf.306569237c6598070704c5595cd88dfb.jpg,night_sharp
CarLongPlate494_jpg.rf.677e850c09659251402bf72e9f3989c3.jpg,day_sharp
CarLongPlateGen3448_jpg.rf.a56cd6609e77f559c99b7306f2418b53.jpg,day_sharp
Cars416_png_jpg.rf.ceb376f189ea42ae95397268c0dfb146.jpg,day_sharp
CarLongPlateGen2503_jpg.rf.ed901b9539aa937ece8a39811ac371c2.jpg,night_sharp
rotatequandoi65_jpg.rf.0da6a25cc3f23967bd397a3fef7f13f9.jpg,day_sharp
xemay1496_jpg.rf.27951bd4fead6ca6527441f943a3d6ab.jpg,day_sharp
xemay1658_jpg.rf.82b70ba3bb56571814a0b5c506ca8daa.jpg,day_sharp
BANY976_jpg.rf.862b41adf0c58b0c563bfd1e12f003e8.jpg,day_sharp
xemay831_jpg.rf.b84beddc51473c4ba40178c56bb6dec7.jpg,day_sharp
CarLongPlateGen1160_jpg.rf.442c3331041cefea2a1785732c90b584.jpg,day_sharp
rotatengoaigiao7_jpg.rf.25175c1436f55d85a34491f0075572de.jpg,night_sharp
xemay127_jpg.rf.6d18121a7ec2dc42e99b88e5b896770a.jpg,day_sharp
xemay1061_jpg.rf.2bce3f5670aaa7ebe0c23858c0e6240a.jpg,day_sharp
xemayBigPlate11_jpg.rf.71db3ae11f84f8370eac0e661d90a250.jpg,day_sharp
0296272c25074ec1_jpg.rf.20a55d8526247628bade2ae69640d31f.jpg,day_sharp
rotatequandoi28_jpg.rf.abd99769218e67d048937fc9f4320e40.jpg,night_sharp
CarLongPlateGen332_jpg.rf.c181aeaeb5d36aa7c0862678fbc92bde.jpg,day_sharp
CarLongPlate849_jpg.rf.0da0817736b2a15726167b7dc395372f.jpg,day_sharp
CarLongPlate30_jpg.rf.ab489d209b90a3de34206e20d8573b18.jpg,night_sharp
Here_s-20Why-20You-20Should-20Remove-20Your-20Car_s-20Plates_yyth_jpg.rf.81e5c84ee0136aa90f1779c33016795d.jpg,day_sharp
Cars136_png_jpg.rf.aecda8048a7287daf3396a54dab5e848.jpg,day_sharp
xemay1463_jpg.rf.0f2d2a873c99bb3f4c1295f3ba170078.jpg,day_sharp
19-cdmx2016rem_jpg.rf.8810316f69be655eb3cf5ebb44733913.jpg,day_sharp
xemay1247_jpg.rf.94617c726b57ec1c25ceb8bc636b4094.jpg,day_sharp
CarLongPlateGen1843_jpg.rf.6b3efd9ad4a2e0ca5501c744afc2ca04.jpg,night_sharp
CarLongPlate626_jpg.rf.45bdd9c1bcceee1743deacb52b301483.jpg,day_sharp
CarLongPlateGen1827_jpg.rf.dc1c8f488ed7fda745a1ef336a75e9d6.jpg,day_sharp
cropquandoi15_jpg.rf.53bb576cea46517d0c4d5cdcdd6520e9.jpg,day_sharp
CarLongPlateGen1744_jpg.rf.227c061be48b456e8b746d725c632c65.jpg,night_sharp
CarLongPlate265_jpg.rf.63eb1a68e4a0f486b58cd2f9d6b4a841.jpg,night_sharp
CarLongPlateGen2898_jpg.rf.0250c205ac88009641d06eef5d364af3.jpg,night_sharp
CarLongPlateGen842_jpg.rf.1e395aad2d54e96b13b5a66beea04332.jpg,day_sharp
image22_jpeg_jpg.rf.938cc01e7a46f3ca630af12be5adb5aa.jpg,day_sharp
quandoi2_jpg.rf.9c8f3e70d54a82fc8b296bc6f9858e0c.jpg,day_sharp
CarLongPlateGen2035_jpg.rf.6b4ecc1de518b90b93169c5164a5e52d.jpg,night_sharp
CarLongPlateGen2624_jpg.rf.52cb865a8fb35d30d5501a528c6b4cc7.jpg,night_sharp
xemay970_jpg.rf.3febef0d5a96944e2840e9b19db40dd3.jpg,day_sharp
CarLongPlateGen712_jpg.rf.ba590310eafe4fbc3bf85f3ab880a012.jpg,day_sharp
CarLongPlateGen3648_jpg.rf.8c1a2947865ccddc6e1d5a1c28987336.jpg,night_sharp
pic_002_jpg.rf.b12f4bce476b2647d5d143e20b059a5f.jpg,day_sharp
xemay1906_jpg.rf.e5acf816d7335d2c3edd5174a863dbc6.jpg,day_sharp
CarLongPlate545_jpg.rf.1f7a989f0f36fb27b7d8ca1ddea46a9f.jpg,night_sharp
cropquandoi42_jpg.rf.de905904f98b36c41a916f5d6da64ac2.jpg,day_sharp
CarLongPlateGen3680_jpg.rf.88ddd9fe12afce3123841e9e9899d8c4.jpg,night_sharp
xemay52_jpg.rf.3430e9b4323912fe99c6ad64cae86c16.jpg,day_sharp
CarLongPlate602_jpg.rf.43a20908ac60552cba6b327fac932903.jpg,day_sharp
CarLongPlateGen974_jpg.rf.5e3c99ed43408e157bc102b39d2ad5e7.jpg,day_sharp
CarLongPlateGen2421_jpg.rf.fdaaad54204fd929142c0b6ea88a3b88.jpg,night_sharp
CarLongPlateGen1154_jpg.rf.0e6b8ac0a05a1658c6eee93640f8c9e1.jpg,night_sharp
CarLongPlateGen1778_jpg.rf.690e64a2f76571e1d28bf3ac8f1f1c9d.jpg,night_sharp
xemay174_jpg.rf.a4a15b152598341b17849e5b3fbe792b.jpg,day_sharp
rotatequandoi82_jpg.rf.82003105304a58be91a0f6926f56a1fe.jpg,day_sharp
CarLongPlateGen2736_jpg.rf.61b75d5c427614725c74480380a40bc0.jpg,day_sharp
CarLongPlateGen2684_jpg.rf.9eb01f2c121bf1d34bd8257f9c85eff0.jpg,night_sharp
xemay1178_jpg.rf.b2cd556c8e41de99892f42bcfa6902ed.jpg,day_sharp
41RSTZ_jpg.rf.8946c41e7d2a0344eb93762410b596dd.jpg,day_sharp
CarLongPlateGen785_jpg.rf.56e47fad37142bdbfd7624666ebf15bf.jpg,day_sharp
CarLongPlateGen1054_jpg.rf.f6e952a761d497665b3749ac62dcaf1b.jpg,day_sharp
CarLongPlateGen526_jpg.rf.140dba1724c89bc588a09286349f7014.jpg,day_sharp
CarLongPlateGen301_jpg.rf.41b8f120b4dba04f9af592de9c9d2247.jpg,night_sharp
xemay1398_jpg.rf.2ee64bba0000f6df07959a99e5aadd0e.jpg,day_sharp
CarLongPlateGen909_jpg.rf.7ff5d29093f0548f0b57112a5d043b2d.jpg,night_sharp
CarLongPlateGen1997_jpg.rf.dd49444833ff2ffb38435d4546367706.jpg,day_sharp
CarLongPlate568_jpg.rf.3bfb21e6ff6816c60795d0915702c8a3.jpg,night_sharp
Here_s-20Why-20You-20Should-20Remove-20Your-20Car_s-20Plates_yyth-20-1-_jpg.rf.fb9958bb7ccc92e1ab9ad0d5dd8ea523.jpg,day_sharp
xemay1078_jpg.rf.acb5aa4ea4d418e122f4cd2f7603c302.jpg,day_sharp
xemay248_jpg.rf.e2662d1189ed948c6f1ffe919e565f9c.jpg,day_sharp
xemay1998_jpg.rf.7a40e7c55c7c6ffa767e438e9612b120.jpg,day_sharp
CarLongPlate919_jpg.rf.66ff19055f323af0d65cbccd8137844d.jpg,day_sharp
CarLongPlateGen2555_jpg.rf.e333185373bf4755120fc4010cf8ec91.jpg,night_sharp
CarLongPlateGen110_jpg.rf.94de50ff61016a9fd879c6475743508e.jpg,night_sharp
CarLongPlateGen1545_jpg.rf.ba257616604efeec1e88cc3dd9f7c103.jpg,night_sharp
rotatequandoi42_jpg.rf.e87bbcb9f06608f3a5c86e899d6cb106.jpg,day_sharp
xemay1074_jpg.rf.e9b2511cf3a045475e5c2b1b3692d404.jpg,day_sharp
xemay1235_jpg.rf.7bae6e33a840c7a72259d62f590c139b.jpg,day_sharp
xemay199_jpg.rf.97a28e15215459c14eda283ff2fd340e.jpg,day_sharp
pic_365_jpg.rf.f95867959993fc9c5b8ca863dd4e4e65.jpg,night_sharp
xemay1679_jpg.rf.eb5dad544d5d13dbb98f5ae0736e7bf4.jpg,day_sharp
036193565f43517b_jpg.rf.47a65b88ba4a27ae51e19be3cf458a97.jpg,day_sharp
maxresdefault-990x556-1_jpg.rf.b5f6d2d9f1c8500a78ae4b7a8c4260d5.jpg,day_sharp
xemay534_jpg.rf.26b4308f299335ff4049c7815bf02c54.jpg,day_sharp
A-20guide-20to-20Canada_s-20best_-20and-20most-20lame_-20lic_jpg.rf.4f92a97e5f0d481482f8f240a8936a4c.jpg,day_sharp
CarLongPlateGen779_jpg.rf.20a5abfd039406e4fdccfa532584a1b5.jpg,day_sharp
xemay1929_jpg.rf.e8b25a02865591f46a2e6572d8805a4a.jpg,day_sharp
CarLongPlateGen440_jpg.rf.13ed8ed7a800292dd4ea7a2655b1caf4.jpg,day_sharp
pic_051_jpg.rf.006b67eced2fabac1962065d58be7377.jpg,day_sharp
pic_532_jpeg_jpg.rf.e5c9f3956f1d06611e5da9f092c6e357.jpg,day_sharp
xemay1091_jpg.rf.d579349a2630a6cc6ed26de2ee4cb614.jpg,day_sharp
xemay934_jpg.rf.778e46d1a57bd2e31b6ab28ed39f5317.jpg,day_sharp
CarLongPlateGen3249_jpg.rf.078ad983a8459813e6c20d7b53512cc3.jpg,night_sharp
CarLongPlateGen1209_jpg.rf.54b9a2839e38de8d4bc911e82c1867ce.jpg,day_sharp
xemay2302_jpg.rf.1ffb4adefeefaa9c695054c6e9fbb5bd.jpg,day_sharp
brightnessquandoi76_jpg.rf.4265858ab54840c0765e9029539e8f71.jpg,day_sharp
xemay1567_jpg.rf.c4dddbbab229c255b691abe5a086706d.jpg,day_sharp
CarLongPlateGen2623_jpg.rf.f02a8278f1b8979c2e589561462c03d6.jpg,day_sharp
CarLongPlateGen45_jpg.rf.7c78f48331f885083789ff83dd7e5691.jpg,day_sharp
CarLongPlateGen3184_jpg.rf.7c2d47f43a60073daaa6bbc11710b352.jpg,night_sharp
CarLongPlateGen2173_jpg.rf.85db58bd06c77e219e9b2afd05366e44.jpg,day_sharp
CarLongPlateGen300_jpg.rf.707da6397cbc429e9d82316370884e66.jpg,day_sharp
rotatequandoi87_jpg.rf.cb18d4d9b7e1b2cc920702eb1c539a2e.jpg,day_sharp
CarLongPlateGen257_jpg.rf.9a15a9ed419a6a5ecef36e3e10a3cf65.jpg,day_sharp
CarLongPlate769_jpg.rf.d135cb556b80cac98fd1879bf83d30ea.jpg,day_sharp
xemay2291_jpg.rf.2b6907dc3545f6c2c1fe00365e4f896d.jpg,day_sharp
CarLongPlate91_jpg.rf.242b01e7ddaf3276ff82dac5f2e4470f.jpg,night_sharp
pic_092_jpg.rf.94b02f2448362d45b969636a58a32950.jpg,day_sharp
CarLongPlateGen3086_jpg.rf.8598ca9b941d5622a6f7d07921ced413.jpg,day_sharp
xemay18_jpg.rf.40f689e19a389d58f9f2a515296f49b6.jpg,day_sharp
014a74acea6f18fe_jpg.rf.d7b9a86e1b117c65ec3701aa204b5691.jpg,day_sharp
Cars309_png_jpg.rf.daf7b0441374e97acb0d81d7d4b3e70e.jpg,day_sharp
xemay1882_jpg.rf.5092d4fe48079f6cd1a47359c986d79f.jpg,day_sharp
xemay1279_jpg.rf.ec8f5d2dff8a6f57e7785aa486c51752.jpg,day_sharp
CarLongPlate535_jpg.rf.15ae326d86ebbcca05485c65a107286f.jpg,night_sharp
xemay2083_jpg.rf.67d6c9f19cb402c7f6de861edd8e6f83.jpg,day_sharp
CarLongPlateGen1207_jpg.rf.43e238ac1de95e78ab1c18b26ce576a5.jpg,day_sharp
xemay704_jpg.rf.ffb5fb59bbf488933dae77254446a363.jpg,day_sharp
000228608388803f_jpg.rf.81651cd0dfa42e5579cd24dc8a4ada5d.jpg,night_sharp
rotatequandoi89_jpg.rf.4ebc6e3f43827dd2e69e3151b6dc384d.jpg,day_sharp
pic_476_jpg.rf.ba46614456f860bb7971e962726630a1.jpg,day_sharp
CarLongPlateGen2148_jpg.rf.a4a5bf31c557d3bc54a347363748d410.jpg,day_sharp
CarLongPlateGen2510_jpg.rf.47f128b859647d10d16f71d2ecc8ef1d.jpg,night_sharp
xemay1110_jpg.rf.dc9eea3ac4b3ea6292b57062775110c2.jpg,day_sharp
CarLongPlateGen3766_jpg.rf.c3ff7f6e82d395a2a4e444970a3a01b9.jpg,day_sharp
brightnessquandoi75_jpg.rf.2a4cac8df9acbf7e8ca85f872bc10214.jpg,day_sharp
xemay99_jpg.rf.a73278376a96d3909096179c58ccf2ae.jpg,day_sharp
CarLongPlateGen691_jpg.rf.0bf04cbcb8cf6274b6de65fa262f5b27.jpg,day_sharp
CarLongPlateGen2933_jpg.rf.fffd6b21e605438ed14d54f6dd042f64.jpg,day_sharp
CarLongPlate772_jpg.rf.42b615b04a04c0f2f459b21ef3cc89be.jpg,night_sharp
CarLongPlate862_jpg.rf.46a2ad4a712be02eafcc18942598a479.jpg,day_sharp
CarLongPlateGen1897_jpg.rf.27d78ded81fdefda9718c24c695f985a.jpg,night_sharp
IMG_7050-conv_jpeg_jpg.rf.3b13d4382dd4ded8e266a02727aa01bb.jpg,day_sharp
pic_405_jpg.rf.1fe499a8a6a91739d6338ace83fc0a3f.jpg,day_sharp
xemay2372_jpg.rf.adfcc22a110d972755994de84aebf3b9.jpg,day_sharp
CarLongPlate900_jpg.rf.b0fe1692a8f481a44ac4bc1115cbe6a4.jpg,night_sharp
CarLongPlateGen2345_jpg.rf.afbb9289af45a2916e86f6907329614a.jpg,day_sharp
CarLongPlateGen191_jpg.rf.0260879eb2875da71540923543abd2e0.jpg,day_sharp
CarLongPlateGen2177_jpg.rf.c1212ed3267aa650b1b94992fb17e85a.jpg,night_sharp
xemay334_jpg.rf.3265330dcc67e973b2675b6c621f1ea2.jpg,day_sharp
CarLongPlateGen3112_jpg.rf.663302ccece4dc895352f142b1c287b9.jpg,night_sharp
CarLongPlate456_jpg.rf.d3325aba3f2b9777243311b1f50d6495.jpg,night_sharp
CarLongPlateGen3369_jpg.rf.28e91c7883ae4a4c8863e44cbb763c26.jpg,night_sharp
CarLongPlateGen659_jpg.rf.03e82265d59fd299b276ac4fc1d88e8d.jpg,day_sharp
Cars260_png_jpg.rf.fa5eda11c2f9b1dadd5db426ed756ef6.jpg,night_sharp
CarLongPlateGen1215_jpg.rf.09dc581a45ca1e2364ac2d18911ba544.jpg,night_sharp
P09425_jpeg_jpg.rf.2ae6d56b301bb513f5cd314ce7ea8efc.jpg,day_sharp
CarLongPlateGen1000_jpg.rf.d55f92a17bd32fb27eecaae87154e623.jpg,day_sharp
xemay612_jpg.rf.a15806ea34b23b15cc915cfe8a53c9d7.jpg,day_sharp
CarLongPlateGen2970_jpg.rf.0cb9e1cddbed0050435d3041a43ee7e3.jpg,day_sharp
xemay1694_jpg.rf.6df14461a4a555778cfc0774c0339faa.jpg,day_sharp
xemay1505_jpg.rf.b8b30f2838893013f1e97b709bb05b68.jpg,day_sharp
CarLongPlateGen3007_jpg.rf.c4b7df87507c08ddee2f4db8f37a0bfa.jpg,night_sharp
xemay1053_jpg.rf.596b8c1ae5a87fc271f83ade9a9593bf.jpg,day_sharp
CarLongPlateGen3080_jpg.rf.a1e426d01c66db9d2e5c2d437b093bca.jpg,day_sharp
xemay1465_jpg.rf.26e914371a4fe1c0b6531d726ec6f78f.jpg,day_sharp
CarLongPlateGen1287_jpg.rf.c9434af44bd1d9a0972a2f21fe784862.jpg,night_sharp
CarLongPlateGen1791_jpg.rf.a49105bf214f9371da07aa4c4e2388e9.jpg,night_sharp
xemay1554_jpg.rf.ab2e183292b7000dcc514443fc5c5add.jpg,day_sharp
CarLongPlateGen3144_jpg.rf.e0105e1dec06cc8f06a412365b5eeac5.jpg,night_sharp
CarLongPlateGen439_jpg.rf.64e93317563de0e92ae2b21e5ab70f29.jpg,day_sharp
pic_016_jpg.rf.1f339f4e76cc271f2c25ba8cf4f29696.jpg,day_sharp
CarLongPlate986_jpg.rf.e2406b33fed3e80ea6c2a5355db26b0b.jpg,night_sharp
pic_501_png_jpg.rf.0e1fc2cf677e10fbc2ffcaa59478a3be.jpg,day_sharp
CarLongPlateGen1761_jpg.rf.d4418127417936cac6920fd0760dc395.jpg,night_sharp
CarLongPlateGen760_jpg.rf.e1ef1241655298a65ddea1bfe432b4b0.jpg,day_sharp
CarLongPlateGen64_jpg.rf.aae7477c88997c67bb4d9a4c868878ab.jpg,day_sharp
xemay1045_jpg.rf.a887aa749e80f7ad01da5cd29ba3428c.jpg,day_sharp
xemay637_jpg.rf.e410d97ead33e41855bc9e3ee95935fd.jpg,day_sharp
CarLongPlateGen1961_jpg.rf.465c4e3f0efe0490aa79881c6ccfc436.jpg,day_sharp
xemay564_jpg.rf.ed5673bb8d84ee9f4d3a1d1e21697b4d.jpg,day_sharp
xemay2436_jpg.rf.d1101d9d9353d77c48c39ba7cc78c4f1.jpg,day_sharp
xemayBigPlate42_jpg.rf.e365cda3ea876b68f8c771576a8d2432.jpg,day_sharp
CarLongPlateGen107_jpg.rf.51aef5089b7cf3bdd275e12ff66d1989.jpg,day_sharp
CarLongPlateGen811_jpg.rf.f3c3ee7ef0e755115bf5b47c55d009c0.jpg,day_sharp
CarLongPlateGen142_jpg.rf.53aea0400e34ca28a00525e3758a04ab.jpg,day_sharp
CarLongPlate195_jpg.rf.d5796e1d9e2522961602ead59dbf6ffd.jpg,day_sharp
CarLongPlateGen1983_jpg.rf.9228f033d10dd73b76f8491369c57041.jpg,day_sharp
xemay1509_jpg.rf.654641e78bc0f06b1a7b27779b98fa5c.jpg,day_sharp
CarLongPlateGen1549_jpg.rf.8b7aa49d74ce96f37ae9124248264a46.jpg,day_sharp
quandoi32_jpg.rf.43954dbc5cadf0955697d5084b9c73b6.jpg,day_sharp
CarLongPlateGen642_jpg.rf.b7e05687f9d229c507210b43adb30966.jpg,day_sharp
CarLongPlateGen2545_jpg.rf.5dbbb020a066264ebb9862f251348bb0.jpg,day_sharp
xemay1568_jpg.rf.d2dcd7b82610e9fc0c672d46b3d03a35.jpg,day_sharp
xemayBigPlate41_jpg.rf.88b0d3f441e63e04ec806485b5d09e26.jpg,day_sharp
CarLongPlateGen3433_jpg.rf.6a5c264c4091fbe67d2e56ea81e8b2cf.jpg,day_sharp
CarLongPlate546_jpg.rf.3f5a774bcdb425b27f37a3240b188df2.jpg,day_sharp
CarLongPlateGen915_jpg.rf.d2688e690df7b4ed2ac8fecdd7e9fbd6.jpg,night_sharp
brightnessquandoi107_jpg.rf.896a58bcc7d0c0b40bffc7f22a2b42e7.jpg,day_sharp
CarLongPlateGen3688_jpg.rf.63d5c896e8387e87040c4e08d9df14d5.jpg,day_sharp
xemay399_jpg.rf.f13c2d5549b2d8f280cfc1d42121a49c.jpg,day_sharp
pic_347_jpg.rf.00fdd3f416007a5072231595cb307a41.jpg,night_sharp
xemayBigPlate44_jpg.rf.f4421b29598f87b0a2c174459169dfa0.jpg,day_sharp
CarLongPlateGen530_jpg.rf.ef6e6838bc10351044a676d6c3b6af9e.jpg,day_sharp
CarLongPlateGen3596_jpg.rf.0c9c0e13592a987feca5cd788e782d5f.jpg,night_sharp
CarLongPlate754_jpg.rf.7c4ebe8996756f8b938e8c8fe05d7ddb.jpg,day_sharp
CarLongPlateGen958_jpg.rf.1f82f6e0eeb595a8b688b25f20dca5c1.jpg,day_sharp
CarLongPlateGen226_jpg.rf.cf086609faf0f32eb207336d652b6de0.jpg,day_sharp
CarLongPlateGen3637_jpg.rf.43189ee1a6dbd113bddf179cb9af1d19.jpg,day_sharp
CarLongPlateGen3451_jpg.rf.ab126fac51e5ddb11772ef6bfd60303d.jpg,night_sharp
13-D_NQ_NP_833431-MLM31711686180_082019-W_jpg.rf.b3505e65f7cca76b1b8e1d1059046a9e.jpg,day_sharp
quandoi110_jpg.rf.8cf3bd5cbf75d426bc9c5cec2cf68a57.jpg,day_sharp
CarLongPlate491_jpg.rf.8c6d51e960f9cdecc8f0413697c2339d.jpg,night_sharp
CarLongPlateGen173_jpg.rf.ec6b38ab5a3dcce809425927ee635795.jpg,day_sharp
CarLongPlateGen1539_jpg.rf.c1ed6fe5ef8fceb64c0a7e21821f63c5.jpg,night_sharp
pic_728_jpg.rf.0db376a197ee8e3976121b242c0a630d.jpg,night_blurry
xemay538_jpg.rf.319215588152983b42ddd25c79ed54aa.jpg,day_sharp
CarLongPlateGen198_jpg.rf.6cff14c1c01a78aed28b35e59c864e95.jpg,night_sharp
xemay1945_jpg.rf.dad78ca4d25a374a032a436a075a37f8.jpg,day_sharp
IMG_7022-conv_jpeg_jpg.rf.a31a0b709fdd52b4e67e36a8972da8bd.jpg,day_sharp
CarLongPlate585_jpg.rf.ccc3333e6ca3e137c703779e7b8a2d2a.jpg,day_sharp
CarLongPlateGen1929_jpg.rf.76aecfc6da970ffd72c115713b00aff4.jpg,day_sharp
xemay1424_jpg.rf.e34fd777c8523b5113011bb17e7e1cb0.jpg,day_sharp
xemay2034_jpg.rf.e70da2bc2c33d7c9df705d8c7fa0d920.jpg,day_sharp
CarLongPlateGen2941_jpg.rf.22b17fba173caa2822bc66070ab261fd.jpg,night_sharp
CarLongPlateGen1288_jpg.rf.a551271e752df8dc1ae0b6c23ed1db61.jpg,night_sharp
84-640px-Korean_License_Plate_for_Private_Passenger_car_-_Gangwon-1996-2003-_jpg.rf.414915e4bfd4ab99f17b033a060e37ef.jpg,day_sharp
pic_735_jpg.rf.c325bf281dd8cbbcb289667f27184ab5.jpg,day_sharp
xemay1382_jpg.rf.826f459f2b2c75159782910074ab8e6e.jpg,day_sharp
1000051_jpg.rf.b0ddc7c052430139f8f6d0a825492f59.jpg,day_sharp
xemay393_jpg.rf.dc6e4cd2d2a46dbf4730ab407a73408d.jpg,day_sharp
CarLongPlateGen979_jpg.rf.e4882a768e68247a4c0b0875e85ad6d2.jpg,night_sharp
01b5c6bc9d18b4e7_jpg.rf.b1f5aee938113471dacbd12f940fdb78.jpg,day_sharp
CarLongPlate727_jpg.rf.e1abc3ecf4a6a94395a96940d1447726.jpg,night_sharp
CarLongPlateGen812_jpg.rf.df3ece7315b53027a0eb1372b83da5c5.jpg,day_sharp
CarLongPlateGen2707_jpg.rf.36dc1d95de4829f2ba40996d8ed29536.jpg,day_sharp
CarLongPlateGen807_jpg.rf.703f43d223654f01f02e037a2d01c804.jpg,day_sharp
CarLongPlateGen1495_jpg.rf.15c17e71a79244ccafc2cf25edb821eb.jpg,night_sharp
xemay1173_jpg.rf.d289c8d435cebc6f9cf5daee9ccd3ad1.jpg,day_sharp
xemayBigPlate99_jpg.rf.97062a8eeff071ce4806b98ad3e71d0f.jpg,day_sharp
CarLongPlateGen3886_jpg.rf.466975cff18198c862446d96b40c21a0.jpg,day_sharp
CarLongPlateGen2161_jpg.rf.49178293a2ac9e6fc2b8f57b23d73781.jpg,night_sharp
CarLongPlateGen1667_jpg.rf.10f7ef0a039df5c492b2d9d35d12a805.jpg,night_sharp
xemay777_jpg.rf.23738cf334ff18d3a996cc7f86694e9f.jpg,day_sharp
Detect-20and-20Recognize-20Vehicle_s-20License-20Plate-20with-20M_jpeg_jpg.rf.5ac37171a9b9cf4aa0ce2f5f7fb249f3.jpg,day_sharp
CarLongPlateGen3047_jpg.rf.edf6f1755a9b8b293ca87757ca4f95ff.jpg,night_sharp
xemay502_jpg.rf.7b518b130a6531ffe2f2ad4d9e0baf2c.jpg,day_sharp
CarLongPlateGen1543_jpg.rf.ecdc25308a3f29dfe518b38848071965.jpg,day_sharp
CarLongPlateGen905_jpg.rf.837b79ffcd21fbed527f1ec5d7fb33d4.jpg,day_sharp
CarLongPlate119_jpg.rf.2f8e02dc0bc6c50e28b40d28c2fceccb.jpg,day_sharp
xemay1324_jpg.rf.59e8aec18e29c686b256ed541f82b8b1.jpg,day_sharp
CarLongPlateGen1394_jpg.rf.970c5319573c2a809c01fb88a132ecff.jpg,night_sharp
xemay501_jpg.rf.26b8d1a3de5b7235dfd2dbe2ea062148.jpg,day_sharp
256721_jpg.rf.687e105eb4c9a7638543b3727324185c.jpg,night_sharp
xemay262_jpg.rf.c5a6076e1dc7f511d3c59f6fd0006c04.jpg,day_sharp
CarLongPlateGen221_jpg.rf.b746958f595dd646229d50e05c7e2de0.jpg,night_sharp
CarLongPlateGen3851_jpg.rf.25d3ffd71ce72bac2542a3e398288108.jpg,night_sharp
CarLongPlateGen3741_jpg.rf.76144ef29b0008df053fefc3e74d9c4e.jpg,night_sharp
CGE13N_jpg.rf.7b0721d1c07ad88c51a6f8e9921e5ce6.jpg,day_sharp
xemay2208_jpg.rf.a40394e7a4a6a21acdf999396e44ba57.jpg,day_sharp
CarLongPlateGen3735_jpg.rf.1361e97d72e20502a33f75fe37260f18.jpg,night_sharp
CarLongPlateGen577_jpg.rf.c3ad9c650d284b196c9e16d4de10ef69.jpg,night_sharp
xemay1234_jpg.rf.5914798e20c94762e8e07c18c998db74.jpg,day_sharp
xemay916_jpg.rf.2f2a49b87a9c653666567e3eae1a6a0b.jpg,day_sharp
xemay1039_jpg.rf.fe460ec700d47065d131ab88d787ff1e.jpg,day_sharp
xemay1214_jpg.rf.651864b6163d262b8c3a5592120361f7.jpg,day_sharp
CarLongPlateGen451_jpg.rf.6cb9f0e547b7f4531f2de2e3297b1373.jpg,day_sharp
CarLongPlate759_jpg.rf.5a34c7e64f0f3f4ed8e6db5b68eb223d.jpg,day_sharp
xemay488_jpg.rf.c5064bfca5af1205c1726b7ef6c98b8d.jpg,day_sharp
CarLongPlateGen1680_jpg.rf.1890883c269877fbaa36c21d049eda35.jpg,day_sharp
xemay172_jpg.rf.5cc23c47c720cb8adac14521da223c3d.jpg,day_sharp
xemay2309_jpg.rf.213203895dda40c4f69ac8bd1ca3c116.jpg,day_sharp
CarLongPlateGen3127_jpg.rf.dee039e511fdd48074d7c7d55dab29b9.jpg,night_sharp
CarLongPlateGen1092_jpg.rf.93c535a44b34f0c31b24b62f527aaa53.jpg,day_sharp
CarLongPlateGen3881_jpg.rf.2c7321744ef16dd9ab0bae191a9d2e8c.jpg,night_sharp
rotatequandoi35_jpg.rf.9954c2bacd3ed8ad278beb1276d82baa.jpg,day_sharp
IMG_7037-conv_jpeg_jpg.rf.fa413c815e1c49adc109e0a4dcbc1e63.jpg,day_sharp
quandoi57_jpg.rf.769605f8f2060dd1a77db964a1ca3e6a.jpg,day_sharp
xemay739_jpg.rf.3bb204fe9aa1331da78eab6e7d53094c.jpg,day_sharp
IMG_7012-conv_jpeg_jpg.rf.23e1624161ebc2ac5adae70f20580f67.jpg,day_sharp
CarLongPlate643_jpg.rf.6b59636d3b0fcd4389dda4ca6df9f5a0.jpg,night_sharp
CarLongPlateGen2642_jpg.rf.2dc62ec8c72aa15a796d8beb165f7fe2.jpg,night_sharp
CarLongPlate78_jpg.rf.d4a4c8b431a8fbc99d428e446642c416.jpg,day_sharp
xemay1825_jpg.rf.34483e83ed2704f3462edb864122d859.jpg,day_sharp
xemay374_jpg.rf.3618d750b39cf0fc00bae2149588c804.jpg,day_sharp
brightnessquandoi82_jpg.rf.b45d9a89436a809ab2bbad4161ab2b23.jpg,day_sharp
CarLongPlate529_jpg.rf.6ef433c92cc540ee72f1b7200933cef9.jpg,day_sharp
xemayBigPlate135_jpg.rf.ffd1d9f91bb527ed5a6ac1435d104b54.jpg,day_sharp
CarLongPlateGen1257_jpg.rf.cca80a7fcf4d90190b153dec6e35d7e5.jpg,night_sharp
011313e10dcd6d12_jpg.rf.0a44d61aa9dbaed13b1a4f95025f6a09.jpg,day_sharp
CarLongPlateGen2868_jpg.rf.aa2ccb1065ba40d84b75598b237b2150.jpg,day_sharp
CarLongPlateGen2907_jpg.rf.e5e6a61fd5810ebe6ae39aa16ae952ce.jpg,day_sharp
xemay1209_jpg.rf.98421c6deb648f9a4c178ddd49b39a9c.jpg,day_sharp
CarLongPlateGen2524_jpg.rf.0d9709ae1ea7bebb7016e8260ebceb9d.jpg,day_sharp
xemay141_jpg.rf.942584a1b1038dc13f215a0894b87169.jpg,day_sharp
xemay72_jpg.rf.79073194256724596770eee428cafe92.jpg,day_sharp
CarLongPlateGen2541_jpg.rf.2e479856787ed1ccffd3d8c6034a0cad.jpg,night_sharp
xemay718_jpg.rf.de79a51e2b18fcbb2c2579131d1bb95f.jpg,day_sharp
CarLongPlateGen1056_jpg.rf.9175edd77765d7a795fdd7b6576442e9.jpg,night_sharp
pic_649_jpg.rf.94a70527ce236c775a7451899a2e3a5e.jpg,day_sharp
xemay161_jpg.rf.b8fee7c33f9ceeca08a35739d87eddc9.jpg,day_sharp
xemay136_jpg.rf.13a59a4e8dbca97284fbb9a3cf5f9be0.jpg,day_sharp
Car-20license-20plate-20hi-res-20stock-20photography-20and-20imag_jpg.rf.f0ecfcda4cc683c62211e8c3673ecff9.jpg,day_sharp
CarLongPlate977_jpg.rf.536912515934a63fb3fc57d93a339967.jpg,day_sharp
CarLongPlateGen2682_jpg.rf.45ad2fe611df986f55afaa74e2a42ae3.jpg,night_sharp
CarLongPlateGen457_jpg.rf.a71af4508e69304a0b0e3fd49b5e476b.jpg,day_sharp
1649292507311_jpg.rf.3eb490ee9387870738dc51f8d6d58adf.jpg,day_sharp
CarLongPlateGen2614_jpg.rf.316330d018f52de0d67b70ddb0e38b32.jpg,night_sharp
CarLongPlate149_jpg.rf.0d8a65360718f83f6dee20b2f3681f76.jpg,day_sharp
CarLongPlateGen2955_jpg.rf.38086baca79fd1d83b76409bc1c020c9.jpg,day_sharp
CarLongPlateGen2326_jpg.rf.7279c97d7e8d39525b4d7b8f644b4e80.jpg,night_sharp
xemay2370_jpg.rf.091fafb71ad53241a5d22a2c86b5138a.jpg,day_sharp
pic_129_jpg.rf.07bab9b1d14a5cb28431c939cda827ed.jpg,day_blurry
IMG_7002-conv_jpeg_jpg.rf.ec9c45df2aaec46248102f147d059849.jpg,day_sharp
1649292507303_jpg.rf.ce06a6996c15be22e16db3a8fca9f7d6.jpg,day_sharp
CarLongPlateGen1655_jpg.rf.aa9238f2c51c1de2fcd832d1dc73065d.jpg,day_sharp
xemay1541_jpg.rf.0cee74186614dfac1f7e988edde872c0.jpg,day_sharp
CarLongPlateGen1111_jpg.rf.2dcf57d2180d4b00b664801e482ab19a.jpg,night_sharp
xemay1276_jpg.rf.4c0978c27b3a01747c312a0447d3ed96.jpg,day_sharp
pic_524_jpg.rf.6443f11131251b23400ec96d3dff2e9f.jpg,day_sharp
86-2801780b5a91c76ce45b05812a8924cb_jpg.rf.85bc96a8e83dc1325e4a975387223099.jpg,day_sharp
xemay1090_jpg.rf.fbe5d888249cee28630f7c70786d2182.jpg,day_sharp
CarLongPlateGen2445_jpg.rf.e9c08e7311f5f1d4c749ceafe73e38fb.jpg,day_sharp
xemay2402_jpg.rf.9f6f19042955e333ff6c121030b58fe8.jpg,day_sharp
xemay2245_jpg.rf.6776344e9df1f8defee8c236491436fd.jpg,day_sharp
CarLongPlateGen3228_jpg.rf.e3456957a1dec9cff30a8a01b145a59b.jpg,day_sharp
Best-20License-20Plate-20Frames-20-Review-20-20Buying-20Guide-_y_jpg.rf.218e766b88f84d31672ab7bfa07e8af4.jpg,day_sharp
CarLongPlateGen2012_jpg.rf.b947c6825827bb4a941a4184a333503e.jpg,night_sharp
xemay813_jpg.rf.ce42180a584483400329b7f8f5ae1ab0.jpg,day_sharp
CarLongPlateGen299_jpg.rf.6c94b731c6755d2b03952c47b68f9f3e.jpg,day_sharp
CarLongPlate281_jpg.rf.c9d90062d2fa75e0ca3c698215c989cc.jpg,day_sharp
1649292507324_jpg.rf.c9b7a85780a3cf37d562b4ab679525db.jpg,day_sharp
CarLongPlateGen2118_jpg.rf.2ac9cb679255a3c35c93027e93ef4a40.jpg,night_sharp
3-D_NQ_NP_858868-MLM31711653804_082019-W_jpg.rf.ae6f2e7f6d4c6a3364fd78d54e855be6.jpg,day_sharp
xemay1229_jpg.rf.7f75152c69cf540ab82f358f7dfa3a4e.jpg,day_sharp
pic_064_jpg.rf.c72473e184e51de3cc2ee4597698dbfd.jpg,day_sharp
xemay774_jpg.rf.4ebbbe4edd724fd7b4bde0b0cccc9e2a.jpg,day_sharp
CarLongPlateGen1456_jpg.rf.1b570e44dc7e2e3a3f9810744da6a2a2.jpg,day_sharp
xemay2289_jpg.rf.ff6d0d9bc58f171caf10d0a9958cbebf.jpg,day_sharp
CarLongPlateGen3884_jpg.rf.268f3eca42eecda0872244c2bda2db7a.jpg,day_sharp
xemay1655_jpg.rf.747de193f3b7e5ba5cba6d03aab7ef82.jpg,day_sharp
CarLongPlateGen3503_jpg.rf.e7f253b23716e4e3a62ace99b4ff5936.jpg,night_sharp
CarLongPlateGen3623_jpg.rf.3497cd8dd2faa4ccb687a5839eca7e34.jpg,night_sharp
xemay520_jpg.rf.9e2d1645573ca52e98a21bfc1ebbdc62.jpg,day_sharp
CarLongPlateGen3568_jpg.rf.5b15400d46b03f6c22b93b2152a956a5.jpg,night_sharp
xemay978_jpg.rf.9d4a101467aaf919b3d282ee747bd0d1.jpg,day_sharp
CarLongPlateGen1550_jpg.rf.d83aaa91b414786820ca9a4bb52006c9.jpg,day_sharp
CarLongPlateGen983_jpg.rf.f0b620049c54a0bafab0e40003ce3d36.jpg,day_sharp
xemayBigPlate210_jpg.rf.fcf626e9ef57259a1d9e3a991ff65375.jpg,day_sharp
CarLongPlateGen374_jpg.rf.e5d4251abdae7537ea1846307fde2748.jpg,day_sharp
xemay407_jpg.rf.5a25560cfb2126c6a7a547ea321d763d.jpg,day_sharp
CarLongPlateGen238_jpg.rf.357e0005d22eeab8973b680afab3efd3.jpg,day_sharp
Cars390_png_jpg.rf.93b921972f434aa1d6383cf0ba544184.jpg,day_sharp
CarLongPlate570_jpg.rf.678f27e78f27452070198f5823583824.jpg,night_sharp
CarLongPlateGen1404_jpg.rf.3df750a7353dd5dfc1d1ea979f9e8c39.jpg,day_sharp
49-2400891706_b10a7e5b1d_n_jpg.rf.4634a8971c1678e645d58aff828dbc88.jpg,day_sharp
xemay623_jpg.rf.172cce908c0ca78347a234fa41cebf52.jpg,day_sharp
xemay2007_jpg.rf.f674352707676a02855727be7ca44a6c.jpg,day_sharp
xemay1237_jpg.rf.6988eab5c0c0377a6a4597fac1bb5679.jpg,day_sharp
pic_634_jpg.rf.ac4362dbf96d27d53b432c4e2d2f38a2.jpg,night_sharp
pic_279_jpg.rf.329a4ea095e4503f158cd5f6367b60ed.jpg,night_sharp
CarLongPlate390_jpg.rf.7a7b712f88cc07bbfdae9bc5b54e46e9.jpg,night_sharp
HAMSTUR_jpg.rf.3a0ea914c1c30e6ec00892fa5bfc1395.jpg,night_sharp
CarLongPlateGen2009_jpg.rf.8b4eef172822533237553af3a0827eb8.jpg,night_sharp
xemay638_jpg.rf.7982ced50fa3703b071f8dbdb5637e73.jpg,day_sharp
63-s-l1000_jpg.rf.5a595eddab7a7e3647c65f071506e64f.jpg,day_sharp
xemay644_jpg.rf.0a0079dbd7ceae0aed698c74096c6b20.jpg,day_sharp
pic_343_jpg.rf.803ede3e13014e977624d02798a18c82.jpg,day_sharp
xemayBigPlate32_jpg.rf.a84819083ac92f9ec48fffba9f1d7cd9.jpg,day_sharp
xemay446_jpg.rf.b53829a64e95f14ec27356c05a9cf7f8.jpg,day_sharp
xemay1032_jpg.rf.11c868f45f6ca0a9554f42eca4b5f7f4.jpg,day_sharp
xemay1286_jpg.rf.71d2bc5ca998dc23451142b073848ee6.jpg,day_sharp
xemay2318_jpg.rf.7569973e6a7309992972f46660bb0869.jpg,day_sharp
CarLongPlateGen2015_jpg.rf.818ec37d30c343ae7c5b981886b973cb.jpg,night_sharp
CarLongPlateGen1568_jpg.rf.c814c2552d113aae7d9f47f7e332228b.jpg,day_sharp
CarLongPlate500_jpg.rf.261b58170f763a0ad1dc2be487ed3d76.jpg,day_sharp
CarLongPlate869_jpg.rf.ca699454bc966c1a5b9da7655fa03be8.jpg,day_sharp
CarLongPlate752_jpg.rf.2791b2ecc0dde12ceb2271c81b89d7e2.jpg,night_sharp
pic_399_jpg.rf.af03c4d4a448f5eca21ec8156e0aef78.jpg,day_sharp
CarLongPlateGen3218_jpg.rf.107612e24bb17119e963d29ed49c3ecf.jpg,night_sharp
CarLongPlate447_jpg.rf.fc61ca10cc66689aee303c1534f19da2.jpg,night_sharp
xemay1272_jpg.rf.a9057a06934af520b72f70d40b7fe513.jpg,day_sharp
xemay1634_jpg.rf.900df41e9730c1e7134865769381b52c.jpg,day_sharp
IMG_7087-conv_jpeg_jpg.rf.4830d73d9fae5361172fba163f9cc365.jpg,day_sharp
Can-20Someone-20Really-20Steal-20Your-20Info-20From-20Your_yythkg-20-2-_jpg.rf.743540a10318d6746acaf2a75f568453.jpg,day_sharp
CarLongPlate779_jpg.rf.0140de8eeb668f4538a278f541b7db36.jpg,night_sharp
xemay722_jpg.rf.278ccb3518eac7fabf85a5dec98a523a.jpg,day_sharp
CarLongPlateGen828_jpg.rf.815735e760716639c1d1d506ae2d2bef.jpg,day_sharp
CarLongPlate833_jpg.rf.e1e63be11df7a2d991eabff55546412e.jpg,night_sharp
CarLongPlateGen1719_jpg.rf.5a8676df688fded5d18479d137c61aa5.jpg,day_sharp
CarLongPlateGen2956_jpg.rf.d50b1a7a85eb0ac666ca51955795cd28.jpg,day_sharp
xemay1476_jpg.rf.46ad3991c22463e7e4a667212fa72a3b.jpg,day_sharp
xemay466_jpg.rf.1eb50c3ed8bf952e0a3d815ba953a8b1.jpg,day_sharp
boderquandoi60_jpg.rf.dea75fbf61389e870729489ac728cd9d.jpg,day_sharp
CarLongPlate102_jpg.rf.941affa597fa7cb6665436b10a657138.jpg,day_sharp
xemay727_jpg.rf.3af9f5c6e5e058924ae0f5816270de69.jpg,day_sharp
0080f94f60085954_jpg.rf.e08d29cff7c135ea48cc6bc19080cedb.jpg,day_sharp
CarLongPlate55_jpg.rf.ce2adb000d009e9fcdb8b8ea2b257f8f.jpg,day_sharp
xemay2440_jpg.rf.5322b3587e3b87274efe627d4c7f480c.jpg,day_sharp
xemay2223_jpg.rf.64af2c92582c7f37e9947b51b141f753.jpg,day_sharp
CarLongPlate113_jpg.rf.e710c712413fa5d1be2317132f5e3923.jpg,day_sharp
xemay2325_jpg.rf.e7caa6e4d5e0ea9b80ebe92ce3130339.jpg,day_sharp
xemay2387_jpg.rf.1080d5b84b573c674c9e30bf2ae71051.jpg,day_sharp
xemay2142_jpg.rf.012847211763ad78bb1ba10122a7ab49.jpg,day_sharp
Cars98_png_jpg.rf.6ccda554da4c3d3f3ffa7b0d43e7658a.jpg,day_sharp
boderquandoi85_jpg.rf.c70cc8fa499e92b2992c3bd0e3e4a71e.jpg,day_sharp
pic_053_jpg.rf.f656cd6ffcf92bb82777d760ae37cf0d.jpg,day_sharp
CarLongPlateGen1825_jpg.rf.02db6b59a4183993b7ead1ff99273438.jpg,day_sharp
pic_437_jpg.rf.be28b42318f74d207b08511f1f2b6767.jpg,day_sharp
CarLongPlateGen3129_jpg.rf.9f98189ae1c51c8d0987b5aeea310cff.jpg,night_sharp
xemay1325_jpg.rf.0b9ccb3573cabc729fdf77fd4c76ade8.jpg,day_sharp
CarLongPlateGen911_jpg.rf.efa97572a9e667e65ae3dad22749b4a8.jpg,day_sharp
CarLongPlateGen463_jpg.rf.adb2876f19219f73a9b3af6a2038c440.jpg,day_sharp
xemay1462_jpg.rf.69478fd91aa3be535a03e04eebc6a7f4.jpg,day_sharp
pic_158_jpg.rf.8d874f10f126ab92a9724ec643fafd2b.jpg,night_blurry
xemayBigPlate145_jpg.rf.473d81956ceb39a012b66bf12154542f.jpg,day_sharp
CarLongPlateGen391_jpg.rf.0e11259a5e024a8e9b56ef5c6653c3f4.jpg,day_sharp
pic_698_jpg.rf.d6ddf8969fe18496595e1f7b95812b26.jpg,day_sharp
CarLongPlateGen576_jpg.rf.3a73f5be9d7bde799c9c593c63240112.jpg,day_sharp
CarLongPlateGen250_jpg.rf.3463a9d859d72c3021572d19bc876b4b.jpg,day_sharp
CarLongPlateGen781_jpg.rf.61a0662c755ec79089369dfb00092a56.jpg,day_sharp
CarLongPlateGen433_jpg.rf.992a8201c59c8d1a38f8235411e889b0.jpg,day_sharp
CarLongPlateGen3867_jpg.rf.745383f003a3621ba5976175f9719807.jpg,day_sharp
Cars17_png_jpg.rf.7e8a72bac18622a3c375015181722a0f.jpg,night_sharp
xemay1754_jpg.rf.f09002c276167e0487947858c983cd6f.jpg,day_sharp
CarLongPlateGen2930_jpg.rf.5f097142b5eaf41b0428a2badeec2ad2.jpg,day_sharp
CarLongPlateGen3141_jpg.rf.d77eff2922a66817c12bdb039f62b396.jpg,night_sharp
CarLongPlateGen1919_jpg.rf.e733245dae4bfcdb371cd95f59e0c5ff.jpg,night_sharp
CarLongPlateGen539_jpg.rf.b0a74ba98d6f53524865c992a190fc24.jpg,night_sharp
CarLongPlateGen1018_jpg.rf.9ebc33cb0fb65f0c306b692c9a53be4a.jpg,night_sharp
CarLongPlateGen1522_jpg.rf.f2640cc99ea64dc99e128700e4c179df.jpg,night_sharp
25-PLACAS-DE-GUERRERO-Y-CDMX-20181114071204_jpg.rf.6bc41b498994edb056b42dfd2397e52c.jpg,day_sharp
xemay177_jpg.rf.fe25d29061cdb3ab5bb66a868a935661.jpg,day_sharp
xemay415_jpg.rf.806157b527d573b3a49f12b85a52085b.jpg,day_sharp
xemay55_jpg.rf.9c25fb1e704a1cfcdfd350e94e36d785.jpg,day_sharp
xemay1687_jpg.rf.09bc207aa379794c40ccf5b63bcb206c.jpg,day_sharp
IMG_7069-conv_jpeg_jpg.rf.856f8d065be049723988743f352f0a61.jpg,day_sharp
Cars423_png_jpg.rf.4beb002ca9a57cac2570bcf5539fdf3d.jpg,day_sharp
CarLongPlate994_jpg.rf.d3e02617ded4130ac0aadde3c3720c33.jpg,day_sharp
CarLongPlate239_jpg.rf.722b6b8bb8e49ceb695e644ea84b4c9d.jpg,night_sharp
xemay191_jpg.rf.d7200dc5ddba76f8b07c00561064274a.jpg,day_sharp
CarLongPlateGen3116_jpg.rf.9e5484e5cf91ce4346bc6c18799c3842.jpg,night_sharp
pic_022_jpg.rf.9d5dd3b915b0bf7c4854af8eb9934c02.jpg,day_sharp
0164f00f5ff84349_jpg.rf.19d390dd71139ea6d83a5fd9bfcf8ecf.jpg,night_sharp
CarLongPlate936_jpg.rf.19a3f534702a523434d05c64bd6331c3.jpg,day_sharp
xemay462_jpg.rf.1976ca44edc5925c39e17b9d3939f6e8.jpg,day_sharp
CarLongPlate850_jpg.rf.b3e48aa48c4d6057290e67f08eebd376.jpg,day_sharp
CarLongPlateGen2539_jpg.rf.e09536d6299865a07587d0835f6839bd.jpg,day_sharp
Cars154_png_jpg.rf.2b22e67c7255e1ac37baaec972d5971b.jpg,day_sharp
Beijing-20license-20plate_-208-year-20wait-20for-20new-20energy_y_jpeg_jpg.rf.1d4b8a17e93d6ceda641eeaa0c9bed75.jpg,day_sharp
CarLongPlateGen1284_jpg.rf.161c5c98c22af0737fdc54738b70286f.jpg,night_sharp
CarLongPlateGen2291_jpg.rf.74dc6cbaa719e0242430f71447792a7b.jpg,night_sharp
CarLongPlate233_jpg.rf.38a41a4559ec1fd8c3c67c5f25c3b51d.jpg,night_sharp
CarLongPlateGen1126_jpg.rf.e6db3268db250416ef784d8fb2e7c91a.jpg,day_sharp
CarLongPlateGen3597_jpg.rf.8d78bf851162f829d7eb6e9f920b86b7.jpg,night_sharp
xemay728_jpg.rf.a3c76ac47247dd09a8348ad4f3e81aab.jpg,day_sharp
xemay1284_jpg.rf.bc37810f87aae53020efea1c8d687fdb.jpg,day_sharp
xemay2416_jpg.rf.11b3008e0b35dc74938b236d047e4dd9.jpg,day_sharp
xemay1199_jpg.rf.5dce95616b090ddf6956f4fa6a3bfbdc.jpg,day_sharp
CarLongPlateGen2233_jpg.rf.041c2d670cd989457ed71e86e56367c4.jpg,night_sharp
CarLongPlateGen155_jpg.rf.11b4eb124afe936d1fbf34efc5acb7a3.jpg,day_sharp
CarLongPlateGen556_jpg.rf.7d5289bafe1c2c41633570ec35f9318a.jpg,day_sharp
xemay1950_jpg.rf.175762b2e4960005ec42a116b7f02975.jpg,day_sharp
xemay1980_jpg.rf.b87d39e39c137272511f7206d55f0ca4.jpg,day_sharp
CarLongPlateGen919_jpg.rf.8b96192f081cb665af15eb632db07ccf.jpg,night_sharp
boderquandoi31_jpg.rf.98de2986e7c7d16e5a3aaa1050a08f44.jpg,day_sharp
xemay1432_jpg.rf.095453bb6fcde3408c3c57b4116f2ce1.jpg,day_sharp
CarLongPlateGen2826_jpg.rf.ec5c2e06d9229a6d4846e6244a6ae23b.jpg,day_sharp
pic_270_jpg.rf.c761710ef306ad118094b010155100dd.jpg,night_sharp
xemay296_jpg.rf.778c2188cb9e7ff952a4f00688f440de.jpg,day_sharp
CarLongPlate485_jpg.rf.f21137eee02017fe020e5170233931c4.jpg,night_sharp
CarLongPlateGen3598_jpg.rf.2feaf4e9ca2c0ba7c4a3ffc0b485b830.jpg,night_sharp
xemay2312_jpg.rf.1c092c9df40af5c8e67951e1add58215.jpg,day_sharp
CarLongPlateGen1271_jpg.rf.72b5193eba0ffd14125f31412eae4b80.jpg,night_sharp
cropquandoi69_jpg.rf.286085b28df14c952ffc7b18b50673a9.jpg,day_sharp
image3_jpeg_jpg.rf.75294077c30b85246cf4b57ab3c61123.jpg,day_sharp
cropquandoi99_jpg.rf.d9b5da7a08a2c2b23fda79f9c80505cb.jpg,day_sharp
brightnessquandoi103_jpg.rf.406b083323ac43e882cd6c6d78120ea3.jpg,night_sharp
CarLongPlateGen3492_jpg.rf.86c1b012cf7b79c8ba736bf9e9d539a6.jpg,day_sharp
xemayBigPlate82_jpg.rf.3ba285241855ff4185c24e30374f6461.jpg,day_sharp
Cars76_png_jpg.rf.d5d459b59bd92e338f7d66c7d8d496c0.jpg,day_sharp
CarLongPlateGen2929_jpg.rf.1b756a9c85b65817f183fcf9aece407e.jpg,night_sharp
CarLongPlateGen240_jpg.rf.8d0ce26e88c46f12e35e27f47d53c709.jpg,night_sharp
xemay1317_jpg.rf.ff6db5be36b4803917e04d009396a110.jpg,day_sharp
xemay1662_jpg.rf.07b38dc68bfe4b1691918b3f5c1b5157.jpg,day_sharp
CarLongPlateGen1819_jpg.rf.a6316af238d63155d23430b43d3c0211.jpg,night_sharp
CarLongPlateGen1976_jpg.rf.74ea4880b0d6848704b97c9f0b28ac27.jpg,night_sharp
xemay2015_jpg.rf.9bc4bba2ffaddd8983544bc02c909a8b.jpg,day_sharp
CarLongPlateGen2502_jpg.rf.45185d5e80eae8631ad314fa00b1a26c.jpg,night_sharp
xemay1456_jpg.rf.c580612d2b6860d5b5bca5be21d4e2a0.jpg,day_sharp
xemayBigPlate66_jpg.rf.e6f1f9d18c27425b702ca5d8171403e9.jpg,day_sharp
xemay770_jpg.rf.de55498c2315d8b11b966d0163d57357.jpg,day_sharp
xemay1834_jpg.rf.a926d9eb63392c3d0f17826e189631df.jpg,day_sharp
CarLongPlateGen363_jpg.rf.642d5f2d482e9b466ff1226a9ea63418.jpg,day_sharp
xemay1141_jpg.rf.ec31c74d7c178461947bf30905be09f3.jpg,day_sharp
xemay1727_jpg.rf.09a48817b461a19c4fed7c45380b6ba7.jpg,day_sharp
CarLongPlateGen485_jpg.rf.a89bf8e34b75899bdc7d9b96775defb4.jpg,day_sharp
xemayBigPlate4_jpg.rf.a7f6960fc7689c62876a81f7b8794ff9.jpg,day_sharp
1649292507312_jpg.rf.2da95503bdfb49513232fdfe8b939364.jpg,day_sharp
CarLongPlateGen3316_jpg.rf.282765ace5089879d1dee574e4537fa5.jpg,night_sharp
CarLongPlateGen1971_jpg.rf.e40cf5de8e17e091c76882498b62a55f.jpg,night_sharp
quandoi101_jpg.rf.9d883292e43008ae0e28aadb74f0605b.jpg,day_sharp
CarLongPlateGen1796_jpg.rf.29cc15246594467e3357689187712df6.jpg,day_sharp
xemay1273_jpg.rf.53c0fbf0bb9f4b06487e10a70eca3fee.jpg,day_sharp
CarLongPlate914_jpg.rf.08827a1a60afc7415fd4afe4f943ead3.jpg,night_sharp
xemay2489_jpg.rf.e814a18b56e76a8eeb7c51497a46f184.jpg,day_sharp
CarLongPlateGen1416_jpg.rf.2543d59041cb97072aae0c3107c5eb4a.jpg,night_sharp
cropngoaigiao10_jpg.rf.bd0c819517d5ac92dbfdcfbc55155534.jpg,day_sharp
CarLongPlateGen1176_jpg.rf.201685029d637e57b8789de8112fb2e7.jpg,day_sharp
CarLongPlateGen2136_jpg.rf.0011963b2136002e4113b3de6d716a9c.jpg,night_sharp
CarLongPlate514_jpg.rf.a9ce2c93cda333a601e4ef602c603820.jpg,night_sharp
CarLongPlateGen1728_jpg.rf.0ce2066caf8914604e7d7caaec9bbb4a.jpg,night_sharp
80-1024px-1938_California_license_plate_4P_57_25_jpg.rf.86d53bbdc438599d116f1e6d0005b17e.jpg,day_sharp
CarLongPlateGen987_jpg.rf.1db2e56416d19dff8839f60124821fee.jpg,day_sharp
Cars249_png_jpg.rf.a28ff90f37b3103bf87ff65b5aebdc1e.jpg,day_sharp
xemay218_jpg.rf.edcbb47c580b39b42707b32fdde321a9.jpg,day_sharp
CarLongPlateGen635_jpg.rf.ee65e0b9e0a1f1c0cac7140dda717a57.jpg,day_sharp
005706e3eb3d276f_jpg.rf.fc28efe96768ce9b299051c24a74121a.jpg,day_sharp
CarLongPlateGen429_jpg.rf.5ad63a07b8d613587c4ef2d85edb53c6.jpg,night_sharp
CarLongPlateGen1925_jpg.rf.64c2de1c7048498bcb90d97e011dd83d.jpg,night_sharp
CarLongPlateGen1060_jpg.rf.1b4833b193983ee840a895b2fcc52543.jpg,day_sharp
00492e9dbaf3c2a1_jpg.rf.e2318a20023d540e5823c6b2682576ea.jpg,night_sharp
CarLongPlate588_jpg.rf.25eb1d653f44c408648ce9ace6499725.jpg,day_sharp
xemay2352_jpg.rf.e2e61483d89377af8c38d5c2fd3607cc.jpg,day_sharp
CarLongPlateGen2666_jpg.rf.6e636c486646b08d079a42e3712c9ae9.jpg,day_sharp
rotatequandoi48_jpg.rf.13b3ae629bf250f11dfeba0735641ee3.jpg,day_sharp
4-cdmx2019_jpg.rf.f89b361120e505ff0950b11d41bdf539.jpg,day_sharp
CarLongPlateGen3644_jpg.rf.80c3d7136fab2b591c84c496bd883042.jpg,night_sharp
boderquandoi14_jpg.rf.793782128743a4091c6bb3589ac8dbe1.jpg,day_sharp
CarLongPlate164_jpg.rf.98e41ca9fa2c3618e63ce424bb3e2e3a.jpg,night_sharp
cropquandoi62_jpg.rf.2a62bd418c52be2979ffb564e0bcb6eb.jpg,night_sharp
CarLongPlateGen3078_jpg.rf.67a6f603ce4803f07c1d2c8e787a3621.jpg,night_sharp
Cars415_png_jpg.rf.221d45d4fb219af8d4e3fb95b43a7856.jpg,day_sharp
CarLongPlate402_jpg.rf.ad35d54d59e0b480e750a656e6f4ddd8.jpg,day_sharp
pic_195_png_jpg.rf.ba4bdc6c791128fd521583282153026c.jpg,day_blurry
CarLongPlateGen1808_jpg.rf.d233d6b527785c8f1cddc9112b2f73b7.jpg,day_sharp
CarLongPlateGen1938_jpg.rf.38ba75b9988891574fc160c64ac186d2.jpg,day_sharp
CarLongPlateGen1936_jpg.rf.94506c2e2d60f7a824ae4da2cefd3335.jpg,day_sharp
CarLongPlateGen2378_jpg.rf.8fec43dbf64a8a221a5ba9eec26e5450.jpg,night_sharp
xemay858_jpg.rf.ea685c83f0ea535b8dc7815f36c68753.jpg,day_sharp
CarLongPlateGen1621_jpg.rf.e913ee0cadabe03398608ad9133ad35d.jpg,night_sharp
CarLongPlateGen2491_jpg.rf.4e98c4bf427e81bce105259a398a7bc6.jpg,night_sharp
xemay1558_jpg.rf.64b5c94292e61d42d50567bfe58d3222.jpg,day_sharp
CarLongPlateGen3690_jpg.rf.27c75c5eaaf515e973abf8f40d7f63fa.jpg,night_sharp
xemayBigPlate128_jpg.rf.a0b30a0dc21aa6bc9cfa458723d57d78.jpg,day_sharp
CarLongPlateGen34_jpg.rf.d7d8fdf1608583fbda6409f08905fca3.jpg,night_sharp
CarLongPlateGen1591_jpg.rf.1c60b620a2ecb55ef3fc0b98f9c77409.jpg,night_sharp
pic_767_jpg.rf.69ba7259cb32ca307bc293be08854e3d.jpg,day_sharp
18-71EAMA2gJUL-_AC_SX450__jpg.rf.d3cb3aa7791f7e7fc0596c5e1bd808b7.jpg,day_sharp
xemay1967_jpg.rf.796922947138bc297aad9a187e239e8b.jpg,day_sharp
29-Placas_jpeg_jpg.rf.61bb884f0026613f22f009391859c4bf.jpg,day_sharp
70-5117602976_af2ebe15ef_z_jpg.rf.3f1ea2b4635526b40fc7819866d6a676.jpg,day_sharp
xemay409_jpg.rf.29ebf405e6c1a69c89d8e07bf3e3e5dd.jpg,day_sharp
quandoi26_jpg.rf.fbda9fa291c4465ce69bd3b1e119d6ad.jpg,day_sharp
CarLongPlateGen1788_jpg.rf.32404a3ad955f8a03f5e46d184b96fe7.jpg,night_sharp
xemay541_jpg.rf.7fc15b980d441d0f274cb8517318f68c.jpg,day_sharp
CarLongPlate46_jpg.rf.bb1f8827ae8b78b037ea52104a433bc0.jpg,night_sharp
xemay2203_jpg.rf.67c5e40852a38983c9c2f857667febec.jpg,day_sharp
LCA850_jpg.rf.5dd46876cebe343713b75b078040245c.jpg,day_sharp
CarLongPlateGen2990_jpg.rf.1b995e322bc2424213c91c968e9df859.jpg,night_sharp
CarLongPlate856_jpg.rf.afb1f3bacf76d4e44e67f1dc98175ffb.jpg,day_sharp
xemay354_jpg.rf.be69038c18d7d613a200a78713ae0998.jpg,day_sharp
CarLongPlateGen1179_jpg.rf.103be2e3d799cf260f725e17bd7fb56c.jpg,night_sharp
xemay1331_jpg.rf.a292afb3b12e45f05385b466eeaf6de9.jpg,day_sharp
xemay1302_jpg.rf.87eeec24385f1c90a17aba9a54024798.jpg,day_sharp
cropquandoi1_jpg.rf.a2365da51616efc63665e04813037967.jpg,day_sharp
xemayBigPlate27_jpg.rf.7cf012dfb87694db7febddb266523e0f.jpg,day_sharp
CarLongPlate505_jpg.rf.0bb045998d926e46697d2df548791e7a.jpg,night_sharp
CarLongPlate540_jpg.rf.bd4c3afe99d002e56e5d28377e2c54d2.jpg,day_sharp
CarLongPlateGen3391_jpg.rf.c5aa5621ea5e298caced90a901b64fbf.jpg,day_sharp
CarLongPlateGen1049_jpg.rf.7b0b50e4a2e969b36c0c503b4a0e8653.jpg,night_sharp
CarLongPlateGen2027_jpg.rf.68b0c89eddb00c2a0b29fc8c9d93017c.jpg,day_sharp
CarLongPlateGen3392_jpg.rf.4ae28fd4e4112f0eebca64753a084406.jpg,day_sharp
CarLongPlateGen392_jpg.rf.25c94100ffbc0cca66ad972753b5dc4a.jpg,night_sharp
CarLongPlateGen686_jpg.rf.0bea5cacae5c1a90d5165fe7b226e184.jpg,day_sharp
CarLongPlateGen1867_jpg.rf.3bc1a0f21d93d71cc2252af92bf4fecb.jpg,night_sharp
xemay839_jpg.rf.0689423aaeaf787610de851f552db7ff.jpg,day_sharp
xemay1569_jpg.rf.ed03a52dea0939d437a64c3d99189c16.jpg,day_sharp
CarLongPlateGen808_jpg.rf.ea5d472a36554c82886bf750dd2f2989.jpg,night_sharp
Cars184_png_jpg.rf.b5dbbf2d832214c2c85669b2a419e525.jpg,day_sharp
CarLongPlateGen3378_jpg.rf.82a741b58258edc2515669934a1f291d.jpg,day_sharp
019d57e7d8799f24_jpg.rf.3b2bb6b12865950bf5c6cdbf7b5a9c41.jpg,day_sharp
CarLongPlateGen940_jpg.rf.8e0f9d4cd39bca427fbdaf1604cb09f4.jpg,night_sharp
xemay1238_jpg.rf.200a20060bc1a4fe321a5097b5c96a03.jpg,day_sharp
CarLongPlateGen805_jpg.rf.e23c9580184e22561abe877f3c71f9de.jpg,night_sharp
Cars378_png_jpg.rf.37e6f50fc579f5370a6b15142b40d122.jpg,day_sharp
CarLongPlateGen1351_jpg.rf.624d29d479a17309003b8c819b2ca7fd.jpg,day_sharp
CarLongPlateGen3395_jpg.rf.30f8b87ba109be3a30bf11c5e29f4c10.jpg,night_sharp
CarLongPlate571_jpg.rf.9636f34dce583f1b46700e031a5384cc.jpg,night_sharp
CarLongPlate642_jpg.rf.ad169e98ccea0ae5f4d6c6fa7d1ec4e0.jpg,night_sharp
CarLongPlateGen1705_jpg.rf.82788cb69240b90c2dcd59a44c960091.jpg,day_sharp
CarLongPlateGen1502_jpg.rf.36acb17c4db324fc4354c5d6ad333944.jpg,night_sharp
xemay485_jpg.rf.6bac3408a92162b88aacd2fc0fb0b737.jpg,day_sharp
010abd2fab4f5949_jpg.rf.b265b7ed8570aa6a8b5b0e382a5e79b9.jpg,day_sharp
0145644b6378f2ea_jpg.rf.aa158127b4cdccdd793068bf04db7220.jpg,day_sharp
xemay57_jpg.rf.78c7231c215285d545cc5532a61a72cc.jpg,day_sharp
image20_jpeg_jpg.rf.432c516ce0d04685096edfa934a1bb37.jpg,night_sharp
KCB439_jpg.rf.8d6a982fadf84a6b5c1281b99b684a0a.jpg,night_sharp
CarLongPlateGen2805_jpg.rf.54d4d0271ea04be1e4d848660a724f2a.jpg,day_sharp
CarLongPlateGen1713_jpg.rf.354ccb18f8241494c760342de6bd3b16.jpg,day_sharp
CarLongPlateGen3802_jpg.rf.fdb1dbc53e42ddaa7152898d13e9c035.jpg,night_sharp
CarLongPlateGen416_jpg.rf.fb474f53a0bc5af2d81104d94347e60d.jpg,day_sharp
xemay1101_jpg.rf.a8f36995fe8b449564be723ac5d5f8a2.jpg,day_sharp
CarLongPlateGen941_jpg.rf.06f2be0bfb72511fa78c1dd74035aa6c.jpg,day_sharp
CarLongPlateGen3383_jpg.rf.b8c515ed1f6bcd08df7453ebc9e528e6.jpg,night_sharp
xemay257_jpg.rf.87f27029e3c5d49bfc6b0059d3f8c592.jpg,day_sharp
CarLongPlateGen400_jpg.rf.410d1b9429e078e0edef886bcd83122d.jpg,day_sharp
CarLongPlateGen1758_jpg.rf.050c3f16a70a3c0a3af67a230fbf87da.jpg,night_sharp
CarLongPlateGen2036_jpg.rf.b57884990cd581395720b36ae2864497.jpg,night_sharp
xemay1653_jpg.rf.32289800ea53e9470dec6bdc63a21cfd.jpg,day_sharp
rotatequandoi92_jpg.rf.eaf334005759521e67dc63d1ced1a54e.jpg,night_sharp
NHZ1002_jpg.rf.d4f6865ad524d9f371fb11a35b939079.jpg,night_sharp
CarLongPlateGen3605_jpg.rf.240cf18bd55f88607f43d8c72fbeab44.jpg,day_sharp
xemay323_jpg.rf.8ea99db859336552350aba75b0b516a5.jpg,day_sharp
CarLongPlateGen2514_jpg.rf.31daa5f87388c104a7d0567937758d75.jpg,night_sharp
xemay1726_jpg.rf.31d618490ba78adeeed4125bfee09c20.jpg,day_sharp
xemay1884_jpg.rf.c45d8972b6344444e0af936f0d5ea9db.jpg,day_sharp
xemayBigPlate169_jpg.rf.dadd45a01aeb426bd07d664966e9e2fa.jpg,day_sharp
xemay1700_jpg.rf.7a14c34b235563a386175742b94e9965.jpg,day_sharp
xemayBigPlate114_jpg.rf.a40e794ff45975b27e1e18b709dc23cf.jpg,day_sharp
RDHE4D_jpg.rf.d0446d466d0c1fece8f41221b737c072.jpg,day_sharp
xemay320_jpg.rf.aee6b20ad01971cfc7b2691530b1e5d3.jpg,day_sharp
00403b390556e56d_jpg.rf.90af5d7fd45abb2b09e2fb1d6cd6f014.jpg,day_sharp
8T8A8881-web-900x600_jpg.rf.9aee55a5728b446828cedb84e4e312d4.jpg,day_sharp
pic_576_jpg.rf.06956ca1c2b79f92a679df5a65e2e883.jpg,day_sharp
CarLongPlate58_jpg.rf.eca00615a068f39f4cb54c0755dbfdee.jpg,day_sharp
xemayBigPlate92_jpg.rf.49ac44f77c27ea5579d7cab72b985cb1.jpg,day_sharp
xemay981_jpg.rf.2c84a46e06d5a5b3e97fad878b7154a5.jpg,day_sharp
pic_765_jpg.rf.f34a863e9f4e2b9cb6fbc47c0b3777a4.jpg,day_sharp
xemay2140_jpg.rf.135fddb3e606e8c8a57cd844ba9d5946.jpg,day_sharp
xemay491_jpg.rf.ecfe2f6b3b83c95046284068fc9bbc19.jpg,day_sharp
xemay816_jpg.rf.9297ac2438125ea8402a769ad53b9420.jpg,day_sharp
brightnessquandoi17_jpg.rf.6faa2d19b59307705b4ebf46368ec174.jpg,day_sharp
Cars101_png_jpg.rf.722dab3d9fc6eecd47506503bc3b3522.jpg,day_sharp
boderquandoi18_jpg.rf.2ba8347def7d4c1c2be4810ce4a08a6a.jpg,day_sharp
CarLongPlateGen1593_jpg.rf.4232469f93937f14001c200847ee1b09.jpg,day_sharp
CarLongPlateGen3664_jpg.rf.4e0aa41f388c19746b62a8bda29202d8.jpg,night_sharp
CarLongPlateGen151_jpg.rf.b0f89a862fae1f1ef31b924a6ee09961.jpg,night_sharp
CarLongPlateGen887_jpg.rf.f1e9f23876cc8590d23036cbf3ab73d4.jpg,day_sharp
CarLongPlate278_jpg.rf.81d357ba05be0135591b2492a6725800.jpg,night_sharp
xemay1637_jpg.rf.7dae36f999bd44bb9aa2f5e3bef1c294.jpg,day_sharp
xemay1863_jpg.rf.4b8abf19c1ea92dead8eb258a15f994f.jpg,day_sharp
rotatequandoi51_jpg.rf.cfd57cdd20747860469dea7fef8a0e5a.jpg,day_sharp
xemay396_jpg.rf.7dbc78c67c91b6d23e994c691079cfff.jpg,day_sharp
CarLongPlateGen2569_jpg.rf.6c87fe43eec45ce4b91b8ec776448c9f.jpg,night_sharp
CarLongPlateGen3512_jpg.rf.ef496c400b0c176076c7afcba32fb400.jpg,night_sharp
CarLongPlateGen2099_jpg.rf.3d172835a1b7cb66826f7ec3dee13172.jpg,night_sharp
xemay1954_jpg.rf.96e88b09fb8c8493f51842921158638c.jpg,day_sharp
CarLongPlate241_jpg.rf.119d730918423322e74dfb9ccafb666e.jpg,day_sharp
CarLongPlateGen1194_jpg.rf.0bc69ae3d760ac3390e274da1023d583.jpg,night_sharp
Cars27_png_jpg.rf.1920cd709e2c6ffcbb2ac826eaba1e3d.jpg,night_sharp
014ba19f37c0a46c_jpg.rf.82190f4e630b9aa82e0280aebe558835.jpg,day_sharp
CarLongPlate115_jpg.rf.86e59db904e95edbc166de5ce9137e98.jpg,night_sharp
CarLongPlateGen2051_jpg.rf.16fcb9486570c9202f267d5defc3dd64.jpg,day_sharp
CarLongPlateGen740_jpg.rf.4761f34b98f5d9bfaadbd299ab6d92b5.jpg,day_sharp
CarLongPlateGen1463_jpg.rf.4b2b4df52ccfbe7725c136bf47e24a4b.jpg,day_sharp
CarLongPlate513_jpg.rf.b6a37c671b84085715fd8d5726888792.jpg,day_sharp
xemay260_jpg.rf.43261c6c55cb0f64a106927ad910bcb5.jpg,day_sharp
CarLongPlate883_jpg.rf.62d74dc707d38d22d7dc1a63bb2df90c.jpg,day_sharp
CarLongPlateGen988_jpg.rf.79bf473b6355eec903760956187898ad.jpg,day_sharp
CarLongPlateGen3778_jpg.rf.3b3951f55c8b64f545403913abc805e9.jpg,night_sharp
Cars130_png_jpg.rf.ed5866e59bf05fcef1eb892c8fb8ceb0.jpg,day_sharp
pic_083_jpg.rf.da9fd863243cc4f7fbe8ea33c82e1197.jpg,day_sharp
xemay1866_jpg.rf.7e836dab2c501c12dcd364b6d5aa5eb6.jpg,day_sharp
CarLongPlateGen2650_jpg.rf.2b75431d9fae063ac371256a4a34e909.jpg,night_sharp
xemay1908_jpg.rf.6a9b4883994055ed73de777b0bc4a9b0.jpg,day_sharp
xemay1696_jpg.rf.375133e7bf969ac83a8de656eedf4017.jpg,day_sharp
CarLongPlateGen2025_jpg.rf.d7ef88c71da5c8c68e953142c167f6cb.jpg,day_sharp
xemay1698_jpg.rf.9a5a889f002b9aefc915f1430f7c3859.jpg,day_sharp
CarLongPlate953_jpg.rf.914de969c1ed45d65b107681d1156631.jpg,day_sharp
IMG_7080-conv_jpeg_jpg.rf.a8051372fa6a51e7a766de45fddd35c7.jpg,day_sharp
quandoi67_jpg.rf.51c65ca8f735e5b9268d23eaf92e5b0f.jpg,day_sharp
CarLongPlateGen385_jpg.rf.3dbcff1488c0e026d0bb1bf9fb867004.jpg,day_sharp
xemay585_jpg.rf.ce192504f05ae9f10df2aa80ebb5f8e0.jpg,day_sharp
xemay413_jpg.rf.2cd3eceb3b360c7317a6ade0fe45bb21.jpg,day_sharp
CarLongPlateGen1172_jpg.rf.12102b909c47813dfc35cf1eba6c5869.jpg,day_sharp
CarLongPlate898_jpg.rf.d21685c82c71c4addf0b58c498cdc555.jpg,night_sharp
pic_521_jpg.rf.521d907b2cb224624daa5558901d8441.jpg,day_sharp
xemay2396_jpg.rf.b13e4edf55f47d8f61e5e3767ee5204a.jpg,day_sharp
xemay883_jpg.rf.9eb10ee778d8abf1551b06585d84367a.jpg,day_sharp
xemay440_jpg.rf.a876ac3c072d676418e9a8a5a695091b.jpg,day_sharp
quandoi104_jpg.rf.e9316a96992f2506af38494edc624609.jpg,day_sharp
CarLongPlateGen3066_jpg.rf.df82b6968a44468bf9b966f49af53189.jpg,night_sharp
CarLongPlateGen1587_jpg.rf.1e69314647a20465c745323ae9408e13.jpg,day_sharp
Cars340_png_jpg.rf.795bdb24055391c5e4108418d047727d.jpg,day_sharp
xemay1823_jpg.rf.4bbf6ec0e0c198f6a565898ff72e5e8d.jpg,day_sharp
CarLongPlateGen3694_jpg.rf.81bb9e645354b2fa6d6d8a5d4b27a6e5.jpg,night_sharp
images18_jpg.rf.f44f3377d05187e31b7fd135a4f50a7a.jpg,day_sharp
images3_jpg.rf.949507749e8afd6975ad082e72957dfe.jpg,day_sharp
xemay2079_jpg.rf.cc760f56399fbdaf4aa6fa0ffd3525d5.jpg,day_sharp
CarLongPlate189_jpg.rf.dd74123bf205dfb2d78766db0225ab17.jpg,day_sharp
Cheap-20automatic-20license-20plate-20readers-20are-20creeping_jpeg_jpg.rf.c5d4eff9df2f635bfd8c261233dd5d31.jpg,day_sharp
xemay2262_jpg.rf.2295f98df4d7730f1261718a29c384a4.jpg,day_sharp
CarLongPlateGen3385_jpg.rf.f55c23e0d1ff164a941d6b70bd548eaa.jpg,night_sharp
xemay1096_jpg.rf.a3a1ca0c216318248134f2dde2e0aefa.jpg,day_sharp
xemay1616_jpg.rf.399445293602722e7f39da8aefffbe0c.jpg,day_sharp
CBMUK_jpg.rf.27acfc02fba042eac3e2e9b7018cf4c9.jpg,day_sharp
CarLongPlateGen3106_jpg.rf.8e3851e7aa3fdd22d67111a5ae5176c9.jpg,night_sharp
IMG_6985-conv_jpeg_jpg.rf.6698a6deef73502e4148ea9fd5c378ba.jpg,day_sharp
cropquandoi30_jpg.rf.9d783c9b3e958d93c9dcb071a276fa99.jpg,day_sharp
quandoi10_jpg.rf.6c5b8ad4865ebdc3fea85f5c4c87f251.jpg,day_sharp
CarLongPlate978_jpg.rf.3fb9257b009ab02d525d1815fbe64592.jpg,night_sharp
CarLongPlateGen274_jpg.rf.f0512bdc55bcb8415202385957a86311.jpg,day_sharp
xemay2082_jpg.rf.eccc1357f5701bc539fd10c344313724.jpg,day_sharp
pic_067_jpg.rf.fcc912dd4d142deffe7f1e6e4c01a600.jpg,day_sharp
CarLongPlateGen3500_jpg.rf.70f19263526e5d9240e56d1fe9421388.jpg,night_sharp
CarLongPlateGen1026_jpg.rf.aacf1ce5593fd0bbb5faffa75db92464.jpg,night_sharp
xemay979_jpg.rf.60ec68fa930fa389df286f1885ec851e.jpg,day_sharp
01f32030f855c316_jpg.rf.76b2e284650f9ddd3a95a49dd5da5ec6.jpg,night_sharp
CarLongPlateGen1710_jpg.rf.7eb1fc61351b469515817779b1285844.jpg,day_sharp
CarLongPlate526_jpg.rf.286feef4b14c832d874bc77118d692d2.jpg,day_sharp
CarLongPlate329_jpg.rf.2cfe06a2e36aa13106f6e4b47d4467ef.jpg,night_sharp
1649292507328_jpg.rf.6ab55e5b3ffbd4fbb1f1030122582782.jpg,day_sharp
CarLongPlateGen3168_jpg.rf.f3ceba160e801a7b38f23f84c0800c4e.jpg,night_sharp
xemay1559_jpg.rf.731212dc13ae3224ca926386e35f716e.jpg,day_sharp
CarLongPlateGen454_jpg.rf.64fe4867f83a953363cc51acde66376c.jpg,day_sharp
CarLongPlate621_jpg.rf.bb1414bd152f891fb1763d98d2a8c466.jpg,day_sharp
CarLongPlateGen3319_jpg.rf.09a5c24df1d9ae1cba6d0af0ba95451e.jpg,day_sharp
xemay247_jpg.rf.939950dc34061ba0d74d854529f2f7ed.jpg,day_sharp
CarLongPlate543_jpg.rf.6155fbfa1e2c84260eebc1cf04abfb04.jpg,day_sharp
CarLongPlateGen2364_jpg.rf.ab29014eed9752683ceed8a663db0639.jpg,day_sharp
01e846c846a1509e_jpg.rf.fe4ac1b73438776a4b7d6ffacafe0a81.jpg,day_sharp
CarLongPlateGen2819_jpg.rf.c6ede91f37bf813076262895b8c6fa6d.jpg,night_sharp
xemayBigPlate110_jpg.rf.2ffb7d97bafc4910ebe625ef4ead2eb7.jpg,day_sharp
19-GRO-GY-99-999-Carga_jpg.rf.c052a4a9f195dc0e85c7885b15cf31ee.jpg,day_sharp
001ca84e28488f7a_jpg.rf.bb34bcdff53bb03b16a1ff12766f5dc3.jpg,day_sharp
CarLongPlate142_jpg.rf.60b33ae27d58dc45a8ec7261a1911fb3.jpg,day_sharp
CarLongPlate318_jpg.rf.0df6244b50a497d6783bcc191908ccf6.jpg,day_sharp
pic_305_jpg.rf.8eaba2e2a7a4dd037a27eee8217eed1b.jpg,day_sharp
xemay734_jpg.rf.821c2d4f609471ea5ab471092416fdaa.jpg,day_sharp
CarLongPlateGen364_jpg.rf.777b0a5d3f3f211cde9bf05a33b379fd.jpg,day_sharp
xemay610_jpg.rf.90265dbd0cccf7cc2f5a7e5d6e313d13.jpg,day_sharp
CarLongPlateGen1718_jpg.rf.a9f3fc81ca1711443cd299de5f8a426b.jpg,night_sharp
CarLongPlate971_jpg.rf.f2c3ec897e306a31403e8897992bad99.jpg,day_sharp
CarLongPlateGen2527_jpg.rf.847327936a30c066ffb77d7adac912e8.jpg,night_sharp
CarLongPlateGen1643_jpg.rf.2204518aff78e844f2c15119c8ff944a.jpg,day_sharp
xemay1606_jpg.rf.dc1f1ca942d2d0fb132f8a4cf9afd54a.jpg,day_sharp
brightnessquandoi83_jpg.rf.c59a1ac051aa639e9c1ff616983a0acb.jpg,day_sharp
CarLongPlateGen347_jpg.rf.184b6998e45832ad1ec170c977dd3c9e.jpg,day_sharp
IMG_7044-conv_jpeg_jpg.rf.6bb1ef5f31f3a100ba4d8e2a1cf2eda0.jpg,day_sharp
CarLongPlate269_jpg.rf.b919d7a5d62528949f3d6492904c9e27.jpg,night_sharp
CarLongPlateGen460_jpg.rf.0c56ec7db10e590eb6a09039f94891b8.jpg,day_sharp
xemay1051_jpg.rf.d878950ab60a09498d4df8a5048516cd.jpg,day_sharp
pic_340_jpg.rf.98b630325ada466fbe911863405c0aa9.jpg,night_sharp
xemay2050_jpg.rf.031895c13aceb818a5af0bb8c8eee4cf.jpg,day_sharp
rotatequandoi106_jpg.rf.d06b60b4d585394ce8450129915d00b8.jpg,day_sharp
brightnessquandoi40_jpg.rf.8fab6da628d25cad42f11821f5aea25e.jpg,day_sharp
pic_313_jpg.rf.45fc41b16a2f2a4ea759707e69402d75.jpg,day_sharp
CarLongPlateGen2977_jpg.rf.e642fa7df75f6603aee4522d63ae216f.jpg,night_sharp
xemay1458_jpg.rf.b47e1b787e14d649d4723ccd3e16f983.jpg,day_sharp
xemay937_jpg.rf.eb0ff2cc7d7b79aae8b5284fad776cd9.jpg,day_sharp
xemay2196_jpg.rf.5a5fee7daae4edae2ac7048e8fa405bc.jpg,day_sharp
CarLongPlateGen3069_jpg.rf.76d4c05c5609ce70051ac938ef1d78fb.jpg,night_sharp
0323fec91cc6ad95_jpg.rf.04c25d0f113b3575c1e56b9f65c810c7.jpg,day_sharp
xemay1962_jpg.rf.3512d2cf8ed4e036f208b7fbf2427023.jpg,day_sharp
image6_jpeg_jpg.rf.26f11c2762069a8670b8fca0e2bc9fb5.jpg,night_sharp
xemay286_jpg.rf.6780a71fadeafdda90cb523b2f8d06a3.jpg,day_sharp
CarLongPlateGen1842_jpg.rf.c7cc919b8d3b3c431fc5218b8687334d.jpg,day_sharp
CarLongPlateGen2395_jpg.rf.ed41149388004c4c27495fc4e0d3b5e7.jpg,day_sharp
CarLongPlate619_jpg.rf.0f9b10fa56eb922462e3e73e25e4c92f.jpg,day_sharp
CarLongPlateGen2320_jpg.rf.e0fdbfed8f251003ce4dc178a06aa426.jpg,night_sharp
pic_264_jpg.rf.19ece7c5e6e72ba31ad78d7a5cfa4f0d.jpg,day_sharp
CarLongPlateGen3521_jpg.rf.81771d9515f597e9096d502d60340c71.jpg,night_sharp
xemay35_jpg.rf.80eef80ff436a1b90ee19e9ab26dfe1c.jpg,day_sharp
CarLongPlate167_jpg.rf.b31dd45e748d3b54b212f5dae3898489.jpg,night_sharp
CarLongPlateGen2597_jpg.rf.8dc1ee279b1fa5ce1c2614b5f94dac0a.jpg,night_sharp
xemay1517_jpg.rf.c37d9160ed82a24c330882ce256342a2.jpg,day_sharp
pic_014_jpg.rf.724fc81b65e7011d77d362804913970b.jpg,day_sharp
CarLongPlateGen2026_jpg.rf.22bdb1b4ee56aed6160808f867871721.jpg,day_sharp
CarLongPlateGen2578_jpg.rf.63f1a202de904c0b681137ab68996646.jpg,night_sharp
00268794e47eba14_jpg.rf.5562128d881a29957599cdaf13020fbb.jpg,day_sharp
CarLongPlate280_jpg.rf.c1baacd3bf97365df6087480eb538ff5.jpg,day_sharp
boderquandoi15_jpg.rf.7d5f74d9bbb27d327e031d6542bbd780.jpg,day_sharp
xemay1084_jpg.rf.f42f02e758dcb912e291f34f55c1162a.jpg,day_sharp
xemay1683_jpg.rf.cc7386a7d73a89b5663c28baa1c57b67.jpg,day_sharp
CarLongPlateGen2377_jpg.rf.7f15c0f6ecf6c2e5a58d06fcbeccecb6.jpg,day_sharp
0189de61d70fabfe_jpg.rf.bbc3a6d4d8b59c1e144730ca7e75f5e8.jpg,day_sharp
CarLongPlateGen3787_jpg.rf.ab704338300805ce5aff57292d98f99c.jpg,day_sharp
CarLongPlateGen225_jpg.rf.b2b3932275c2f006b6ca7212792be542.jpg,night_sharp
CarLongPlateGen3280_jpg.rf.bac82b5b2507f20abedaca363a8fcca9.jpg,day_sharp
CarLongPlateGen126_jpg.rf.fc8378cb4ddd62060c0a2481f20fb3b3.jpg,day_sharp
CarLongPlate702_jpg.rf.0b4653f86b06155d5f4739c0c0eced59.jpg,day_sharp
CarLongPlateGen2962_jpg.rf.e03dad40cb7c365c626597f66186174d.jpg,night_sharp
brightnessngoaigiao8_jpg.rf.6a31c41677790b9148e66317fe901c0e.jpg,night_sharp
CarLongPlateGen655_jpg.rf.fdbf744ad2f5eb9e788962a87cfe77bc.jpg,day_sharp
IMG_7035-conv_jpeg_jpg.rf.39f6b3bd95cc7cde44e0b1e89484cd5d.jpg,day_sharp
xemay463_jpg.rf.464917077e45a3328bdb79ea70e30361.jpg,day_sharp
CarLongPlateGen109_jpg.rf.91078726c5dfe9e825272197d3f08f4d.jpg,day_sharp
CarLongPlate565_jpg.rf.73b699dccca5a0e5b3eb9c9f059a01a1.jpg,night_sharp
CarLongPlateGen1187_jpg.rf.9d2d6480832526b3468ac841e8be4184.jpg,night_sharp
xemay1375_jpg.rf.eec40083034d86e849a46a1017957325.jpg,day_sharp
xemay1291_jpg.rf.02f6d9727b54b99316bcf15805c2c64a.jpg,day_sharp
CarLongPlateGen1186_jpg.rf.a58a5e67c25df6ca39240d95cfa9f765.jpg,night_sharp
xemay293_jpg.rf.9435a48b229c7371d3e220af4613d774.jpg,day_sharp
CarLongPlateGen1470_jpg.rf.7ee787538e1677618299914012ec09ab.jpg,night_sharp
GettyImages-144070297_jpg.rf.a44a03c486115718996f56b88ce59fb0.jpg,day_sharp
xemay1260_jpg.rf.3bc64d851754dfd0ba79a4fab3f19f1e.jpg,day_sharp
boderquandoi25_jpg.rf.a575c0e593b6e93426feee07c543c500.jpg,day_sharp
CarLongPlateGen1210_jpg.rf.d397a3a69d8e57c31ac1056b880bb1f3.jpg,night_sharp
CarLongPlate424_jpg.rf.e5a7e9485e292ab0089202927d02fc76.jpg,night_sharp
xemay312_jpg.rf.3b107bb1f92e986bad14cec7db4bbc56.jpg,day_sharp
CarLongPlateGen73_jpg.rf.e682a7fb2f989c74361efc474d4195d5.jpg,day_sharp
xemay824_jpg.rf.80bb4194cb2c1993c636990ac48b98a5.jpg,day_sharp
CarLongPlateGen931_jpg.rf.b1692decf75504d6b1598ab599ef2f3d.jpg,day_sharp
CarLongPlateGen1998_jpg.rf.fde744b34c02d79202d9905adfbab2c7.jpg,day_sharp
CarLongPlateGen3417_jpg.rf.0be2b4b8ac2496fe6901a8cf20db309d.jpg,day_sharp
Cars323_png_jpg.rf.4ac4e087f900c3b03c0391296439af82.jpg,day_sharp
xemay1723_jpg.rf.7553cd44900b97e8c3c80ed06c00a16c.jpg,day_sharp
xemay348_jpg.rf.cd0c60eb69e2433d7fe2ec2476ffee2d.jpg,day_sharp
CarLongPlate314_jpg.rf.0530ff0ad0d861e1725337127b91e8a8.jpg,night_sharp
pic_480_jpg.rf.faafe0d93ebdd079c45e61384a4546d7.jpg,day_sharp
1128NS_jpg.rf.dce09577393705ba150842560feac4bc.jpg,night_sharp
pic_177_jpg.rf.0b70ff189e4dd2d3646e1e25d25dd5a4.jpg,day_sharp
CarLongPlateGen963_jpg.rf.0a05f3c4c7ccfe901fb94cd627f3fc2e.jpg,day_sharp
CarLongPlateGen3726_jpg.rf.3ef5058c5d90df3da51ca59e02da978c.jpg,night_sharp
CarLongPlateGen3747_jpg.rf.03638b7b209952510cac7e4a879f6fb7.jpg,night_sharp
cropquandoi11_jpg.rf.ca77d3dc25b6d76435c1271a9a4bf0aa.jpg,day_sharp
xemay554_jpg.rf.f73c1705e411b84f14b4041da244f2d5.jpg,day_sharp
IMG_7068-conv_jpeg_jpg.rf.adb3066ba6680a963edf84d719c8ac82.jpg,day_sharp
xemay1641_jpg.rf.2f3084e1c4ad3c3ca001d75186e80599.jpg,day_sharp
CarLongPlateGen2916_jpg.rf.95adb60b1559e190cb21a1fbc7ef81b2.jpg,day_sharp
CarLongPlateGen993_jpg.rf.e373fab2259b2051f878f450bc38581b.jpg,day_sharp
CarLongPlate185_jpg.rf.153ca9d9f8528372c14a6e453a69c264.jpg,night_sharp
CarLongPlateGen1077_jpg.rf.0de583a974685b3db7acc003d92370fb.jpg,day_sharp
2-s-l640_jpg.rf.6e59b4803e3f2982bed6b0fe5a290fd8.jpg,day_sharp
CarLongPlateGen3071_jpg.rf.e25d025d0495a55ad20a15419bcdda7f.jpg,day_sharp
xemay1369_jpg.rf.de95990e17c9db16c30fd20687c5b185.jpg,day_sharp
CarLongPlate601_jpg.rf.8b6bb1091b93f362926bf816b32e9ab7.jpg,night_sharp
CarLongPlateGen1848_jpg.rf.4b963218770a33c89679b6db1af04fac.jpg,night_sharp
CarLongPlateGen938_jpg.rf.046698a795c46f65ca5aa10ac5953788.jpg,night_sharp
Cars19_png_jpg.rf.ff5c7405277913e5d7844bca125c7d78.jpg,day_sharp
xemay2300_jpg.rf.21f7ae14a9ca77f364ccafeb49d51e4f.jpg,day_sharp
rotatequandoi52_jpg.rf.0f792ca9f83edede68d2d5591264f236.jpg,day_sharp
xemay237_jpg.rf.cb8b5935a055a832ef693c3c6ceb66b8.jpg,day_sharp
pic_763_jpg.rf.ef76a5e204660321d76efe7fdf33be8a.jpg,day_sharp
Cars263_png_jpg.rf.b814c5efc87677718d08fc9b38a32d67.jpg,day_sharp
xemay573_jpg.rf.d3235bf7a5bfdbededaa5e894552d9f2.jpg,day_sharp
xemay1170_jpg.rf.a5fd2d3eea49402785426d04b4ac74f0.jpg,day_sharp
CarLongPlateGen1035_jpg.rf.e99bbab5c443fd1e14cd409ccfc3319c.jpg,night_sharp
xemay34_jpg.rf.9fd4e3fe590df031505fc219454f4e1f.jpg,day_sharp
xemay1928_jpg.rf.b5ebf8e18e858aec2c8e3416777ee1ab.jpg,day_sharp
CarLongPlateGen3244_jpg.rf.4509e7893ceb6b931a89742cf52528bf.jpg,night_sharp
xemay765_jpg.rf.1e0a86e49db4f769b7cf4e60d725f2fe.jpg,day_sharp
quandoi40_jpg.rf.1b820cb5c7deb905a5cbabbe52c08033.jpg,night_sharp
CarLongPlateGen1042_jpg.rf.65666ad97d9973af6b205d061968503b.jpg,night_sharp
CarLongPlateGen3771_jpg.rf.8d57bb85e0746fea5e35dc45691d69c6.jpg,night_sharp
018e165c556b2eb6_jpg.rf.97473217363f5788662d258d7290d7e0.jpg,day_sharp
brightnessquandoi16_jpg.rf.eb5d50ba9f164944c6629603477a9bb0.jpg,night_sharp
pic_746_jpg.rf.902eba5ce8a0fe98cd54565de08a6eaf.jpg,day_sharp
CarLongPlateGen3208_jpg.rf.739df6162969333b970e713c4d3794c2.jpg,night_sharp
License-20Plate-20Detection-20_-20Papers-20With-20Code_jpg.rf.3969409539dd98e4c3cf455da2221840.jpg,night_sharp
xemay2189_jpg.rf.b0e643fb410c26a067e8abd42ace70bf.jpg,day_sharp
pic_539_jpg.rf.27196c8c85e2ded144b9fe7837c0b631.jpg,day_sharp
CarLongPlate664_jpg.rf.6aaa93cccd5f76885895a8b361cad5b6.jpg,day_sharp
pic_065_jpg.rf.31ac92be6f90a93d32a2e18045a9adbc.jpg,night_sharp
CarLongPlate943_jpg.rf.b3f02b5be76cec55d311b023f9c5b20e.jpg,night_sharp
CarLongPlateGen1632_jpg.rf.2bf3b9f5d3ce359aba4dfbb4c3b779d8.jpg,night_sharp
CarLongPlate719_jpg.rf.68fba6847c321aa297d980bdaf3542e0.jpg,day_sharp
CarLongPlateGen2266_jpg.rf.0b7886f94e7163c18d69ec9097e5cfd8.jpg,night_sharp
CarLongPlateGen3192_jpg.rf.c7bb5dbf37a2981e9315529f2938530a.jpg,night_sharp
pic_556_jpg.rf.d45474a8902d7df5fb14467e3c2d8f70.jpg,night_sharp
pic_620_jpg.rf.d7f96a0a8b4180b1eaa45dbac9e623ea.jpg,night_sharp
xemay2445_jpg.rf.957f7e4de0c8d7083dae3cbbab8e1fcc.jpg,day_sharp
CarLongPlateGen2789_jpg.rf.6e5b248df0da9aaa18c40267968a458e.jpg,night_sharp
CarLongPlateGen2912_jpg.rf.bd9b06fbe7ef2ab77eea57a4776b599f.jpg,night_sharp
pic_383_jpg.rf.5db657966d319fe13019540a05197dd5.jpg,night_sharp
pic_473_jpg.rf.4f1d5a2d5d479aee2acc03d1be799c4f.jpg,day_sharp
xemay1972_jpg.rf.55cc67280528c56c28f5f71237315ba9.jpg,day_sharp
CarLongPlateGen84_jpg.rf.7abd104267b16140b435fd8356fc6d90.jpg,night_sharp
CarLongPlate773_jpg.rf.970a3389c3d1e631af45a7b7bd47aefd.jpg,night_sharp
rotatequandoi67_jpg.rf.8ce038d65fa60a9ddd2c4f5d44fa185b.jpg,day_sharp
xemay1894_jpg.rf.aff40abaf3052e80e7460ce1040a4f76.jpg,day_sharp
CarLongPlate999_jpg.rf.b2f0e3764baa1134ebd92ac565eb6797.jpg,day_sharp
pic_523_jpg.rf.8fbe8797835be8956380fdb38f53a1c2.jpg,night_sharp
pic_150_jpg.rf.cfc0bd217691e36ea6d4275c8fabf9ed.jpg,night_sharp
CarLongPlateGen3158_jpg.rf.9b3a74bf17f3d4c881583ec6374a1fcd.jpg,day_sharp
xemay1942_jpg.rf.eea98a7da59c6b4daaefaa6fa1ebdd5b.jpg,day_sharp
xemay2217_jpg.rf.73550c571b6536624bf0e62167506a30.jpg,day_sharp
CarLongPlate136_jpg.rf.2ceacaa3f95acc7d5a2f88c7ca191cfe.jpg,day_sharp
cropquandoi10_jpg.rf.12923df4afcec17163b22d0e50990553.jpg,day_sharp
xemay2149_jpg.rf.4261081eafafb045670de2162846d8d7.jpg,day_sharp
xemay358_jpg.rf.1b8b2f47797a4c70c8373b3c3fcdfe91.jpg,day_sharp
xemay277_jpg.rf.35df365c969a654582d4a3353fd0477f.jpg,day_sharp
CarLongPlate835_jpg.rf.4075f895ad6dddaa2562880ceb95d364.jpg,night_sharp
CarLongPlateGen1585_jpg.rf.f767bc9865505037309499969695feb6.jpg,night_sharp
xemay2221_jpg.rf.9c05fdb28cf152bd408db6e291113aba.jpg,day_sharp
CarLongPlate67_jpg.rf.cc0571fbd4001bf2ea6d8bc50f7ceef2.jpg,night_sharp
brightnessquandoi49_jpg.rf.03877dad0079f8d34c5d230a0a834175.jpg,day_sharp
CarLongPlate712_jpg.rf.e4f44c55c9c521bfb96548afc050fb47.jpg,day_sharp
xemay289_jpg.rf.f7361b562cb65e8e02b7f4b366acf24a.jpg,day_sharp
CarLongPlate65_jpg.rf.d35945dd3e1bb0873b0a22bc41a1019d.jpg,night_sharp
CarLongPlate777_jpg.rf.915bfa7ee427820ce96131e7236df31b.jpg,day_sharp
CarLongPlateGen1968_jpg.rf.c4c48aa6483ed3d0befc8186c6200e7f.jpg,night_sharp
xemay2238_jpg.rf.da88d159f2bb550d260d1a6a4cbe6b6e.jpg,day_sharp
xemay268_jpg.rf.625e601f3de034de33372a2aee51b21b.jpg,day_sharp
boderquandoi71_jpg.rf.179deab251e8618390a9e586e2a3a6cd.jpg,night_sharp
CarLongPlateGen1670_jpg.rf.4fcdbf6d6811d6550a627038ace6ac6d.jpg,night_sharp
CarLongPlateGen2315_jpg.rf.483d87549eaa175c122c8eabff1d7b0a.jpg,day_sharp
pic_120_jpg.rf.93371cf13aa28922bece4cab63783807.jpg,day_sharp
CarLongPlateGen3486_jpg.rf.f9e26876daf8c3a972c3bb4c6d4b14f2.jpg,night_sharp
CarLongPlateGen579_jpg.rf.5ef15de581021d181645e6e589c5367f.jpg,day_sharp
CarLongPlateGen2581_jpg.rf.8800e9172d1858da93de1ceabc8aa607.jpg,night_sharp
boderquandoi103_jpg.rf.13fcb19a0eb3755dfeb0f8b2508dc5ad.jpg,day_sharp
CarLongPlateGen132_jpg.rf.f0fd3addfb55fa5690dd9ed2b8993eb9.jpg,day_sharp
rotatengoaigiao14_jpg.rf.cc0eefc79d16e8cd7cf3580822dec5ed.jpg,day_sharp
boderquandoi89_jpg.rf.44232747c8a3c0df40d3838b56ff93a2.jpg,day_sharp
CarLongPlateGen438_jpg.rf.9d66fbe8d5da95c8e9cdb842feb01986.jpg,day_sharp
CarLongPlateGen1970_jpg.rf.abc987c2f1232f5888dd1727da6fceea.jpg,day_sharp
xemay1259_jpg.rf.5512dc76bdd765bcdaa0f41d010a5b2a.jpg,day_sharp
50706323978_e21effc0bf_b_jpeg_jpg.rf.be48103223f4bce153554459923c7258.jpg,day_sharp
CarLongPlateGen1046_jpg.rf.1ad520bb906dd6621bbcccc8ba730c51.jpg,day_sharp
CarLongPlate682_jpg.rf.229e64189105e262d787b86fd9d0af67.jpg,day_sharp
CarLongPlateGen772_jpg.rf.0012ba1168369cb29e2bf9ccc26c95e9.jpg,day_sharp
xemay125_jpg.rf.43342510effa576005c7bb0023eb7a3c.jpg,day_sharp
CarLongPlate313_jpg.rf.4570d5ff76835b12557931dd07adfb96.jpg,day_sharp
WEFLYN_jpg.rf.db489911a216a24cad79bb086ce38712.jpg,night_sharp
CarLongPlateGen3043_jpg.rf.7389486f99905a600c5e24dd18302f5a.jpg,night_sharp
xemay903_jpg.rf.b1111d1826a6e2be15cbd40d29fc04fb.jpg,day_sharp
CarLongPlateGen2208_jpg.rf.7c2ba2d9dcfe3f647f9d15f37bc62ba3.jpg,night_sharp
xemay2298_jpg.rf.8d94f8ff9a100e6b2e44ad88d0de3282.jpg,day_sharp
CarLongPlate40_jpg.rf.16ea3fa9f688a9d515dd7ed8fde297c5.jpg,day_sharp
CarLongPlateGen1001_jpg.rf.939752213067b1063dfaaf0279e038b2.jpg,day_sharp
CarLongPlateGen1694_jpg.rf.251379b605c68623effb5e197e9be95d.jpg,night_sharp
Car-20license-20plates-20are-20going-20digital-20_-20CGTN_jpg.rf.fb9417508df7f83ca120faabd9116f63.jpg,night_sharp
xemay1226_jpg.rf.bb42436b85965a8b30b88acde730dd49.jpg,day_sharp
CarLongPlate843_jpg.rf.980c58b68915756aee534b33afae29cb.jpg,night_sharp
CarLongPlate66_jpg.rf.970a4fca8d680f88c251be1ae58994cf.jpg,night_sharp
How-20to-20Decode-20California-20License-20Plates-20_-20Car_yythk_jpg.rf.65b24fed90fdc38e898ea2429c66f07a.jpg,day_sharp
xemay202_jpg.rf.2185faf8213668f57dee370f69917b44.jpg,day_sharp
rotatequandoi84_jpg.rf.50b1cb9863ee7e7e0190803dcf15448f.jpg,day_sharp
pic_234_jpg.rf.5d382a5d338f916fb11a226562007666.jpg,day_sharp
CarLongPlate968_jpg.rf.c468e140ab228fecf73457a307b3624b.jpg,night_sharp
CarLongPlate539_jpg.rf.2b41c396087f9fe8bb48a828cbab61ef.jpg,night_sharp
rawImage2_jpg.rf.6d101712574fa54ae35d4708602c4614.jpg,day_sharp
010a0c44af2d077e_jpg.rf.70b42e126c7af2ad87e84ce4abaccd9c.jpg,day_sharp
CarLongPlateGen959_jpg.rf.91471ae7310daa9fdfd20f17a3efd2b4.jpg,night_sharp
CarLongPlateGen3288_jpg.rf.16329c2ed45e1ad59c336c3bce235385.jpg,day_sharp
xemay653_jpg.rf.fb1297f774e0e27ddec7acc24f4ec51a.jpg,day_sharp
IMG_7026-conv_jpeg_jpg.rf.07338fa1d4601a5b631794a38cef6a4f.jpg,day_sharp
01b805b9f96679a3_jpg.rf.1cf6b0be8ca0c6b2b4ba53657f8946fd.jpg,day_sharp
CarLongPlateGen3164_jpg.rf.06f8d1c8676dae5e8e90c44b1440b119.jpg,night_sharp
xemay815_jpg.rf.180d58318250dadaacd81bba73902242.jpg,day_sharp
CarLongPlateGen3732_jpg.rf.e2ad43119f72ae0159bad99cb05a4c84.jpg,night_sharp
xemay178_jpg.rf.530c87b6fb42e41bd51c36c5d8c89536.jpg,day_sharp
CarLongPlateGen1127_jpg.rf.018c0eb5802d0423abc54e05259f7075.jpg,night_sharp
pic_448_jpg.rf.57fac92ea343f5bc68ad4f7dc56ec35b.jpg,day_sharp
CarLongPlate937_jpg.rf.95d8834a8fbc72d72a36ce2c0f2955d3.jpg,day_sharp
xemay10_jpg.rf.bb5ba048e07f739a9c3af9d83e2beeb7.jpg,day_sharp
CarLongPlateGen2058_jpg.rf.e63b254f19c6b6c6d8e3da401870de95.jpg,day_sharp
xemay930_jpg.rf.b051acc19c601b53781ff742e6af4598.jpg,day_sharp
CarLongPlateGen1956_jpg.rf.92b3fff09623d75486c57355d7ad3661.jpg,night_sharp
CarLongPlateGen2849_jpg.rf.7d20f9e09995bb2985ef4c511804b412.jpg,day_sharp
CarLongPlateGen1804_jpg.rf.fee634198b0b275a842e489fb96eb152.jpg,day_sharp
CarLongPlateGen2478_jpg.rf.3b1d0009615d299d9dacefb031d44e77.jpg,day_sharp
CarLongPlateGen1638_jpg.rf.c590199a2766d3854bc8e8fb395d1c5a.jpg,day_sharp
xemayBigPlate209_jpg.rf.b200b2b876f4ae9ec3acc277ba9a4ad6.jpg,day_sharp
CarLongPlate544_jpg.rf.e3ebdeb213cf37e6e088bf72413367d7.jpg,day_sharp
CarLongPlateGen2675_jpg.rf.28f49dc2a1da139853ef00740bf5e6fe.jpg,day_sharp
11-cdmx2017etaxi_jpg.rf.ea0285b8aca6dc4fbd6616ef64e15994.jpg,day_sharp
car-number-license-plate-retro-usa-cars-vector-29385843_jpg.rf.2a34e07f15b1c8cb00e20a1379ded51a.jpg,day_sharp
CarLongPlateGen78_jpg.rf.c804b5df2f2fa31ca87b85614fa6b51c.jpg,night_sharp
CarLongPlateGen3162_jpg.rf.3ab90f31c4d62430473e096ab234cb9a.jpg,night_sharp
CarLongPlateGen2771_jpg.rf.75ae8af8091249c853267a44310a39b9.jpg,night_sharp
CarLongPlateGen1810_jpg.rf.6bc8a406cdb5a4a6d92ef3fa62379cc5.jpg,day_sharp
CarLongPlate45_jpg.rf.5f204b76e9ae7bdbc6c084a46db965d9.jpg,night_sharp
CarLongPlateGen2033_jpg.rf.014633b6210000a3d66e0c2ee86a9859.jpg,night_sharp
pic_296_jpg.rf.a01da1594f567e5bd1de15ea6a358bdf.jpg,day_sharp
CarLongPlateGen2189_jpg.rf.0cc065d5613a06e5ef102fecd8c59143.jpg,night_sharp
CarLongPlateGen244_jpg.rf.532cde2878461589ce37676aecafc625.jpg,night_sharp
quandoi38_jpg.rf.4b4a33ecf3f0ed69eef9e32671bb759e.jpg,day_sharp
WRP_jpg.rf.065b4d87dff92c1f9d23aaa0a5bd5962.jpg,day_sharp
xemay591_jpg.rf.04550a3db77f8759daa9354a261a6bd6.jpg,day_sharp
CarLongPlateGen471_jpg.rf.0ea83ca242c5737cfa8ad0956c413dc4.jpg,night_sharp
CarLongPlateGen3876_jpg.rf.8242539d0eb506fcdc3f2a60e95b89b8.jpg,night_sharp
Cars39_png_jpg.rf.360783341d3846599f3f5fc2879f4916.jpg,day_sharp
pic_465_jpg.rf.37b886306ffac8c2c79fb7fe04b5863c.jpg,day_sharp
CarLongPlate697_jpg.rf.c59fb44b79517eba1f7b54cb529dee75.jpg,day_sharp
xemay1430_jpg.rf.f62ba386681b6dc274d8cb683545c8f7.jpg,day_sharp
rotatequandoi66_jpg.rf.3f1a0c85d480085b5c74d7e300e55621.jpg,day_sharp
boderquandoi64_jpg.rf.70072fe728b1ab931bf9172dc58725d4.jpg,day_sharp
CarLongPlateGen2475_jpg.rf.76e5e0548030bc79b30b7a7df454fc2c.jpg,night_sharp
CarLongPlateGen444_jpg.rf.6a27918e617d534fc9b83f5af942d3f5.jpg,day_sharp
CarLongPlateGen3628_jpg.rf.cc44de1e79fcee8a25077c13e6d2d817.jpg,night_sharp
CarLongPlateGen1567_jpg.rf.5a92a7558ff6d1145f2a6cc8ac183255.jpg,day_sharp
CarLongPlateGen3422_jpg.rf.b483c312585bd56e94ba09699f1ee179.jpg,day_sharp
xemay1949_jpg.rf.3c1b2c2e0fed088b9c42405fef91f427.jpg,day_sharp
CarLongPlateGen494_jpg.rf.5ea570ad289740a64eefe77e126f18fb.jpg,day_sharp
CarLongPlateGen1117_jpg.rf.bc5aebdaa3bbcbdefb9d8b41f1836c03.jpg,night_sharp
CarLongPlate111_jpg.rf.9f1e17bcf9dc494afd4e92c6faab7ab6.jpg,night_sharp
xemay2388_jpg.rf.6a9550c0b52331927d0b4795ab12d13a.jpg,day_sharp
4-D_Q_NP_771917-MLM26259169217_102017-Q_jpg.rf.a0c5bb1ee0207323246b1d9af7f63ca0.jpg,day_sharp
xemay1318_jpg.rf.ce5727fed7b4620f991bafbc17b093e0.jpg,day_sharp
CarLongPlateGen1421_jpg.rf.39d6fcc0020ad0cd062188cc30f578cd.jpg,night_sharp
CarLongPlateGen2104_jpg.rf.27bd736d70c5b7e1646b959c7ba1c897.jpg,day_sharp
CarLongPlateGen2045_jpg.rf.f1e57bc2cf1d6834419fab04220362ae.jpg,day_sharp
CarLongPlateGen1829_jpg.rf.c7b6ac51cadb398b42afaa8e165a60d1.jpg,day_sharp
Cars321_png_jpg.rf.c7511ef15425415e9fbdf0385f7110d1.jpg,day_sharp
CarLongPlateGen838_jpg.rf.2527d256b8b62ca7661d4734e96fe1fd.jpg,night_sharp
xemay266_jpg.rf.43aeb42f48a45d6eae4ee7481db8dd40.jpg,day_sharp
xemay529_jpg.rf.3a9bc311770b6cec1dece4c3e7732015.jpg,day_sharp
CarLongPlate748_jpg.rf.35ca4858cbb1e416e6c1e6d47b64f586.jpg,night_sharp
CarLongPlate929_jpg.rf.859137fd650e62517f2ef5a19e83945f.jpg,day_sharp
CarLongPlateGen3885_jpg.rf.45927e18288bd5fb119e6a35e30d308e.jpg,day_sharp
Here_s-20why-20you_re-20seeing-20those-20black-20and-20yellow_yyt_jpg.rf.ad40ae4f0463bf48231148977326e2fd.jpg,night_sharp
CarLongPlateGen3682_jpg.rf.21e4be05216af72a8e3e53779afd91d3.jpg,night_sharp
CarLongPlateGen2704_jpg.rf.ba9244de4ec57689ebb504ccedcc69f5.jpg,night_sharp
xemay707_jpg.rf.d54b466d1ec5312e6a2fe0dddedfbabc.jpg,day_sharp
CarLongPlateGen2013_jpg.rf.2699a3afd266930236c3941f49042ca6.jpg,day_sharp
CarLongPlateGen1984_jpg.rf.31e187f7a7a9bf0dae7d32807001879a.jpg,day_sharp
CarLongPlateGen3236_jpg.rf.f60c12fa62b144005b94980887337780.jpg,night_sharp
CarLongPlateGen1886_jpg.rf.b9b99367f954bf2cb2b07744a013a216.jpg,day_sharp
CarLongPlate878_jpg.rf.1fa1864ef94031edf26098a8df8681b3.jpg,night_sharp
CarLongPlateGen2548_jpg.rf.609c66130fef3f03f67df69609645822.jpg,night_sharp
Cars291_png_jpg.rf.ea62fb8c67950ecf710c56e63bd3e1b8.jpg,day_sharp
CarLongPlateGen527_jpg.rf.49b8d57a5c6ada492ef1d8deb271796d.jpg,day_sharp
xemay695_jpg.rf.899e2c7bb9d13b93336570fbd4f9d48e.jpg,day_sharp
CarLongPlate398_jpg.rf.f665d7872ee1bbe7d439c09f0b42e0ec.jpg,day_sharp
CarLongPlateGen219_jpg.rf.116a623e4ce4cc7d4ba6ffa8946f0a89.jpg,day_sharp
CarLongPlateGen1858_jpg.rf.5ad7649de9d3ad127f4dd3bc360f6fd7.jpg,night_sharp
pic_170_png_jpg.rf.ad3cabf5ffca9e90d4d113768377e58f.jpg,day_blurry
CarLongPlateGen2247_jpg.rf.1f6cd9c78d90657998e6fcb689191ac8.jpg,day_sharp
pic_028_jpg.rf.2781eba0b33501a4b8667f90894bc4f9.jpg,day_sharp
xemay1025_jpg.rf.c361532e55c49238c3fdaa7355e8cbca.jpg,day_sharp
0022fdfc1880d432_jpg.rf.5f823920de8bf186ca5e527115c04efb.jpg,day_sharp
CarLongPlateGen954_jpg.rf.e91a09fa1f5a80e0af1506e0861e91ca.jpg,day_sharp
xemay94_jpg.rf.088dc1cf6227e0688282f945ecd013d0.jpg,day_sharp
CarLongPlateGen1120_jpg.rf.498c39d258cb144c6ca2790a205aea6f.jpg,night_sharp
pic_080_jpg.rf.371cf5a4b8b2f6710769ed6f5f1be714.jpg,night_sharp
xemayBigPlate123_jpg.rf.434ed08c974a327831cded489209b0a8.jpg,day_sharp
xemay1049_jpg.rf.1c706f5155ebf3b378a90eca8d5a4ff3.jpg,day_sharp
CarLongPlate389_jpg.rf.4e217214a3d2f048c63b50734ef8caef.jpg,day_sharp
CarLongPlateGen3178_jpg.rf.5693a51b87f790b3aed5678dae939b9a.jpg,night_sharp
CarLongPlateGen3889_jpg.rf.403fbac056a7ebcb5cfb92ba5d96b302.jpg,day_sharp
CarLongPlate228_jpg.rf.9875b29061a1d410937f9cd059127fdc.jpg,night_sharp
xemay272_jpg.rf.2eda36cdb936c005f187eb1b5261e735.jpg,day_sharp
xemay2269_jpg.rf.f037af2caf7a701b54e911851218c22b.jpg,day_sharp
GE1466_jpg.rf.e90fb92f9d3814903ee99c6452911b92.jpg,night_sharp
CarLongPlateGen2133_jpg.rf.10e491594cf6d74b7338ed9facde83c6.jpg,day_sharp
02f6b0600b3ad4ed_jpg.rf.1fdf5cda04535c9ac3d5ffdb96fe38ad.jpg,day_sharp
00366a52eec2943d_jpg.rf.cbe7962e871c5fefd49f23336c68d18f.jpg,day_blurry
CarLongPlateGen1546_jpg.rf.be05848f94db42b1dff74cdc65d70046.jpg,day_sharp
CarLongPlateGen1617_jpg.rf.f59ea2ad8635d5b276dd6213668c5303.jpg,day_sharp
xemay2048_jpg.rf.a6d824f8e28593642f71bf39cad9f6e5.jpg,day_sharp
CarLongPlateGen3412_jpg.rf.d5949f2ba1f06e77c39b8b48e0b9958e.jpg,day_sharp
CarLongPlate373_jpg.rf.f1d24052e2a998c8bfa5d45667810a92.jpg,night_sharp
CarLongPlateGen121_jpg.rf.0790be43bd02e356de31728842e5e54a.jpg,day_sharp
002635f5f3dfd5b9_jpg.rf.a6a920a178ec09b1b2a9b48c27d03ede.jpg,day_sharp
xemay2308_jpg.rf.5625ee83ffc6f01486de152f05c90114.jpg,day_sharp
CarLongPlateGen841_jpg.rf.ea7dad7d7a9d9820b36e0f5aceadc12f.jpg,day_sharp
pic_017_jpg.rf.799838a6bcb37469975c11b3f4814c0c.jpg,day_sharp
Cars301_png_jpg.rf.b85e140d2e7b25999486daa579c7d792.jpg,night_sharp
CarLongPlateGen3048_jpg.rf.36001591b2dee1ab5111728ae5160a0c.jpg,night_sharp
CarLongPlateGen2731_jpg.rf.1793e2033239c6d667552555aa075815.jpg,day_sharp
xemay1871_jpg.rf.8f33c3ac3803cf5f90a382055c186b3f.jpg,day_sharp
CarLongPlateGen1435_jpg.rf.c0c6cd675490ce3effe14e4f47df87c7.jpg,day_sharp
CarLongPlateGen652_jpg.rf.e3b192b85580210a92b024826bd2885b.jpg,day_sharp
CarLongPlateGen1196_jpg.rf.1a9a017a7f6f3954223d9e58a2b0503b.jpg,night_sharp
CarLongPlateGen3557_jpg.rf.89e35cd1cf15cd30e2822186c822143d.jpg,day_sharp
CarLongPlateGen700_jpg.rf.96f0eb58825922f01c75ab807c211b0a.jpg,day_sharp
CarLongPlateGen3675_jpg.rf.cea99883247a25771acd3d554af99389.jpg,night_sharp
xemay920_jpg.rf.13505672817c79640963b6d3175def58.jpg,day_sharp
CarLongPlateGen31_jpg.rf.bffb414e0e81b03f3b985b0e0196381c.jpg,night_sharp
xemay2477_jpg.rf.83a58778be663c2baaa6a7e2f6640033.jpg,day_sharp
images34_jpg.rf.6a0db9e1cb647aae278bdfd37712a292.jpg,day_sharp
Cars163_png_jpg.rf.c0a10b656b9ba65e6bd013d66d188590.jpg,day_sharp
CarLongPlateGen3481_jpg.rf.5c7589abdc1c43df5acbc675694d5182.jpg,night_sharp
xemay1068_jpg.rf.6b25c21fc5ff8f96a70049a5077d049c.jpg,day_sharp
xemay766_jpg.rf.dcb444a52cd4734a154bd76d5dc65c5b.jpg,day_sharp
xemay1042_jpg.rf.8b928b29ff0c456720475d619be81baf.jpg,day_sharp
CarLongPlate446_jpg.rf.d4fac5a4cdee32218bd25811deb8db23.jpg,day_sharp
CarLongPlateGen860_jpg.rf.73c945d163ac4594b6b31958c5117866.jpg,day_sharp
xemayBigPlate163_jpg.rf.e044ebe0fad704e9c8e1e661ac866f41.jpg,day_sharp
CarLongPlateGen2014_jpg.rf.ba9fd51aa196d7278c120f466463ca1e.jpg,night_sharp
xemay1732_jpg.rf.166c96c3276f2a91d0785e2b6caad2a1.jpg,day_sharp
CarLongPlateGen3093_jpg.rf.53ceb17a7cf16bf83398b1c34fe5640a.jpg,night_sharp
CarLongPlateGen2740_jpg.rf.630f81260663f7374d25bc55bd2e3364.jpg,day_sharp
CarLongPlateGen1326_jpg.rf.fbdfaa4c548eb277b2a6e3e77125904c.jpg,day_sharp
Cars302_png_jpg.rf.cb442832b588c812dfd53c90115baa38.jpg,day_sharp
CarLongPlateGen2354_jpg.rf.7efaf0ce13b64b7b93daeb6ac2998243.jpg,night_sharp
CarLongPlateGen559_jpg.rf.0813fb2ca3205d0390790d17c8c219b9.jpg,day_sharp
xemayBigPlate232_jpg.rf.09a497951e606539a782a319dd676bc3.jpg,day_sharp
xemay419_jpg.rf.c1374a6b81f39d15e04db6da4611d34f.jpg,day_sharp
CarLongPlateGen3550_jpg.rf.77d8638144d96159e6c301ba402425a6.jpg,day_sharp
CarLongPlate252_jpg.rf.c5be9436b19e43d2cce7117a57f42d4a.jpg,day_sharp
7-D_NQ_NP_619911-MLM31423405963_072019-W_jpg.rf.4c114f864305cb3754689b684fd11bcb.jpg,day_sharp
CarLongPlateGen663_jpg.rf.28c7a3ced005b5b1a087bc087a1d5d25.jpg,day_sharp
CarLongPlateGen3431_jpg.rf.300194a337959b14b0d1d11de24b1fda.jpg,night_sharp
009d23e04f2fccd8_jpg.rf.ba0b56200422ed2becb56eff811341fe.jpg,day_blurry
CarLongPlateGen883_jpg.rf.57acd892f3e33bc5aa5029197938c05e.jpg,day_sharp
CarLongPlateGen3006_jpg.rf.69762b6b5e0740ce794eb54b71e9da46.jpg,day_sharp
pic_644_jpg.rf.c696a959f51608365010ed54c2ab9ce9.jpg,night_sharp
CarLongPlateGen2053_jpg.rf.c72bbc5c0260a2a7ee0e2495ecb61670.jpg,night_sharp
CarLongPlate668_jpg.rf.cfff669d0dc8e156aa30a5413493fa1f.jpg,night_sharp
CarLongPlateGen2375_jpg.rf.e910374bbdc45a937f4d957e2cf6e64f.jpg,day_sharp
xemay1895_jpg.rf.b7c028d2a62a6039c65e36a3af348074.jpg,day_sharp
xemay974_jpg.rf.7cfb3f35ba726701241e7f8c1a0d8b57.jpg,day_sharp
CarLongPlate797_jpg.rf.8df92ce4f415a9f23caee10bff5360ff.jpg,night_sharp
pic_621_jpg.rf.6ba3998fcac2247f0e2830d385d972fe.jpg,night_sharp
CarLongPlateGen2584_jpg.rf.8cd648e151ddca4db92caf506249b068.jpg,day_sharp
CarLongPlateGen449_jpg.rf.fbb68a5d9ee33d29c2986b61de39cdc6.jpg,day_sharp
xemay603_jpg.rf.50e877460c21979a242f6a30dff5debc.jpg,day_sharp
CarLongPlateGen3565_jpg.rf.c919b01f4554ef88dc2cb1d88573222c.jpg,night_sharp
CarLongPlateGen338_jpg.rf.10a4ca01311aab975311b9b6a7bf62e5.jpg,night_sharp
CarLongPlateGen3243_jpg.rf.d2e36faeacc8260b4ab13223fe9efece.jpg,night_sharp
Cars363_png_jpg.rf.35eae78eee5526546b736f268c2b19f4.jpg,night_sharp
CarLongPlateGen2551_jpg.rf.838b284c197155ddbe65d2d58717d440.jpg,night_sharp
CarLongPlateGen3413_jpg.rf.9b072e92cd4667dfa19bd1d9ee5dad89.jpg,night_sharp
CarLongPlate866_jpg.rf.1484dcb6183e85841f6d1721327a8713.jpg,day_sharp
IMG_7075-conv_jpeg_jpg.rf.3da60722c0c8e6fff1760cf808a21710.jpg,day_sharp
56-800px-1950_Indiana_license_plate_jpg.rf.94d1d1171c1254dd40ce69757fe85e05.jpg,night_sharp
xemay2037_jpg.rf.630bdf14c31ec0c50232e3729626e92f.jpg,day_sharp
CarLongPlateGen2071_jpg.rf.99825bb97a7cb1261a6797e98e7f4256.jpg,night_sharp
CarLongPlateGen3051_jpg.rf.c72b09b62d39a1c47474f993e806a3bd.jpg,day_sharp
Cars151_png_jpg.rf.8f620602899ca500f56364cbfe1f8f48.jpg,day_sharp
CarLongPlate907_jpg.rf.2a3617a1ca3e250140d7e65e2e3b9584.jpg,night_sharp
xemayBigPlate43_jpg.rf.4f9c3aa6c743e57ad0373e2787db3876.jpg,day_sharp
CarLongPlate497_jpg.rf.748030e9b4fd8c0b17e6866a674ec3c8.jpg,day_sharp
CarLongPlateGen2616_jpg.rf.3e5ad2ea54f7ecb2b0d5aa569900bbae.jpg,night_sharp
CarLongPlateGen3241_jpg.rf.0b0809deb347780623b309be3089bb6c.jpg,night_sharp
CarLongPlateGen1388_jpg.rf.1fe049a1ee67932fe8edc5228f009520.jpg,night_sharp
CarLongPlateGen715_jpg.rf.a75e9276b6a2b13f28ed8168ef05bd2f.jpg,night_sharp
CarLongPlate576_jpg.rf.ebdecc08ae7e339a2f268e4849f81de8.jpg,day_sharp
xemay837_jpg.rf.f65499c9c84dd84f404a31757de2f4df.jpg,day_sharp
xemay1046_jpg.rf.7ca11ff16aaa829e20deb1ef1f75a399.jpg,day_sharp
CarLongPlate740_jpg.rf.04e8ff2b2d00b269f6f19207eb9a2ff2.jpg,day_sharp
pic_445_jpg.rf.d10fcbb97f1e66fbaaa31a109dca4425.jpg,night_sharp
xemayBigPlate233_jpg.rf.a3d449feb7c1f5b796aeacb94e235ce9.jpg,day_sharp
pic_562_jpg.rf.1842fe85a395e9103671ca1067c96f80.jpg,night_sharp
CarLongPlate47_jpg.rf.b00be3f986e2783f14ef4f31ae8dd564.jpg,day_sharp
xemay1292_jpg.rf.f2e60fcc0f2c844ee501b2b7652aec14.jpg,day_sharp
CarLongPlateGen732_jpg.rf.f6214028d999e7199d5f94de728ea340.jpg,day_sharp
CarLongPlate25_jpg.rf.467b92d51a507538c5e0b391711d3e6e.jpg,day_sharp
CarLongPlateGen1603_jpg.rf.5a36468f10df326cb2efdfcac10bc585.jpg,day_sharp
CarLongPlateGen488_jpg.rf.294f2f8956ace9b9d7251fefa4c6f6a2.jpg,day_sharp
xemay1147_jpg.rf.edd0ad5db9382b956e275ddb6faf76a9.jpg,day_sharp
cropquandoi84_jpg.rf.c0529defc0a9e176135940396c021063.jpg,day_sharp
CarLongPlate140_jpg.rf.95b01d0d5b24bb79d9e3c3ccc7757fda.jpg,night_sharp
CarLongPlateGen469_jpg.rf.d622b79e495df50a8227e159dfca5259.jpg,day_sharp
xemay790_jpg.rf.95aae78b7b386db130c3d71a24afa268.jpg,day_sharp
CarLongPlateGen1604_jpg.rf.087334f01ebc30099f5a081cbc4c069a.jpg,day_sharp
Cars359_png_jpg.rf.2d7217880966d21200a1fba02a9465b4.jpg,day_sharp
pic_397_jpg.rf.54d592242ad722751a8e8d3887e55549.jpg,day_sharp
pic_584_jpg.rf.7304fc2c92668f3dc07a588c0f9c8d48.jpg,night_sharp
CarLongPlateGen3850_jpg.rf.d88f263e1e38eeba6ed55abe2cd9115a.jpg,night_sharp
CarLongPlateGen3130_jpg.rf.78815ab11dc9aabee6dda92f4d1ac7a7.jpg,night_sharp
xemay1310_jpg.rf.28fb6fe0749f851d4b0ec780264d24df.jpg,day_sharp
CarLongPlateGen3845_jpg.rf.2ed232c5adf96781e1aeb56e71dbf670.jpg,night_sharp
CarLongPlateGen2902_jpg.rf.9465f1dd847b6cbd3b111ec57fc97d57.jpg,day_sharp
CarLongPlateGen2668_jpg.rf.de1646115027aa0d890184c50d4b8f63.jpg,day_sharp
26-cdmx2016mc3_jpg.rf.05e910b5cc08f75860f78bf2b8ddb0d0.jpg,day_sharp
quandoi71_jpg.rf.ba34653cb26abd6578e24b5251c37f6f.jpg,day_sharp
xemay380_jpg.rf.ba8cb7d719c001489d6d58fe29e2d2fb.jpg,day_sharp
CarLongPlate992_jpg.rf.e9800cd353332771fab7efa45ae822e0.jpg,night_sharp
CarLongPlateGen770_jpg.rf.b03ed549e4d88f814549af3d76391fef.jpg,night_sharp
xemayBigPlate72_jpg.rf.ca8a5b63c7b369252255e23830e9b829.jpg,day_sharp
CarLongPlateGen381_jpg.rf.1e020e29d3d445b11209e5f4a1c62f30.jpg,day_sharp
CarLongPlateGen3381_jpg.rf.8c9445ea7130ceaf9827725eeb98a55a.jpg,night_sharp
CarLongPlateGen1147_jpg.rf.a3c6233ca65ea534fc48b562ad302803.jpg,day_sharp
xemay106_jpg.rf.9b903b71f1692176895de276d1796de3.jpg,day_sharp
xemay2381_jpg.rf.d78047b462b97ad8dcafaa004607c381.jpg,day_sharp
CarLongPlateGen3873_jpg.rf.fa0db970e150ea9aefc50d92314851a8.jpg,night_sharp
Cars235_png_jpg.rf.14338a14947c257081c5a25139501fc2.jpg,day_sharp
CarLongPlate852_jpg.rf.741eb7169dc404e8431bdd5b37c478ab.jpg,night_sharp
CarLongPlate988_jpg.rf.0b74b8f771def06f2a93efedf35590b7.jpg,night_sharp
CarLongPlateGen3561_jpg.rf.7b92e0fbb795e6f44f78640c1b47cc02.jpg,night_sharp
CarLongPlateGen1191_jpg.rf.cf23dcfdff34a6738caa4dfa9566d64b.jpg,night_sharp
xemay2476_jpg.rf.e85279f1ceafcd3f3177266eb998be9e.jpg,day_sharp
rotatequandoi46_jpg.rf.f7ed9eb0f8788666d68dc0efdf65ddc9.jpg,day_sharp
CarLongPlateGen1691_jpg.rf.7196eeba18e13877aaa846c8e420c701.jpg,night_sharp
xemay924_jpg.rf.46da7df68242bb67d85c07c702abd018.jpg,day_sharp
boderquandoi40_jpg.rf.f8d35572aea3900f795273260dd8e4c7.jpg,day_sharp
CarLongPlateGen2752_jpg.rf.2d9e4f1bae452facfee2863c2d835ff4.jpg,night_sharp
Cars87_png_jpg.rf.0feb7965961658419680c62583604e93.jpg,night_sharp
CarLongPlateGen2926_jpg.rf.a85167fce2c5c14c55daa837643392c7.jpg,day_sharp
rotatequandoi55_jpg.rf.792fa538a65543cf961729cc1a85ba88.jpg,night_sharp
xemay2321_jpg.rf.b813c25b57c7ff5fe341253021969f42.jpg,day_sharp
CarLongPlateGen3165_jpg.rf.b84cf8471e9be04e8bda14e23778ad0e.jpg,night_sharp
xemay1902_jpg.rf.b8ae10c9f8aa8b24e6eb6181261cd0e8.jpg,day_sharp
Cars176_png_jpg.rf.e7b6cb4b4761b842900578549ad433f9.jpg,day_sharp
xemay1656_jpg.rf.ed063ac04da37eb40aaccdfe7be60a11.jpg,night_sharp
xemay536_jpg.rf.5f9d33b59bc1fa9388af66f3be58be4b.jpg,day_sharp
Cars113_png_jpg.rf.0654d2aa8b484c5ef6c28f4ac5fa9d74.jpg,day_sharp
boderngoaigiao3_jpg.rf.8226512a3894e24a0b017d60f58fd87a.jpg,day_sharp
CarLongPlateGen1851_jpg.rf.d4f9a8b5c0e990d75f8f462c8314efd2.jpg,night_sharp
boderquandoi1_jpg.rf.58552c7d0ed8eed2ffa129005a7a32d8.jpg,day_sharp
pic_492_jpg.rf.c7c80f6691d8b3356285c014d5440a3f.jpg,night_sharp
xemay516_jpg.rf.de172fb3258d65787a2d238663bd2c37.jpg,day_sharp
xemay2109_jpg.rf.1e1f37d97961db99b5e022278e6ee797.jpg,day_sharp
xemay2253_jpg.rf.db7cf0fd1402c018bb8283784410aead.jpg,day_sharp
xemay2281_jpg.rf.bdf88b91280608d95b412de8d084389b.jpg,day_sharp
CarLongPlateGen1418_jpg.rf.04aa3da12da32124fc5001b98a8310cb.jpg,day_sharp
CarLongPlate81_jpg.rf.da329e9ce1dccd0751198c7a0f672c11.jpg,day_sharp
16-cdmx2020bus-a_jpg.rf.ba60dcd4151f1b57d95130be84c3f3d9.jpg,day_sharp
CarLongPlateGen3480_jpg.rf.ead6e366773e9761d90128a51d8b9832.jpg,day_sharp
pic_204_jpg.rf.33570dc8266e71813d34ea5ff4f5e426.jpg,day_sharp
CarLongPlateGen489_jpg.rf.b2294dbacb7dc2013422758b856617ab.jpg,night_sharp
CarLongPlateGen995_jpg.rf.87c56d21f690ffc8d3af60225f8bc6e1.jpg,day_sharp
CarLongPlateGen432_jpg.rf.b1131045e820e261c798431ab4c88fea.jpg,day_sharp
CarLongPlateGen757_jpg.rf.2c48f735de58c45dccb26f9094b9ee40.jpg,day_sharp
CarLongPlate728_jpg.rf.101b55b99f5e25968d33bd0c8bf6d9d5.jpg,day_sharp
boderquandoi75_jpg.rf.0db487795781bf105e078693d3fab5ca.jpg,day_sharp
CarLongPlateGen3786_jpg.rf.a3d8c0b0146ed7fa081276d86c70ad2b.jpg,day_sharp
CarLongPlateGen1965_jpg.rf.2029d630ae6a6221265dafbedbbed05d.jpg,night_sharp
brightnessquandoi39_jpg.rf.80c47cdfa05085b7e3478826080a8a99.jpg,night_sharp
CarLongPlateGen545_jpg.rf.f22ec9f09071076aa8080d31b880b0b4.jpg,day_sharp
000f52302c1341eb_jpg.rf.cb9e0adc1f4964f2a3607ebf92018da9.jpg,day_sharp
CarLongPlateGen2397_jpg.rf.7bf965c143a4a1b7313892df44f599a3.jpg,night_sharp
xemay1497_jpg.rf.40f39bf79b5f367277a260fa0b3c6933.jpg,day_sharp
xemay902_jpg.rf.9b187962226b95cffb0e0a17fd06e8f4.jpg,day_sharp
CarLongPlateGen309_jpg.rf.cb00cdd94d4cdb2c1d22c309b1f214f5.jpg,day_sharp
CarLongPlateGen2885_jpg.rf.d09cad89f7318ec08023b20321a874ad.jpg,day_sharp
CarLongPlate749_jpg.rf.3ef0eaaa76e0487c991c71243c832f32.jpg,night_sharp
CarLongPlateGen1870_jpg.rf.a93919a81747a3f7f45eed635d2363eb.jpg,night_sharp
CarLongPlate567_jpg.rf.9c131905c3f2bc4d3d52d3c7786f5b30.jpg,day_sharp
CarLongPlate768_jpg.rf.879824d1c13648de4fd0554f08aa562b.jpg,night_sharp
CarLongPlate363_jpg.rf.b4fc4a6215aa490e04733f69dbde5864.jpg,day_sharp
CarLongPlateGen3509_jpg.rf.cb7161c46efda3c0a26b3e8e0ad98151.jpg,night_sharp
CarLongPlateGen3113_jpg.rf.266f4d11952b15ee33703258775ad65b.jpg,night_sharp
brightnessquandoi58_jpg.rf.33bd35625aa44cf41c59a89d2c7eaf25.jpg,night_sharp
IMG_6988-conv_jpeg_jpg.rf.91254136dc09fabf2c8803ec74ec7bcd.jpg,day_sharp
xemay1299_jpg.rf.54553c839bc2b8ce8bee590f7fec2258.jpg,day_sharp
CarLongPlateGen767_jpg.rf.006f35ae97c5c724348ecd6aaa8208ab.jpg,day_sharp
pic_034_jpg.rf.a4816ff4b52471be3a18c4bbec6867b0.jpg,day_sharp
xemayBigPlate129_jpg.rf.08037b8ba14b84d28dd718931d88fac0.jpg,day_sharp
CarLongPlateGen516_jpg.rf.9f0f7e0f3c81484c3c07ae1ffcc227e3.jpg,day_sharp
pic_513_jpg.rf.ceb67b5adec22edbcecb74100a85f5c4.jpg,day_sharp
xemay1365_jpg.rf.ca259743f95e43f573ac08c3b0fd9b53.jpg,day_sharp
boderquandoi50_jpg.rf.1a67bd7289e77d4b01f02321f8aea117.jpg,day_sharp
xemay958_jpg.rf.36291fd091360213ce5d5ba1421b3be0.jpg,day_sharp
cropquandoi87_jpg.rf.c5cca835c5dc9a7eef13e607a7e4c4c7.jpg,day_sharp
CarLongPlateGen3111_jpg.rf.34de4076ed98b7205ef957653cc19ef4.jpg,day_sharp
pic_720_jpg.rf.104c8f34836ad6f6b8db916e4fe2ce00.jpg,day_sharp
xemay2288_jpg.rf.a6d6f98fa9e01a68f87c11df5abd0deb.jpg,day_sharp
cropquandoi36_jpg.rf.cc024398e2670a4f43376175fcf3cc92.jpg,night_sharp
xemay432_jpg.rf.4eb2c1d7e7ffc8eaac5111aa66d5d498.jpg,day_sharp
CarLongPlateGen481_jpg.rf.230941ad7c3d8a5e10d584baef0ecdab.jpg,day_sharp
CarLongPlateGen658_jpg.rf.73c3236c254ad0c655656e94cc45a4b5.jpg,day_sharp
xemay548_jpg.rf.4bf2306eafac67de7b36b3482664aa57.jpg,day_sharp
xemay56_jpg.rf.6aa2068e1b235839e0b69e6aa8a71630.jpg,day_sharp
xemay1383_jpg.rf.8d5de532825bab19a3a61264710128f8.jpg,day_sharp
Cars109_png_jpg.rf.8d30271869d475be287b45857ac3b826.jpg,night_sharp
rotatequandoi110_jpg.rf.c340360b30c340a1af243e52bdac4941.jpg,day_sharp
xemay720_jpg.rf.75e5cdea955286ff4a1946a7ae5fe6ba.jpg,day_sharp
CarLongPlateGen2765_jpg.rf.edf3e8e41e335299e2502a118a053731.jpg,night_sharp
brightnessquandoi50_jpg.rf.277df8e1feadfb6bd0b2ba4dc0a51055.jpg,day_sharp
xemay1735_jpg.rf.21f5c2acbb22bdd51545d5149de598ac.jpg,day_sharp
CarLongPlateGen1839_jpg.rf.0003c7ee76bd9db7c50281f6566b4892.jpg,night_sharp
CarLongPlate274_jpg.rf.436edd92097001cf05d2f03bddcd7c52.jpg,night_sharp
xemayBigPlate104_jpg.rf.baa9155413a9966699c332b5c15deece.jpg,day_sharp
CarLongPlate669_jpg.rf.e3fe2b6926bf6b257f8bf01b39228104.jpg,day_sharp
CarLongPlateGen3329_jpg.rf.40f89f0e9baf5a3d9ad88e4673738c93.jpg,night_sharp
xemay2110_jpg.rf.2070191895cce79397caa568dc02c45a.jpg,day_sharp
CarLongPlateGen1198_jpg.rf.bdbadf58ff4de79161a63cb4065efab6.jpg,day_sharp
pic_350_jpg.rf.e0f5d5791b69f9c0193c91564c0a2c71.jpg,night_blurry
xemayBigPlate130_jpg.rf.2922cb073024693a5510760dabb48d34.jpg,day_sharp
quandoi97_jpg.rf.fae81a937c0fd70d814e20cf87d4c82f.jpg,day_sharp
xemay840_jpg.rf.5fcf1dcd29315efcb34578326ceb6b63.jpg,day_sharp
CarLongPlateGen403_jpg.rf.edc0b29f9caa2553753a70a40f09e577.jpg,day_sharp
CarLongPlateGen3584_jpg.rf.81296ff1348e3f6d8301e916273142c8.jpg,night_sharp
image16_jpeg_jpg.rf.3f46709a37e225b078f565af5ccaef70.jpg,night_sharp
CarLongPlate482_jpg.rf.d54e6b978a45ed9aa9a97e853c523325.jpg,night_sharp
CarLongPlateGen3358_jpg.rf.228db07c4973d1681281882322569e55.jpg,night_sharp
CarLongPlateGen3761_jpg.rf.50d9eccb105202c78d0332d0b30dd9f3.jpg,night_sharp
xemay951_jpg.rf.24f88218f8d665767578d72cfba00bfe.jpg,day_sharp
CarLongPlateGen2515_jpg.rf.bbb197bf7513d215ef55ee184b71148f.jpg,night_sharp
004e5085b8127281_jpg.rf.563e87210d050fd8e96c5b306883cc28.jpg,day_sharp
cropquandoi52_jpg.rf.b6910e1bff81cb0eb4611c7d793b3333.jpg,day_sharp
pic_137_jpg.rf.29136564f02d425a45e2a16d1b0fa96f.jpg,day_sharp
CarLongPlateGen339_jpg.rf.df4dc4f157bfeb2248d622e9f3f3fce1.jpg,day_sharp
xemay904_jpg.rf.9530bc3f1c7a83a886dc04f1870c6c8d.jpg,day_sharp
18082607414842298_jpg.rf.3e26978ad51b1a75e8fd17e2f4e541af.jpg,day_sharp
CarLongPlateGen2563_jpg.rf.cf128be9d48b5c7d5eadb617b62f6fec.jpg,night_sharp
6937fb6df70d403bc232c1646e220442_jpg.rf.bb2906951dac652128367880b9a16339.jpg,day_sharp
CarLongPlateGen233_jpg.rf.db071e2638258f911686700c1e9df765.jpg,day_sharp
xemay2020_jpg.rf.d40229006eac45fff5fdb1c3bf528305.jpg,day_sharp
48-1200px-License_plate_Vietnam_Hanoi_jpg.rf.0c3571c3525ca18c57418a5be30ebf25.jpg,day_sharp
CarLongPlate670_jpg.rf.7bc021ac3a498e0ab3b8a99e1a23b955.jpg,night_sharp
009824ffd4586a33_jpg.rf.c8b140984050a89a18df8b2f132a03b1.jpg,day_sharp
28-license-plate_3052_jpg.rf.b8e7b6b8dfbd79483b8044aa375d144f.jpg,day_sharp
CarLongPlateGen3318_jpg.rf.2a182d9ac9ba838e51285e4e252b1fe2.jpg,day_sharp
xemay1793_jpg.rf.0dc26bab2eb4bb60c25bf0430a744691.jpg,day_sharp
0073c6274e24e7d2_jpg.rf.11653f0c9a6d831791992af66015bb5c.jpg,day_sharp
CarLongPlateGen1978_jpg.rf.63914c37e6eb0af28418126ad3987cda.jpg,night_sharp
CarLongPlate266_jpg.rf.749e2f38185ebca85f73128668c15774.jpg,night_sharp
xemay1100_jpg.rf.0b86c4824fccf5b7eac1820379b2e349.jpg,day_sharp
xemay1852_jpg.rf.1d2e828aaff517fc6b0ed7bd8116ad7f.jpg,day_sharp
CarLongPlate12_jpg.rf.e901cb11388b0961379e0c20cbe53314.jpg,day_sharp
pic_470_jpg.rf.c781253e70cac020744cb402ba2fd628.jpg,day_sharp
CarLongPlateGen401_jpg.rf.763c74a46e92add804ef9630b3cf6003.jpg,day_sharp
CarLongPlateGen2919_jpg.rf.d1c0315c60422d6b62f67973d47eef3b.jpg,night_sharp
xemay945_jpg.rf.fd3705af9b191816a9f85d69bd80b11c.jpg,day_sharp
pic_432_jpg.rf.45020472115dfab09976f1d4e9a08334.jpg,day_sharp
CarLongPlateGen1739_jpg.rf.0d3f3b6cb35c63c917d68fa1030792ea.jpg,night_sharp
CarLongPlate399_jpg.rf.9e9536cc2477bff2b6cd457f76e200af.jpg,day_sharp
boderquandoi76_jpg.rf.2e21b2a25265379610c6e6f732d83543.jpg,day_sharp
xemayBigPlate203_jpg.rf.4ee6b101dc498e14fa2a6fd7f513ffc4.jpg,day_sharp
xemay2328_jpg.rf.ff0552a69c09dd1723db704128f6751e.jpg,day_sharp
pic_508_jpg.rf.7d2f6ded7f38ba4cbb4c533c811ff939.jpg,day_sharp
CarLongPlateGen375_jpg.rf.0be1e2830a44c3df5c40709dbe8a28ee.jpg,day_sharp
CarLongPlateGen1499_jpg.rf.88d134063cdfe5b350e1cda5d2c878e4.jpg,night_sharp
CarLongPlateGen885_jpg.rf.c6381f38cdedb9d15dfed79cd0bc1446.jpg,day_sharp
xemay1079_jpg.rf.7463ca769177ba30e859e07b2ca411ba.jpg,day_sharp
CarLongPlateGen2181_jpg.rf.b87f5ec713de696f7650d408aa9740e1.jpg,day_sharp
CarLongPlate260_jpg.rf.2c03376376371f5e2e6356cca7f606b2.jpg,night_sharp
CarLongPlateGen3490_jpg.rf.a39be7f7cd6328fd270e5b4360868d17.jpg,day_sharp
CarLongPlateGen1250_jpg.rf.fc45380d427d832085bf302b07ea3643.jpg,night_sharp
xemay1294_jpg.rf.d82ae7f6f57ba54a73bc57d16a711e69.jpg,day_sharp
CarLongPlateGen1311_jpg.rf.a844e4172e14380644e9f0b49fbb7f7d.jpg,night_sharp
CarLongPlateGen1315_jpg.rf.75032d0879da57a8c1260545ca291c7c.jpg,day_sharp
pic_188_jpg.rf.99c909056cd1eb3f6423871da5eeb903.jpg,day_sharp
CarLongPlateGen1741_jpg.rf.cec22e4db326dc01a63eac5977c290b3.jpg,day_sharp
CarLongPlate963_jpg.rf.b3ec87012d69b208668af5b581f2a7a5.jpg,day_sharp
CarLongPlateGen1168_jpg.rf.48e2e5e0fb4e928bc951749703184488.jpg,day_sharp
81-800px-NEW_YORK_1980-86_LICENSE_PLATE_0000-AAA_FORMAT_-_Flickr_-_woody1778a_jpg.rf.a041bdfd38900a9e0b10684dc9c4581d.jpg,day_sharp
rotatequandoi25_jpg.rf.6b238c66befe659ade5b3dd8727d92dd.jpg,night_sharp
CarLongPlateGen2347_jpg.rf.8c8210ee544b0d15bb2fff946e9299eb.jpg,day_sharp
CarLongPlateGen2635_jpg.rf.040d70a4d7fc5c8db05e297021954434.jpg,day_sharp
xemay2237_jpg.rf.f9a3359dab1b103afc43d70448675db2.jpg,day_sharp
00234c09cb4fa8e3_jpg.rf.7ee6a2f58f1981b90bf1bbd64439de75.jpg,day_sharp
Cars60_png_jpg.rf.f99f414f57378a75613d52a6da7b9406.jpg,day_sharp
xemay1122_jpg.rf.8da21fad495c8ffcff8db4a6ac7cd180.jpg,day_sharp
CarLongPlateGen2824_jpg.rf.a74054c39b9b753b507b5667c8b33305.jpg,day_sharp
xemayBigPlate131_jpg.rf.5e0cc0ec5baeab65b5eb9fe6679eb030.jpg,day_sharp
brightnessquandoi52_jpg.rf.3e04ff4255612fc4deb9d741dc499474.jpg,night_sharp
xemay640_jpg.rf.690fbb1ff1ec8e3683b88a06490fe2b4.jpg,day_sharp
xemay886_jpg.rf.2c7a94f62682cdaf316d83be35070c24.jpg,day_sharp
xemay551_jpg.rf.d37259c37bf67c44f3670a408e0aa7d1.jpg,day_sharp
xemay994_jpg.rf.41964920a7793eb7336afbb7252f8215.jpg,day_sharp
xemay1631_jpg.rf.2a5effda5437489643d6558aca4ee290.jpg,day_sharp
CarLongPlateGen1468_jpg.rf.2a0aafb13fded0d05b3818cc66032fdc.jpg,day_sharp
xemay245_jpg.rf.41be6cba59c2280fc93e3bc22d421408.jpg,day_sharp
CarLongPlate993_jpg.rf.6d9dea8407edbebf394013b3d5c07043.jpg,day_sharp
CarLongPlateGen3021_jpg.rf.b1811b0ad73387c550a4f5e7ccf313e5.jpg,night_sharp
xemay2301_jpg.rf.7d827aa16103c9f6ca2be2f2f5b2a7f3.jpg,day_sharp
xemayBigPlate170_jpg.rf.12188d86e8b3b226252def03112349b3.jpg,day_sharp
CarLongPlateGen3504_jpg.rf.872785d45b9b363cf3f4dab83d7df65b.jpg,day_sharp
CarLongPlateGen3506_jpg.rf.03f8d094f2614e236688024f0dca8f25.jpg,night_sharp
CarLongPlateGen108_jpg.rf.e72ec1a6cb90a0821149b762bb2130af.jpg,night_sharp
CarLongPlate984_jpg.rf.8188dd38eac5c0c8ef50b5f390164fe6.jpg,day_sharp
WhatsApp-Image-2022-04-04-at-2-25-08-PM_jpeg_jpg.rf.d02ef0f8c079bdc203a7bde9e26bf74d.jpg,day_sharp
CarLongPlateGen2858_jpg.rf.bf2554e5f84c8116f58cd02624b0c89a.jpg,day_sharp
CarLongPlateGen3832_jpg.rf.d14919c227789ce45ba20c3d237b636d.jpg,night_sharp
xemay1368_jpg.rf.72e4844d8b922a17387b14e715917a4e.jpg,day_sharp
CarLongPlateGen3809_jpg.rf.c17e52a04eb9ad0161496ba0ba4bd0b5.jpg,day_sharp
CarLongPlateGen1712_jpg.rf.e886d25b2eaa7735f62f612f973912f6.jpg,day_sharp
CarLongPlateGen1494_jpg.rf.5cf430792605f6af22387399432141db.jpg,day_sharp
xemay1809_jpg.rf.908266427caa5999342bd8635538ec7d.jpg,day_sharp
xemay1384_jpg.rf.3dde0d9527829c1f0dce68c5f49c7034.jpg,day_sharp
CarLongPlate729_jpg.rf.331bf2fb5336f0054dc4f67952b97134.jpg,day_sharp
xemay1177_jpg.rf.127df39fe94f0c48c7ca67c37acccfe7.jpg,day_sharp
CarLongPlateGen2722_jpg.rf.8a0449e9d1721b55f1a39ef63dec1d89.jpg,night_sharp
CarLongPlateGen722_jpg.rf.cebb76123bbf612224e9e959a1751f19.jpg,night_sharp
CarLongPlateGen3859_jpg.rf.1979f331e60e067d59c93d68eed1123e.jpg,night_sharp
CarLongPlateGen2456_jpg.rf.d4129c9b21079e29ea4fe6d2f416fff5.jpg,night_sharp
CarLongPlateGen3225_jpg.rf.d33c1d3318d5aa5cd30a043be9400cf7.jpg,night_sharp
xemay2265_jpg.rf.d34f242f15c769da41684fb06c72c142.jpg,day_sharp
boderquandoi69_jpg.rf.3c662bb731a74a346a4538d14d8be566.jpg,day_sharp
CarLongPlate910_jpg.rf.92551e544d1a325876f9c88b1ec85d9b.jpg,day_sharp
CarLongPlateGen3255_jpg.rf.545bb154cfb81088cde3e32f998d52f4.jpg,day_sharp
brightnessquandoi24_jpg.rf.aa43a8f9966d227211e53adb50364e3d.jpg,day_sharp
xemay1319_jpg.rf.2c388860266b4449185abb883f18a93d.jpg,day_sharp
xemay1150_jpg.rf.901f39ab67e8d3108b2dc0ec117e34de.jpg,day_sharp
CarLongPlateGen1637_jpg.rf.56e38b479612ff8ac37d94406383cc3f.jpg,night_sharp
xemay782_jpg.rf.05084af3588c9f7df183106a9f77eddf.jpg,day_sharp
xemay1192_jpg.rf.b9d9dd0013634642ce2288288161b300.jpg,day_sharp
CarLongPlateGen3571_jpg.rf.aee6f06db2dc785624baa0c93433863d.jpg,day_sharp
Car-Number-Plate_jpg.rf.56932d9b3d17deb1da56fa1b5c8dbf0c.jpg,day_sharp
xemay2201_jpg.rf.684b772ec81c7afbd26c7f08c0575c15.jpg,day_sharp
Cars23_png_jpg.rf.9a23a416e563cf132da20d31e973665d.jpg,day_sharp
CarLongPlateGen1083_jpg.rf.ad38fef404621c31a3ee260b1b8f677e.jpg,day_sharp
xemay908_jpg.rf.446ca2e10b2373ec8e7b619ca67852b4.jpg,day_sharp
CarLongPlateGen2811_jpg.rf.4d4bd8d3e320c6bdd91b1f387e958e62.jpg,night_sharp
pic_088_jpg.rf.d2c53f4f8b3fc8623645ff1460f12426.jpg,day_sharp
CarLongPlate413_jpg.rf.83bca36b6ea40d7cd78e78f391e0018d.jpg,day_sharp
CarLongPlateGen3901_jpg.rf.a50335797e9b179a98d005de5909ee36.jpg,night_sharp
1633449297103_png_jpg.rf.5438280012e38160d9ce57098587a60c.jpg,day_sharp
pic_367_jpg.rf.636c14bdd79b6246defe6db60b4cbb46.jpg,day_sharp
CarLongPlateGen2073_jpg.rf.b65f0a7037d37998c3b3b028bd527678.jpg,night_sharp
CarLongPlateGen3698_jpg.rf.9de1eabf1e04f268a5479c586a4f2450.jpg,night_sharp
CarLongPlate503_jpg.rf.32c7339e821ed2c5ae882c2defa010e9.jpg,night_sharp
CarLongPlateGen2246_jpg.rf.45390561998886fb96af5f6f8274585c.jpg,night_sharp
CarLongPlate429_jpg.rf.9a1ad26012c72ba459c31f16be55b0a5.jpg,day_sharp
xemay1819_jpg.rf.122560b81110f8d5c8fdeb76af87f8ff.jpg,day_sharp
pic_136_jpg.rf.6206f8377ddd85ea5d21a8f637940cc8.jpg,day_sharp
xemay985_jpg.rf.b6aa497276a6fbd023ac8dffedab894b.jpg,day_sharp
pic_498_jpg.rf.3ef2514f33fc1d0df99ce1548fb59f07.jpg,day_sharp
CarLongPlateGen2427_jpg.rf.a481295ccbdc0721d86e477f26f14944.jpg,night_sharp
CarLongPlateGen156_jpg.rf.ac72a03cbef0e564d1d5381fb9dd09f8.jpg,day_sharp
CarLongPlateGen1914_jpg.rf.c3ae3905347d48607bfe012e9bd1221c.jpg,day_sharp
CarLongPlateGen2063_jpg.rf.e25d6a3a023c8d677a27a2b98b80d42c.jpg,night_sharp
xemay1017_jpg.rf.c1b878c610a4486ae7f5ec85293b806d.jpg,day_sharp
CarLongPlateGen2504_jpg.rf.de847c8b711470b085721c58bdace932.jpg,night_sharp
47-D_NP_573815-MLM25307467925_012017-Q_jpg.rf.8938297502e073df704783a2e15d5b3f.jpg,day_sharp
xemay2275_jpg.rf.b583c36cbcece6d50f310d034f1232a0.jpg,day_sharp
brightnessquandoi3_jpg.rf.b2231e8cf1a618a923239beed5584c99.jpg,day_sharp
CarLongPlateGen2596_jpg.rf.23ee0d5673af0c07f3e6480e97b4d775.jpg,day_sharp
xemay2394_jpg.rf.f91f15ff63fd30d7d0dd8fb21e89c10e.jpg,day_sharp
191102065756984508_jpeg_jpg.rf.1829a49bdbdbb6c76bb6fdf09cd604a6.jpg,day_sharp
002e3bd6fea3828a_jpg.rf.52bdb982d881e0763f08339a3ac90e3c.jpg,day_sharp
CarLongPlateGen2854_jpg.rf.4600f15b18fdec751d113c18ade6f192.jpg,day_sharp
xemay871_jpg.rf.43cbc51a63ba769d38cf5c24e8496750.jpg,day_sharp
cropquandoi100_jpg.rf.156d91981964e581b8927cade8f9877e.jpg,day_sharp
CarLongPlateGen2227_jpg.rf.831d1e11b27d0f4e4b1e379aaf7c176b.jpg,day_sharp
CarLongPlateGen1308_jpg.rf.8484a00f841b7c97032636dc86ec3f30.jpg,night_sharp
xemay1663_jpg.rf.40fe612031c0bd5ff476cd88dcad986c.jpg,day_sharp
xemay31_jpg.rf.ae92c7b767738d3020062813a3829645.jpg,day_sharp
xemay2184_jpg.rf.f4f3e2c2ab4395a27305d013867ee034.jpg,day_sharp
CarLongPlateGen2041_jpg.rf.23dcfdbd439c131e80d5062f9448739f.jpg,night_sharp
270721_jpg.rf.82d8e5882f30e87f34eba8082ce08904.jpg,day_sharp
CarLongPlateGen1503_jpg.rf.f0488d42e6f2377b163a84f23ea333e4.jpg,day_sharp
CarLongPlateGen1139_jpg.rf.bfadfdba1cabb5a186aba41f7a9cd26c.jpg,day_sharp
xemay601_jpg.rf.347f4fcc85ceb13310483e06ff3ffbab.jpg,day_sharp
cropquandoi14_jpg.rf.0d5702f6d3d8302b317fa6e79a1320ad.jpg,night_sharp
CarLongPlateGen3677_jpg.rf.3cc678ab49d5db534c5a540a127870e6.jpg,night_sharp
CarLongPlate39_jpg.rf.ba0c95fcc479ae015599dc8e86afc611.jpg,day_sharp
CarLongPlateGen3211_jpg.rf.05bf6aa8e0be5aed01c2a551d27d4dcf.jpg,day_sharp
CarLongPlate19_jpg.rf.ca6d043e6b0091bffe40ba5709f0c2d2.jpg,day_sharp
pic_627_jpg.rf.174ad6decd982b5e0c4a31c52d37d11f.jpg,day_sharp
pic_167_jpg.rf.fd15cb5492175aca5268659d9b0df819.jpg,day_sharp
xemay1741_jpg.rf.c17d1906f858aa6d368df74d3d5149d1.jpg,day_sharp
CarLongPlateGen3013_jpg.rf.a2be38af32e7ac60a7000461db8d9d09.jpg,night_sharp
0072870f87cb938b_jpg.rf.b67c4c60ace64f9898db10fb6de7a820.jpg,day_sharp
xemay1783_jpg.rf.9621ce7d2d15a7decb6a18eba3face1d.jpg,day_sharp
CarLongPlateGen1738_jpg.rf.b4aa3ef0570315efc63c45be66196c72.jpg,day_sharp
CarLongPlateGen2344_jpg.rf.b95fa37702080266f79c6e28c563c98e.jpg,night_sharp
CarLongPlateGen63_jpg.rf.a60d761317594d9568b0e39c80ebe461.jpg,night_sharp
CarLongPlateGen2747_jpg.rf.5085c1ad8f2fc12856c9d05342597b64.jpg,day_sharp
pic_280_jpg.rf.3804c183f33736b088a784ef173d35ba.jpg,night_blurry
xemay2055_jpg.rf.49a57495534ce8cfad571636f32eb6fb.jpg,day_sharp
xemayBigPlate103_jpg.rf.bbb82cf2856c9506b0261a0cea36237e.jpg,day_sharp
CarLongPlate37_jpg.rf.ed9bfc3f948b6757cbb64a741ddf147d.jpg,night_sharp
CarLongPlate839_jpg.rf.17118b6d7e794024afc617812472ec13.jpg,day_sharp
Cars422_png_jpg.rf.3bd4c5f59f1e291ed437ea1beb8a0cba.jpg,day_sharp
IMG_7065-conv_jpeg_jpg.rf.27ef7d043c0fe6a8fa3752359b2d881a.jpg,day_sharp
CarLongPlateGen100_jpg.rf.ac63f0d6d4b0b434252e04631272b5be.jpg,night_sharp
xemay1175_jpg.rf.b8d32b9346bcc321af9543c421806c5b.jpg,day_sharp
11-D_Q_NP_3941-MLM4882174000_082013-Q_jpg.rf.d38c91456bef823da5e9ab84342e3c3d.jpg,day_sharp
xemayBigPlate237_jpg.rf.cfc68bd1bebf317838b78b202fab96c4.jpg,day_sharp
01074445420897a5_jpg.rf.ab6f586c2cbd9e5233b6dc5475f37d43.jpg,day_sharp
cropquandoi41_jpg.rf.fbd86766b3f2f300d8883a98df71bca5.jpg,day_sharp
CarLongPlateGen422_jpg.rf.1bf92ce9ac016376e4ad52e16dad509b.jpg,night_sharp
CarLongPlateGen1095_jpg.rf.a6e49d7da621fbefb8b6004826b29aee.jpg,night_sharp
CarLongPlateGen3004_jpg.rf.050465c139d5dbd6c3faf477bf44a252.jpg,day_sharp
IMG_7029-conv_jpeg_jpg.rf.378eb5451197a729612d82f58eb77d70.jpg,day_sharp
xemay1994_jpg.rf.974e47fe7f4e59186e7d9314b4323def.jpg,day_sharp
CarLongPlateGen3815_jpg.rf.47a017e70acb8e0c9b90eac3d3415b7e.jpg,night_sharp
pic_418_jpg.rf.5d9eaec657f8270c079d0c961495689a.jpg,night_sharp
CarLongPlateGen447_jpg.rf.210bca00930c9aba9fd421b4dfb90993.jpg,day_sharp
xemay2233_jpg.rf.4e0ed13c57748e4f5d0d1ce5bcf7fc94.jpg,day_sharp
pic_544_jpg.rf.17d53584a35f62412931f37e9d8fa731.jpg,day_sharp
xemay872_jpg.rf.b968f9d75f34790ed3db20531584cd3c.jpg,day_sharp
CarLongPlate891_jpg.rf.9318949a9a3cf6e7cafb5696f6a7506b.jpg,night_sharp
boderquandoi91_jpg.rf.632358b1e9904dee2f115dd3adc8d1e7.jpg,day_sharp
CarLongPlateGen3323_jpg.rf.4cae334c99b93ba40039f857bb28ad4b.jpg,night_sharp
pic_041_jpg.rf.9411e011951a9d997a35a20676a822db.jpg,day_sharp
CarLongPlateGen2659_jpg.rf.126750d2cb44956610aae7a67288e985.jpg,night_sharp
CarLongPlate186_jpg.rf.4e3391474af42417b3abf5aba7b9dd0d.jpg,day_sharp
CarLongPlateGen3230_jpg.rf.9eaf10e937f0f0b646d06fff8a5b117f.jpg,day_sharp
xemay1786_jpg.rf.7d938d8f6f72f292536cd42745f29fa8.jpg,day_sharp
CarLongPlateGen996_jpg.rf.429b1f925b45cd311031b34d5330ece7.jpg,night_sharp
xemay1354_jpg.rf.58264a92105b68905021e078adc508f1.jpg,day_sharp
CarLongPlateGen4_jpg.rf.83a4e349a46ab7012b80eb7eae128f43.jpg,day_sharp
CarLongPlateGen1174_jpg.rf.6132d313582321fad39dfb3fa7a9fcca.jpg,night_sharp
CarLongPlateGen2852_jpg.rf.7043f7163f77203e2bd6676c6b23f14e.jpg,day_sharp
CarLongPlateGen3470_jpg.rf.046e990800bb0623541264956747bb58.jpg,night_sharp
IMG_7042-conv_jpeg_jpg.rf.1200c3fe3a87404b2d221a4cd217c664.jpg,day_sharp
CarLongPlateGen3188_jpg.rf.2fd40d105f6249f7f483f4f4d809aaf4.jpg,night_sharp
pic_617_jpg.rf.2253da09a11c0b4c5040968f8d2a0adf.jpg,night_sharp
CarLongPlateGen3259_jpg.rf.4d43e362c4f22d63dd4c944586f68945.jpg,night_sharp
CarLongPlateGen2229_jpg.rf.78c036f30207888571e807d1727dc4ef.jpg,day_sharp
CarLongPlate770_jpg.rf.cc4883b3bbf226ced6f6fda4572901c2.jpg,night_sharp
CarLongPlateGen414_jpg.rf.4e86aca4a65b7f953c72db31b05ebda7.jpg,day_sharp
CarLongPlateGen2495_jpg.rf.60186b01dc86774e257eba652125cd9b.jpg,night_sharp
rotatequandoi53_jpg.rf.97419df39f9e529b5dfe605ebbafac63.jpg,day_sharp
pic_538_jpg.rf.96f2313abb245580397c087a1a67d7cf.jpg,night_sharp
01b929953b0671ae_jpg.rf.368950c97736d363ddbd2191db276860.jpg,day_sharp
00a09b822d470896_jpg.rf.8ffc64bea4b5bb78d9cc4ba81b559556.jpg,day_sharp
xemayBigPlate47_jpg.rf.14b72c8f4cd35cbd029b135fcaca60d7.jpg,day_sharp
xemay997_jpg.rf.7ce52467c0412bffe94db07af8bc3f7e.jpg,day_sharp
CarLongPlateGen1707_jpg.rf.18a1a9f47c14ebc0c28faba9877ca4a8.jpg,day_sharp
xemayBigPlate212_jpg.rf.2df06f6bd14cd9c1656d92691cc3835b.jpg,day_sharp
CarLongPlate818_jpg.rf.b0006271881f38098b319fa48f14b2e1.jpg,night_sharp
CarLongPlateGen2282_jpg.rf.422396c833d02550d399e2b5bf0e68e6.jpg,night_sharp
CarLongPlate547_jpg.rf.7608b12975ac728bb45bb2403b266271.jpg,day_sharp
xemay808_jpg.rf.a78d589ebb2e840434162af2615ea0fb.jpg,day_sharp
xemay151_jpg.rf.044c3f6634563e85f3b07e6f64bc8258.jpg,day_sharp
xemay29_jpg.rf.1060973f0de28ee4b5612386a6863bb8.jpg,day_sharp
CarLongPlateGen3631_jpg.rf.da79be7cc43eaf2478ae38818743f709.jpg,day_sharp
014a2d21a3cc8852_jpg.rf.4bf6d2c8d43a24017d29c748737f14ac.jpg,day_sharp
CarLongPlate525_jpg.rf.40e73264f6e080b9553495ed12502155.jpg,day_sharp
CarLongPlateGen849_jpg.rf.050b0ffdb867007e34b2e2c0e20bb74d.jpg,night_sharp
CarLongPlateGen2281_jpg.rf.75097006f1f771f6d5cda118aa00ffdd.jpg,night_sharp
CarLongPlateGen1289_jpg.rf.f4525cd5417a916d9e92cd91e09030f2.jpg,night_sharp
FSXY423_jpg.rf.2ee31dde6f876e11528217ed14b85e6c.jpg,day_sharp
CarLongPlate333_jpg.rf.5b4a836c6a5784c9110eb85a955fe784.jpg,day_sharp
CarLongPlate385_jpg.rf.d392543c5d1ce0a0c0041912a75854bb.jpg,night_sharp
xemay84_jpg.rf.a3bbecf223f6d7944aa9b8a8434b5649.jpg,day_sharp
CarLongPlateGen3435_jpg.rf.51a23450addea615b94ae8fa65b0fe08.jpg,day_sharp
xemay2453_jpg.rf.1ef39daea8cf0b98ef579fcb3eead0e8.jpg,day_sharp
rotatengoaigiao8_jpg.rf.ca53daf860d2e34e1556e6154489fef0.jpg,day_sharp
brightnessquandoi98_jpg.rf.c885cd1e9dac6355392ff200b6acbf05.jpg,day_sharp
xemay1126_jpg.rf.24ca640a0b3b1b3de4487ef10e350322.jpg,day_sharp
pic_196_jpg.rf.b1e3dd87bca9b6300ef17ee7300c6b6a.jpg,day_sharp
xemay2377_jpg.rf.bffe07e4f9c5b7d40e1cc9cc7bcdc464.jpg,day_sharp
CarLongPlateGen490_jpg.rf.59ed72c16e8505c89c3acefc46b75c83.jpg,night_sharp
xemay592_jpg.rf.ff88a9817cb81205e696f57dddd9e00e.jpg,day_sharp
CarLongPlateGen105_jpg.rf.3b9c33b2461fbd578135d309bdaccb0b.jpg,day_sharp
xemayBigPlate175_jpg.rf.90ee3ef90acf77fea9a40cb5af5fa4cd.jpg,day_sharp
CarLongPlate382_jpg.rf.6c1ba646c014f53b10d4e4c8c7c0510d.jpg,night_sharp
xemay954_jpg.rf.53d3f2f095e426c0f12fff76a2f1726a.jpg,day_sharp
brightnessngoaigiao3_jpg.rf.037f8f4ebf8faeffb533861fb0468ad2.jpg,day_sharp
rotatengoaigiao10_jpg.rf.c20913313cca1982559863861a09183c.jpg,day_sharp
CarLongPlateGen2901_jpg.rf.1baaa4d6e8d078f470ad263234ba4ec1.jpg,night_sharp
xemay1011_jpg.rf.75814b1f042881cd119a50168676f474.jpg,day_sharp
IMG_7031-conv_jpeg_jpg.rf.0120bb6e21851997f2534b6b415a3307.jpg,day_sharp
xemay233_jpg.rf.1cfebb1c9e1c6afe972db094932cd980.jpg,day_sharp
CarLongPlateGen328_jpg.rf.af1ae1e6b94f001f8d131e81c1368bc0.jpg,day_sharp
xemay2053_jpg.rf.dcc85c2ee8869f21c59fe177b1b08f5b.jpg,day_sharp
CarLongPlateGen636_jpg.rf.16bd0c33773ddfd45b9243519a779fea.jpg,day_sharp
CarLongPlateGen3011_jpg.rf.c0caf2f70e86d41e9faa1511fe36cbdc.jpg,night_sharp
CarLongPlateGen3434_jpg.rf.36b7233f1cb4818274d231dc47289f24.jpg,day_sharp
00d202cef5442753_jpg.rf.f6ccbdb6109580f5295388be74d0f552.jpg,day_sharp
CarLongPlateGen54_jpg.rf.983d40e2af2dd2a8169656e21730c4f0.jpg,day_sharp
xemay2371_jpg.rf.d8627090efa068c145b05bb0417ef88c.jpg,day_sharp
xemay1870_jpg.rf.b682868971a225de7dbe85617e7955bf.jpg,day_sharp
CarLongPlateGen1948_jpg.rf.07b5a43071cb2fe29416566d6d7da188.jpg,day_sharp
d8cc6d566d01054b_jpg.rf.12d63b5fdce83fec6e37fc2bb414a1a7.jpg,day_sharp
pic_155_jpg.rf.99932d5d4a348aa9f3df84dcd3e3b3cb.jpg,day_blurry
xemay959_jpg.rf.f71801c71f20d6cca152ea4c6fb0e5fb.jpg,day_sharp
CarLongPlateGen1631_jpg.rf.5247bc9fd1cd01fb15ff03b0193ed5c8.jpg,night_sharp
boderquandoi3_jpg.rf.e6e33f90a1a1d60a923bb7c5208f5c3f.jpg,day_sharp
pic_289_jpg.rf.79f7f1e51f00ce9532f0ee836958b14a.jpg,night_blurry
xemay2172_jpg.rf.f7b9efb2e488b369d2873e7b57df35e0.jpg,day_sharp
CarLongPlateGen1979_jpg.rf.683a73519ed5b74a2efd68a98a788157.jpg,day_sharp
image32_png_jpg.rf.c7aa8ebf6dd9b0b8cf5def4853eb05a1.jpg,day_sharp
xemay1703_jpg.rf.543f32a50e964e22656d33d4bf42d376.jpg,day_sharp
xemay2006_jpg.rf.58967cbb412ebf37b96053ffe4c0ef6b.jpg,day_sharp
Cars25_png_jpg.rf.c2103fe44128267754a364e2d9bedbe8.jpg,day_sharp
xemay1713_jpg.rf.959eb567adf2986cde23362f1128ca5e.jpg,day_sharp
CarLongPlateGen1900_jpg.rf.b0875f080dd199cffd5fbd0fcd0c051e.jpg,night_sharp
CarLongPlate120_jpg.rf.9db94540dbb1f3b7faa9210b4f7f1e64.jpg,day_sharp
xemay2268_jpg.rf.a3d54bfde8c3455bd3287f47410a8d57.jpg,day_sharp
CarLongPlateGen2865_jpg.rf.3aad5a81e5cfd09dcba0540e5da67d92.jpg,night_sharp
xemay2071_jpg.rf.a1537c0924797d5a0187580db52ab46c.jpg,day_sharp
CarLongPlateGen784_jpg.rf.c2ecad0353f576c62301d9cda75bdbcf.jpg,day_sharp
CarLongPlateGen3496_jpg.rf.94b528f2ae79c8d969d444e3326fcc4b.jpg,day_sharp
CarLongPlateGen2370_jpg.rf.b72e307ef3b5d43db1a8935bbc37c32d.jpg,day_sharp
CarLongPlateGen2436_jpg.rf.8446f24ffe38d9ebb266dfa8107d5d3b.jpg,night_sharp
CarLongPlate828_jpg.rf.d1affb9eeb612fd92f281fe671cbc86c.jpg,day_sharp
CarLongPlateGen921_jpg.rf.28b543b1bc377742460c6cbb13fd33bc.jpg,night_sharp
CarLongPlate974_jpg.rf.9ae4e8909efd02c37fe731467b97979b.jpg,night_sharp
CarLongPlateGen3869_jpg.rf.7153a2b942d9cd19656a7d70a38e677f.jpg,night_sharp
CarLongPlateGen2140_jpg.rf.1b7db78e33fc528f3e628ed8801e0eea.jpg,day_sharp
CarLongPlateGen1318_jpg.rf.947a3126083763a3524be75b17195016.jpg,night_sharp
CarLongPlateGen3361_jpg.rf.2690085c291f18d78f41f797bb11fe88.jpg,night_sharp
CarLongPlateGen3425_jpg.rf.b916d7934af85dc451f0ce450a034bd5.jpg,night_sharp
CarLongPlateGen2494_jpg.rf.f867e013a942dbb92a17b3860028efd2.jpg,day_sharp
xemay215_jpg.rf.8cf88add7679ff721a638fc07c530ff5.jpg,day_sharp
xemay1488_jpg.rf.0d8847be94bf8ce7b52f185480155a3a.jpg,day_sharp
CarLongPlate708_jpg.rf.000907ebadc81ea381604ef97dfb202f.jpg,night_sharp
CarLongPlateGen723_jpg.rf.50cb368b71ee0d81c3a453e7a9a0fb53.jpg,day_sharp
CarLongPlateGen2528_jpg.rf.844c704e64575d48ce8665a36f6e1449.jpg,night_sharp
7-D_NQ_NP_865970-MLM31423400441_072019-W_jpg.rf.efa40bc2f5bc9af0d4cb7da578dfe037.jpg,day_sharp
xemay588_jpg.rf.5fe15f9449bec6f83a53b4feb496bf41.jpg,day_sharp
xemay2475_jpg.rf.b90699b4ad51084819961f3183b94aa9.jpg,day_sharp
CarLongPlateGen2994_jpg.rf.67779217c7443fbd4a4d3d9c6baa5bc3.jpg,night_sharp
xemay473_jpg.rf.c0e52a636e5fdee41e7e59b559196cf8.jpg,day_sharp
CarLongPlate104_jpg.rf.a6193b4e6f12b2947a7f9de8fc400428.jpg,day_sharp
xemay852_jpg.rf.6d8d5afc74753d67115aecab59d54a98.jpg,day_sharp
CarLongPlate70_jpg.rf.c8ab5136c4595a068a3a7705c43ba126.jpg,night_sharp
xemay1262_jpg.rf.1ea62489bfe6db4c3e9fdc0f65ee35be.jpg,day_sharp
xemay421_jpg.rf.489e5da177290e2147054d8fcb3bb684.jpg,day_sharp
boderquandoi61_jpg.rf.ce23f0253d639566340d5c4d6d2168e2.jpg,day_sharp
CarLongPlateGen961_jpg.rf.8ed557f3c25765653eaf9e5773fa8e9b.jpg,day_sharp
CarLongPlateGen3031_jpg.rf.2433b2986e8011108002ce5cc48c22b5.jpg,night_sharp
quandoi18_jpg.rf.6f8f086b9253bb2fe85f80e5a214cc09.jpg,day_sharp
CarLongPlate285_jpg.rf.51514569a7f7b6ee1714a6a92934f951.jpg,day_sharp
image26_jpeg_jpg.rf.1606a12e874004c9f73ac6b654eb8b5d.jpg,night_sharp
IMG_7047-conv_jpeg_jpg.rf.d68c565903499c8842d66fc173af7606.jpg,day_sharp
xemay1891_jpg.rf.e17948e37d003490fd47b684abc852f1.jpg,day_sharp
xemay1927_jpg.rf.80e2d192cf7f2170b534ba84561296d0.jpg,day_sharp
xemay61_jpg.rf.5f53792c6b1903fa945e967aaa49bb20.jpg,day_sharp
Cars223_png_jpg.rf.0607e153eb63bd42b33c7f9f43a6c35f.jpg,night_sharp
CarLongPlateGen1732_jpg.rf.411e8ee05226396ae829871bffab8dd7.jpg,day_sharp
rotatequandoi108_jpg.rf.63b9b2f82d95a44ed49658ba5bd3051f.jpg,day_sharp
CarLongPlateGen801_jpg.rf.b2e15a718c94b5ef81f0d9d297d968d5.jpg,day_sharp
015-wheels-classic-cadillac-122515-mr__20635443_jpg.rf.05e7691f6613e2c2af4539e1797108e9.jpg,night_sharp
xemay634_jpg.rf.9478eec3bc0dc202a6f37252a83f3e61.jpg,day_sharp
73-D_NQ_NP_902506-MLM31711685330_082019-W_jpg.rf.f7e345139ba5ceab3623a00057984ace.jpg,day_sharp
CarLongPlateGen1538_jpg.rf.2614184b38723717615cbfa152b12a10.jpg,night_sharp
CarLongPlate750_jpg.rf.626eace842623e4fddda111263bdfa62.jpg,night_sharp
CarLongPlateGen3347_jpg.rf.6fb74ddfe6b2c11f0e637f2c3e02b694.jpg,night_sharp
CarLongPlateGen3458_jpg.rf.0cbca1c0159b129dbbeeb79345ffa4c6.jpg,night_sharp
pic_149_jpg.rf.eab677d6dd76effa6e5868f5d69c24f0.jpg,day_blurry
xemay795_jpg.rf.db6acb4150e155ea99b64022ddea082d.jpg,day_sharp
CarLongPlateGen1075_jpg.rf.7b7e36a6829e9b72536524e5e95696dd.jpg,night_sharp
030f1af8e6d81e8e_jpg.rf.e41deb23942f2b43111d63451331a5b1.jpg,day_sharp
cropngoaigiao14_jpg.rf.6934aa4211e26ad458ce1d6a0b052082.jpg,day_sharp
xemay827_jpg.rf.fb6436f9c32e3bb56f103ef87f711ef5.jpg,day_sharp
xemay907_jpg.rf.80cc8ce085930e7f418af9488a12e193.jpg,day_sharp
pic_364_jpg.rf.374f4e51c14b41f24388e8393a9ed567.jpg,day_sharp
CarLongPlate401_jpg.rf.21d0a198bfae369e7b0cb0166ab653e9.jpg,night_sharp
WhatsApp-Image-2022-04-04-at-2-25-11-PM_jpeg_jpg.rf.4da0b7d792a6e26c133da970af9151f0.jpg,day_sharp
93-s-l640_jpg.rf.af5a85f6617b975d2e70d460386953d3.jpg,day_sharp
xemay117_jpg.rf.6eb25678c4e47555c9820b52e92fcdac.jpg,day_sharp
xemay1566_jpg.rf.e413893b98532411623fce097a836052.jpg,day_sharp
xemay1218_jpg.rf.24f9ba72f5e6cc48a032f45b1d360df7.jpg,day_sharp
CarLongPlateGen2236_jpg.rf.4b952ec83b5cc51c9caf27e2bdc35103.jpg,night_sharp
CarLongPlate225_jpg.rf.b42295f6ce8dd2d04d1bf2d7ef047ff4.jpg,day_sharp
PXL_20210622_051522183_jpg.rf.2d19185e3bc2636618b5f1a567163982.jpg,day_sharp
CarLongPlateGen3432_jpg.rf.d6ef53f4f17a21acfe3f4483c7a1911b.jpg,day_sharp
CarLongPlateGen3888_jpg.rf.41181049e3f24a37f735c5bb9cf548a0.jpg,day_sharp
xemay2209_jpg.rf.25c28f6506789bf4237fb6a3185b25ef.jpg,day_sharp
xemay204_jpg.rf.1a7e3a0c6895c2d0ecfc8e902e495678.jpg,day_sharp
CarLongPlateGen3562_jpg.rf.cb0bd554ea6f0177e521a0abb792a1f4.jpg,night_sharp
xemay364_jpg.rf.c0d3ad96f873a4b848e6ae737d703f52.jpg,day_sharp
CarLongPlateGen776_jpg.rf.2753f656dbc6fd68e4d0f0f406d34ec0.jpg,day_sharp
xemay936_jpg.rf.62a465916493fe39031a0b2832aa4379.jpg,day_sharp
CarLongPlateGen2810_jpg.rf.49e41ff11c5f6d313b6b5e0941d14de7.jpg,day_sharp
CarLongPlateGen2274_jpg.rf.1db025b2756cde86fa7f97c88857d1cc.jpg,night_sharp
xemayBigPlate215_jpg.rf.65b78795a355020eca098a2cdf5ebf16.jpg,day_sharp
35-CDMX_17_580x-2x_jpg.rf.e63ca4282df0ca5d85c557d14feb9cf5.jpg,day_sharp
CarLongPlateGen2925_jpg.rf.c36eb3a2b40734684984427d7600d432.jpg,day_sharp
CarLongPlateGen1107_jpg.rf.d46ddbcaf49144178ba1f61d3c887e40.jpg,day_sharp
Cars417_png_jpg.rf.0b66463e3aa2f75331f311acb6f392d8.jpg,day_sharp
xemay1516_jpg.rf.2130ea95b1d95e9765b7014aefc4786d.jpg,day_sharp
CarLongPlateGen1348_jpg.rf.d440546660b6c6cabd3d8d0c6bfb0870.jpg,night_sharp
CarLongPlateGen1197_jpg.rf.9b42440f9d2bb54f4ec31cf2ba579ab8.jpg,day_sharp
xemay439_jpg.rf.127091d474a898c7fe2289ff1fa1ba71.jpg,day_sharp
CarLongPlateGen3833_jpg.rf.3973c15814bfb41a0bd7caf7a24666f7.jpg,day_sharp
xemayBigPlate36_jpg.rf.6da86c0121a64651c62a30f264fd80af.jpg,day_sharp
Cars261_png_jpg.rf.308d93680148fa36f23097917fb481a6.jpg,day_sharp
pic_592_jpg.rf.da5f966bd5083edd6e5444ceb7adca75.jpg,night_sharp
xemay701_jpg.rf.a1d7e696ac31d54b0855147283d95883.jpg,day_sharp
CarLongPlateGen1411_jpg.rf.cba2c0bcbb43cf2d64b6f01ef4096ed7.jpg,night_sharp
pic_384_jpg.rf.dc11cdae1299db498028fe677823c4a9.jpg,day_sharp
xemay2304_jpg.rf.1ad7132936549657531545e77af18539.jpg,day_sharp
Cars123_png_jpg.rf.85e94e404d62a4384270ab7ee4eceb72.jpg,day_sharp
CarLongPlateGen1756_jpg.rf.263960aeb3b289a11113f645389476ab.jpg,day_sharp
CarLongPlateGen2556_jpg.rf.cf5b94f20b43810fec8743bf7a87c5e5.jpg,night_sharp
xemay1770_jpg.rf.98639dc88cbbb92b7da7020a12826d0a.jpg,day_sharp
quandoi58_jpg.rf.388d6ee0226fff887bfb9b5143713b40.jpg,day_sharp
CarLongPlateGen1349_jpg.rf.9af7f6c69d323c3a3468a542043ddc4d.jpg,day_sharp
xemay642_jpg.rf.1f29905d1aea84ef24f72c17caff3cfb.jpg,day_sharp
CarLongPlate701_jpg.rf.b6b1d69067035e335ee546575134148f.jpg,day_sharp
xemay1472_jpg.rf.98a95d56488856457c39897d3eea1752.jpg,day_sharp
CarLongPlateGen2677_jpg.rf.bad5ade03897e4a9434b2d466a99886b.jpg,night_sharp
CarLongPlate795_jpg.rf.71cd679682eca7bde83a452776dd8ce9.jpg,day_sharp
CarLongPlateGen3520_jpg.rf.6d26010336b8388e61a9a3292d8dcab2.jpg,night_sharp
CarLongPlateGen68_jpg.rf.ac59e8765cc16f00160a4dcdf1278f92.jpg,day_sharp
CarLongPlateGen227_jpg.rf.4e1350eeacc6f592f8ff7b22c2b1b91a.jpg,day_sharp
pic_182_jpg.rf.d56eff34ae71a3dba5fcd92a3588f1e7.jpg,day_blurry
pic_021_jpg.rf.15972ef25147a2b20e5e49299aa56084.jpg,night_sharp
TY27924_jpg.rf.89bb9d562464a88288981bff878379cf.jpg,day_sharp
xemay933_jpg.rf.d5f1ede861e52d7463952f10ead942bb.jpg,day_sharp
CarLongPlateGen3214_jpg.rf.792278497d8121f850a942d81fcfc8e9.jpg,night_sharp
CarLongPlateGen3377_jpg.rf.f4d6b54593a9500f356ea365792f1388.jpg,night_sharp
CarLongPlateGen1794_jpg.rf.9bcb5281e4239551cfff23c2675fcec7.jpg,night_sharp
xemay1771_jpg.rf.ca9f5bcbea85c5c87e8633663c8a3b33.jpg,day_sharp
xemay418_jpg.rf.51374841eefa2cd452c5428ff526ab8f.jpg,day_sharp
CarLongPlate673_jpg.rf.f6b5252409c5e8098d5542fe6ad909ee.jpg,night_sharp
xemay1918_jpg.rf.287058f367eb759b5c72e07a8079c0fa.jpg,day_sharp
01a599bd26b8ebf8_jpg.rf.66edf37bd974849e1816aa07601451a4.jpg,day_sharp
CarLongPlateGen77_jpg.rf.c0dc8c163ecb1ab8ffa37fa9f46a474d.jpg,day_sharp
pic_105_jpg.rf.1d14356949fee1c80f5ea20614da74f9.jpg,day_sharp
quandoi108_jpg.rf.a6374d4b09012ddab5a546271859880f.jpg,day_sharp
CarLongPlateGen498_jpg.rf.f7101010605df484a2631b120e97a376.jpg,day_sharp
CarLongPlate876_jpg.rf.bf0039f14d0ab3bfc622f4c710a3a543.jpg,day_sharp
00a144adf6f339d7_jpg.rf.26f40599c82e1fa3642cd5b550d0720b.jpg,night_sharp
brightnessquandoi34_jpg.rf.e24101bf7414bbd7a4548af435a70a80.jpg,day_sharp
xemay1996_jpg.rf.307e3a1e8b2ede4d1f9beba5641ad00d.jpg,day_sharp
CarLongPlateGen2335_jpg.rf.f1653dcc182ea53fcf2c484302ed0d11.jpg,day_sharp
xemay130_jpg.rf.3ff518099e27816d2d84d034460fe6c4.jpg,day_sharp
CarLongPlateGen2914_jpg.rf.3eeebcc4323662394bb7ecfc317ec5fa.jpg,night_sharp
CarLongPlateGen1265_jpg.rf.7419d6b0b15e6bebd78f2507f04ccd9a.jpg,day_sharp
CarLongPlateGen3299_jpg.rf.ebe564784a48bb6ca00419550ea76622.jpg,night_sharp
IMG_7001-conv_jpeg_jpg.rf.f79927a61118438bf16794a88b362da2.jpg,day_sharp
CarLongPlate767_jpg.rf.bd6265eaaa046d8d156e9ca680682b27.jpg,night_sharp
CarLongPlate383_jpg.rf.8f21f8a7ed842101cdf72172bbccf44e.jpg,night_sharp
xemay39_jpg.rf.c847090376e1ee5ede99bf3ad08c2f4e.jpg,day_sharp
CarLongPlate714_jpg.rf.057c6af5f6bfd1567b13ab5cea48d201.jpg,day_sharp
CarLongPlateGen1392_jpg.rf.268ebde2b6f454ab0c49f55b5f32a6bb.jpg,day_sharp
CarLongPlateGen1514_jpg.rf.ef93562179f832874187d03f99dd0b51.jpg,day_sharp
xemay1555_jpg.rf.fda734ab0d8246dc5e4ff12290559cfa.jpg,day_sharp
CarLongPlateGen2761_jpg.rf.c933c804e48362a024e11adef776e8db.jpg,night_sharp
xemay2093_jpg.rf.b2f4c9e6268c980d95ad5d1048737e4d.jpg,day_sharp
CarLongPlateGen2471_jpg.rf.9d9776c3564274d979b62787808af588.jpg,night_sharp
CarLongPlateGen141_jpg.rf.e1da46639df4c32091382e0df85bdbb3.jpg,day_sharp
xemay1872_jpg.rf.8e4061893477c9eb33ae0ba29214ef77.jpg,day_sharp
Cars392_png_jpg.rf.c6a67071ff66ec821eb8e3bf4a7b699c.jpg,night_sharp
CarLongPlateGen158_jpg.rf.10046fb9510f1bb1c08d8c2fa6a812d8.jpg,day_sharp
Cars45_png_jpg.rf.749f8ec9da7456f9f71ed95f79fe90ef.jpg,day_sharp
Cars313_png_jpg.rf.fb089516f792bff384eaff3687faa83f.jpg,day_sharp
xemay565_jpg.rf.5da2f708edd0cea3a2f96d1c1646845e.jpg,day_sharp
91-1200px-License_plate_of_Cuba_2002_tourism_T_36016_jpg.rf.e1afdabca54c574149f852edfa96da4d.jpg,day_sharp
CarLongPlateGen134_jpg.rf.51c4009bfbd50face55529b6b1995a2b.jpg,day_sharp
EXCUSEM3_jpg.rf.2f8838d5da327629adba0010ae787690.jpg,night_sharp
CarLongPlateGen133_jpg.rf.9f5c78f5f96e016424a795455a81fc74.jpg,day_sharp
Cars270_png_jpg.rf.ea1ae1168b69b2382fc01178c66a5727.jpg,day_sharp
CarLongPlateGen2141_jpg.rf.e3026b3f4653a7823a2daafae2607075.jpg,night_sharp
CarLongPlateGen1907_jpg.rf.a13d8b99b1a5d98f8af7901b45370741.jpg,night_sharp
pic_710_jpg.rf.ce665df2e639129a6c18a41cbf80620d.jpg,night_sharp
CarLongPlate302_jpg.rf.f70b58a91b1401552e015754b61bffa4.jpg,night_sharp
xemayBigPlate182_jpg.rf.9343747257d3062fe3f0c638a2c533ca.jpg,day_sharp
xemay1071_jpg.rf.ccbcf50f254f3dedf23fce939e9585e5.jpg,day_sharp
CarLongPlateGen2154_jpg.rf.300452fe424dcd8c731b1af10a34ff5f.jpg,day_sharp
How-20to-20mount-20front-20license-20plates-20-20YouTube_jpg.rf.ecbb16b3baa50f2bc4bde4406da87151.jpg,day_blurry
CarLongPlateGen2293_jpg.rf.22233501b0f464d1cf21e0ac19d2128a.jpg,night_sharp
CarLongPlateGen1254_jpg.rf.21e8de54999be5f6016b1f4e9acb5cb7.jpg,day_sharp
CarLongPlateGen2654_jpg.rf.bbccdcac4c6188731983cfd818900aba.jpg,night_sharp
CarLongPlateGen3135_jpg.rf.902f52e442fb83cf772b1e4af4cc9af4.jpg,night_sharp
xemay2286_jpg.rf.2ca8f6b74126e7ba39b777a0d40fa09d.jpg,day_sharp
xemay836_jpg.rf.3f1054481168ca65a858b585a2bec22f.jpg,day_sharp
CarLongPlateGen2856_jpg.rf.6b63ddf1d468ef94d33b31df2f374af7.jpg,night_sharp
xemay961_jpg.rf.c6a9ca0af5de44b224ea590ea08ba764.jpg,day_sharp
CarLongPlateGen858_jpg.rf.b949c0e197153c7dbf782496ca8382d6.jpg,night_sharp
xemay758_jpg.rf.070345140bf088c9e7c9d3292e8b38b1.jpg,night_sharp
CarLongPlateGen412_jpg.rf.bd3fb04a975a58b9f828a57b7b3068aa.jpg,night_sharp
CarLongPlateGen3389_jpg.rf.4dd4f2d948b82928f6ed480d0cda510c.jpg,night_sharp
CarLongPlate449_jpg.rf.73eb24d0a76e4beeec541b52af13c183.jpg,night_sharp
CarLongPlateGen2911_jpg.rf.7609a883c2d83c974e3f88c61cce8e80.jpg,night_sharp
CarLongPlate950_jpg.rf.1b77b0e53476a05ae11d381f4a4c2db9.jpg,day_sharp
CarLongPlateGen1457_jpg.rf.c23a631cdc4b32c6b92002c6fd965a71.jpg,day_sharp
image_jpeg_jpg.rf.a4faa06212db46025e209b3c2cb2963e.jpg,night_sharp
V328FNN_jpg.rf.6695bc3833a5b70ce214f3612411b777.jpg,day_sharp
UN29526_jpg.rf.5bc94943912c7cae4be7dc57a35451de.jpg,night_sharp
CarLongPlate687_jpg.rf.c2ea9c62d702ecad8419a8d017d3f789.jpg,night_sharp
CarLongPlateGen1745_jpg.rf.047cc67fdcbb19fa9721ffb064ae76f0.jpg,day_sharp
CarLongPlateGen3414_jpg.rf.75cc846d93874a6b53be9ef86fbf72ca.jpg,night_sharp
CarLongPlateGen3224_jpg.rf.b013460b31db701d2c3f2b8ebe6da7a6.jpg,day_sharp
CarLongPlateGen1877_jpg.rf.e8460038549cee47b22150b9b1f8baea.jpg,night_sharp
xemay714_jpg.rf.9a50708b440d2acd13226dc2282473fb.jpg,day_sharp
CarLongPlateGen1981_jpg.rf.00fb5fe1d2f47086d522c687b4670e66.jpg,night_sharp
brightnessquandoi0_jpg.rf.3d4f2471055a0f3c38189e21fe192237.jpg,day_sharp
CarLongPlateGen1474_jpg.rf.be76d7137646f68838a8b230a167f1a4.jpg,day_sharp
Cars156_png_jpg.rf.6ab9d6550d9dde5157e12d380e74f3c5.jpg,day_sharp
xemay900_jpg.rf.9ac6b17f6dd00178cbb753e11be4d80a.jpg,day_sharp
CarLongPlate469_jpg.rf.52b4426594d3010af6dd1bfc4a2ed1b9.jpg,day_sharp
CarLongPlateGen1255_jpg.rf.bd8684f5db5460921d99f1d13826f646.jpg,day_sharp
xemay2162_jpg.rf.3339eb03a0d261f9feb63b05c925567b.jpg,day_sharp
CarLongPlateGen2922_jpg.rf.017805ba00fc652d9cf8759b8dd716fa.jpg,night_sharp
CarLongPlateGen2152_jpg.rf.dd5356d2ddad5b0ad96a92c7613a9f51.jpg,day_sharp
030274af7c34a641_jpg.rf.1ec5d041ed94ff4e2061e7822c803ea6.jpg,night_sharp
CarLongPlate426_jpg.rf.0c4536b5861adafc8a6ff4b11e6a9fc6.jpg,night_sharp
028dfaab7ad04b01_jpg.rf.6d46fb1703979e5fbaa38e92816094a1.jpg,day_sharp
CarLongPlateGen854_jpg.rf.e25b91057d47bce68da768f51b97e1fe.jpg,day_sharp
20151119_134639_arabic_license_plate_jpeg_jpg.rf.b17e9a29b08987cd156510da59a11110.jpg,day_sharp
CarLongPlateGen3292_jpg.rf.51bffbdbbde35ea89b55d5109df902a2.jpg,night_sharp
xemay2254_jpg.rf.a2be4068c285da77de3dd1529742af7d.jpg,day_sharp
xemay1490_jpg.rf.cdc61b1be7262dadf4a4de0078327da8.jpg,day_sharp
CarLongPlateGen2399_jpg.rf.b45a8783db4919ad65e74bcddf8b1195.jpg,day_sharp
CarLongPlateGen1861_jpg.rf.bd518070049304cc7ac7597dd7486df2.jpg,day_sharp
CarLongPlateGen1607_jpg.rf.1098b38a25ee0fe3b993043b331ace1a.jpg,night_sharp
pic_075_jpg.rf.3fb7701dafade5c88597473c7e47e4eb.jpg,day_sharp
CarLongPlateGen3497_jpg.rf.f0fb280d216ac9975a47cf6153d517e0.jpg,night_sharp
0029cb5bf907f89e_jpg.rf.af616e138719d0ea02f91947c55438ae.jpg,day_sharp
CarLongPlateGen2460_jpg.rf.78fbc751c15e8e7534a5f8cc85b58a44.jpg,day_sharp
xemay2163_jpg.rf.31c55278d86c0a0c8357c7f8464e924c.jpg,day_sharp
xemay1922_jpg.rf.f7a9498adf54b72d63bc7f37fe42e0d1.jpg,day_sharp
CarLongPlate356_jpg.rf.a837affa7bd4eec60ac91759f9853b62.jpg,day_sharp
CarLongPlate710_jpg.rf.95e4c87d9f6c55db4013d6b3935be411.jpg,day_sharp
CarLongPlate338_jpg.rf.18ef3899e1e9e24f3991b4d0eae92fb5.jpg,day_sharp
CarLongPlateGen286_jpg.rf.287f650b3e462b9104d61aa5e0cdfaac.jpg,day_sharp
xemay1328_jpg.rf.4c8a361fcde0729a89638d9c81abdc54.jpg,day_sharp
CarLongPlateGen1891_jpg.rf.bab1e0021b00ba3c54578c807af6f654.jpg,day_sharp
CarLongPlateGen1933_jpg.rf.fab0d4417a8c7743438d38b44f2f6c4d.jpg,day_sharp
CarLongPlateGen584_jpg.rf.33b77edbdf30af5f402f98bed188ec19.jpg,day_sharp
xemay188_jpg.rf.12530460688e055261e47ff11f0a01e8.jpg,day_sharp
xemay747_jpg.rf.25809abfedc2dd105abe159c39d4bef2.jpg,day_sharp
brightnessngoaigiao2_jpg.rf.9a7e66abca42bcfd1861e6a88d68fcd0.jpg,day_sharp
033dc103ddcb1b79_jpg.rf.2b6e57c422e56326eac25e0686482565.jpg,night_sharp
CarLongPlate812_jpg.rf.f23418406fe079cceed1bad450a6d857.jpg,night_sharp
pic_694_jpg.rf.913c90e71f51a91645ea4614707608c9.jpg,night_sharp
cropquandoi82_jpg.rf.7eec976fce7626775bc4685bb5274b98.jpg,day_sharp
CarLongPlate534_jpg.rf.ba1653671ab7228ca96f406085928614.jpg,night_sharp
004ce6e46f66a306_jpg.rf.2f31b4645bfe50921c188146e4066293.jpg,night_sharp
CarLongPlateGen2900_jpg.rf.c86d290ecb2992ae6a64a5a136675fdf.jpg,night_sharp
CarLongPlateGen1682_jpg.rf.0c8a8c947ef8848df21af5c446060237.jpg,night_sharp
00179ef6f55e4ba6_jpg.rf.177812eb64220aed57339c67fb0886d3.jpg,day_sharp
Cars246_png_jpg.rf.959089d8393ba66c7ec6c9a391dab3b6.jpg,day_sharp
CarLongPlateGen276_jpg.rf.f3022577e097e6d92568b06bd22d7ed0.jpg,day_sharp
CarLongPlateGen1576_jpg.rf.3aadb7e44ffc06fe88ed7d904e044b12.jpg,night_sharp
ACHTUNG_jpg.rf.ac1d0a0bedf786aced355eff3e8f7c00.jpg,day_sharp
boderquandoi56_jpg.rf.72c285806b696b332c82ab29005b23cd.jpg,day_sharp
CarLongPlateGen1771_jpg.rf.8a6d3f1b4ca5666904b37e30df087554.jpg,night_sharp
xemay101_jpg.rf.fe2ddc32e66a01cde85221f0d06d5645.jpg,day_sharp
CarLongPlateGen2557_jpg.rf.7a03bb95fac09a1318d42e4250e5f822.jpg,day_sharp
CarLongPlateGen472_jpg.rf.bb6ec7150d680e408e25dbdfa0e99411.jpg,day_sharp
00a8d9ab7c3b9c0e_jpg.rf.dcdf50513f21bb6ab920ba619e712c2d.jpg,day_sharp
xemay2168_jpg.rf.6787ba6a362ad6da01b3ea1ef7951710.jpg,day_sharp
CarLongPlate348_jpg.rf.835fe67f1ae7c3cb4ed3a64a33789e0b.jpg,night_sharp
Cars150_png_jpg.rf.9c9451732425f93aa069238c0487bb3f.jpg,night_sharp
CarLongPlateGen2461_jpg.rf.65003e2769b104946d65721632fd8c83.jpg,night_sharp
pic_424_jpg.rf.dbef2ac3590107f121f76b2e95deef1c.jpg,night_sharp
How-20to-20Feng-20Shui-20Your-20Car_s-20Plate-20Numbers-20fo-20-1-_jpg.rf.b28836710e3299891068702a64e69fb0.jpg,day_sharp
CarLongPlateGen1006_jpg.rf.fd58b627173a932c4e12ac75b12e721d.jpg,night_sharp
xemay1402_jpg.rf.d6fe6631a7066a0788e1a72e82a266cc.jpg,day_sharp
pic_717_jpg.rf.5e43ff1eee87cb23f72cc6cbd4c93ef4.jpg,day_sharp
xemay2185_jpg.rf.fb86163ae2348c45ea87a522b01cd183.jpg,day_sharp
CarLongPlateGen2473_jpg.rf.6e2a6ab640c0ba483c9deb4d176bbb6f.jpg,night_sharp
quandoi80_jpg.rf.b4a96ba6671d75b04cf68749d51adb3c.jpg,night_sharp
xemay889_jpg.rf.0fd44c6e0e31a19d0007d4476fb01116.jpg,day_sharp
CarLongPlateGen306_jpg.rf.fdc59305b5b92291dff2ee86b003f82c.jpg,day_sharp
CarLongPlateGen1915_jpg.rf.c6d05d720dd66751115a5ff01d6727a4.jpg,night_sharp
CarLongPlateGen2621_jpg.rf.a5778c02a4ca7682db560a16e22939cd.jpg,night_sharp
003551f1525e49af_jpg.rf.9972ae922b2f96a17125dab811c69533.jpg,day_sharp
CarLongPlateGen3712_jpg.rf.d26b262c027a56867be281ad94b59e08.jpg,day_sharp
CarLongPlateGen1221_jpg.rf.525e5de4d2f3e6a72b2038c33f881b46.jpg,day_sharp
IMG_7085-conv_jpeg_jpg.rf.42de00ebd6c41dfe2dc547134ce38c35.jpg,day_sharp
pic_139_jpg.rf.d6b79773b73533520e6363cca1cabef2.jpg,day_sharp
gray1_jpg.rf.c40ae63b27d365d8fa378b6d1304f3fa.jpg,day_blurry
CarLongPlate845_jpg.rf.2be1a373bd65a11f933230ebcdb37c19.jpg,night_sharp
xemay1351_jpg.rf.6f19fd20fcb9a3d40451f6d44a566539.jpg,day_sharp
CarLongPlateGen2833_jpg.rf.be7eafe6d201d1280888ad9455da13d4.jpg,night_sharp
pic_134_jpg.rf.628834780b84372c8ce18f21e898dda8.jpg,day_sharp
cropquandoi60_jpg.rf.5ed0b1ead16af4c2085f229aaf3fafca.jpg,day_sharp
xemayBigPlate194_jpg.rf.685627713d214c8b4f2f98e81ea69b85.jpg,day_sharp
quandoi70_jpg.rf.f6a91ffb57e89d5a6c73ae9dcaaa395a.jpg,day_sharp
Cars243_png_jpg.rf.73651b6de72c53dd8465d7dc12cb85e8.jpg,night_sharp
CarLongPlateGen3705_jpg.rf.f9a5a03f0be35a60f606870b7d297787.jpg,day_sharp
CarLongPlateGen2269_jpg.rf.51a996a493e5b1a62c4419757fb0a981.jpg,night_sharp
CarLongPlateGen1552_jpg.rf.5b73538f0778d2ba53e114a66edc970d.jpg,night_sharp
xemay859_jpg.rf.fccdebba29e09d79d349eae2bd3ad5a9.jpg,day_sharp
CarLongPlateGen1488_jpg.rf.3d4e5186d3353427e089d25ac94b9b1f.jpg,day_sharp
XFG2121_jpg.rf.1de676069cd4a26e29a1b791b755c8a5.jpg,night_sharp
brightnessquandoi54_jpg.rf.362de6aafcfdbe914c0d700b5486d38d.jpg,day_sharp
CarLongPlateGen1279_jpg.rf.48dee71052bf9f2ed8b099fc2218788e.jpg,day_sharp
pic_713_jpg.rf.3e426b9314f4a6626bc7e710fbbddedd.jpg,night_sharp
Front-20licence-20plates-20will-20be-20scrapped-20by-20July_yythk_jpg.rf.4b7c7f5a8a4f8b403731353bbb625942.jpg,day_sharp
pic_030_jpg.rf.652f219ec60c698809f3a85894cd89cd.jpg,day_sharp
CarLongPlateGen643_jpg.rf.c5df137302dd0b33179041c41df4530c.jpg,night_sharp
xemay1342_jpg.rf.c3e8ab4cc5938ef711e11c20a22338f1.jpg,day_sharp
0043cd2a3de997a5_jpg.rf.501d1e2bff8f7b7c417da7bf5b7cb378.jpg,night_sharp
CarLongPlateGen3476_jpg.rf.17a1e61a0ae6c15a94298a9f4d8b7f0d.jpg,day_sharp
Cars148_png_jpg.rf.07589cb482fbed5afa2ca27b8bd704e9.jpg,day_sharp
CarLongPlateGen3632_jpg.rf.26845da23c413c7905d45971370bfb41.jpg,night_sharp
xemay523_jpg.rf.bd1afbe93aadc37aac7f426df6fb7ad3.jpg,day_sharp
0049ed70c1b2d480_jpg.rf.ab8e0cc509c03b535b79f9366548454e.jpg,day_sharp
37-cdmx2020bus-b_jpg.rf.fb863f27d560245f1e5195730cd446c3.jpg,day_sharp
CarLongPlateGen823_jpg.rf.73c977c9772ee3653d029844b994925a.jpg,day_sharp
quandoi42_jpg.rf.7deaea74b3ea2021ffe4f8b2cb85c48a.jpg,day_sharp
xemay1578_jpg.rf.a8e35ab2bb54937b42ed483b9b358d07.jpg,day_sharp
CarLongPlateGen3676_jpg.rf.ad9981cff4bf48c880bce549d0b426e7.jpg,night_sharp
pic_772_jpg.rf.58437c3aef93063918d10c30f43c98b6.jpg,night_sharp
xemay1596_jpg.rf.990b8fd82ba6dc22679468eb3d9ce0fc.jpg,day_sharp
xemay398_jpg.rf.c24a83700aab0bc1d9df9cc5d64b8886.jpg,day_sharp
xemay1225_jpg.rf.cea9d0e1dad40b008a7ef9c4ce33d103.jpg,day_sharp
CarLongPlate572_jpg.rf.ee44b9ae2538fd35d4c6ccbc3ecc96fe.jpg,night_sharp
xemay1341_jpg.rf.63c879885a334f15fd5f6bb388cec08c.jpg,day_sharp
CarLongPlateGen783_jpg.rf.f3cbeb02728dff192d305519ab8538c3.jpg,night_sharp
CarLongPlateGen1833_jpg.rf.121f47a17b1b3a2517c7f714082f0415.jpg,day_sharp
xemay1524_jpg.rf.68c42c5ed7f614066402b25dd3959ea4.jpg,day_sharp
CarLongPlateGen2827_jpg.rf.cc10dd2c77163317f114622b0e5e7812.jpg,day_sharp
xemayBigPlate94_jpg.rf.34e79c16985f2a9b15f96bac434072b8.jpg,day_sharp
xemay1625_jpg.rf.9c012f9b86b63f27f42fe0b7c76d1647.jpg,day_sharp
xemay1066_jpg.rf.b1eb003f169b17b6d4d956f9f0915133.jpg,day_sharp
CarLongPlateGen1420_jpg.rf.4c250d41c2f6156087736ffae48c088b.jpg,night_sharp
boderngoaigiao12_jpg.rf.81dc6dc6cb950541a62b61b7df994a35.jpg,day_sharp
pic_160_jpg.rf.8ee7de2f86e75114fd9957ef32704e81.jpg,day_sharp
CarLongPlateGen28_jpg.rf.8740a78fb9cde24a52141183092a3886.jpg,night_sharp
pic_295_png_jpg.rf.998004158b359c75220a266327a93c77.jpg,day_sharp
CarLongPlateGen3779_jpg.rf.4af441b61e48c2fb95ed1dd1c9e82f67.jpg,night_sharp
CarLongPlate976_jpg.rf.916ee5fd99af20936340b7401e3c7465.jpg,day_sharp
CarLongPlateGen3877_jpg.rf.48c267868c3e1da086f8c835f6b1d0e2.jpg,day_sharp
CarLongPlateGen1666_jpg.rf.98b1f603630c74df338f437512e1cad1.jpg,day_sharp
CarLongPlateGen866_jpg.rf.0de3bfb99e8ba2dad929190f483d0e6d.jpg,night_sharp
CarLongPlateGen143_jpg.rf.8997a6c7cd2901931723d9ba65906f32.jpg,day_sharp
CarLongPlateGen2571_jpg.rf.c17f71dcfc69fed5bf07846af8b2ae42.jpg,day_sharp
xemayBigPlate239_jpg.rf.e0d5a2d98a35e069880e8f76225bf52d.jpg,day_sharp
CarLongPlateGen1989_jpg.rf.54e7832760cc42390788e1ca306a7df1.jpg,night_sharp
CarLongPlateGen2552_jpg.rf.fe772fe9d5b90977f643f16879d66772.jpg,night_sharp
Cars157_png_jpg.rf.31170bca887e41b65c6b857e9457a65a.jpg,day_sharp
CarLongPlate256_jpg.rf.88a5398511f58011a659732d959e44aa.jpg,night_sharp
xemay1060_jpg.rf.9844a6fb5a330db5e1f8265b9485f8db.jpg,day_sharp
xemay683_jpg.rf.f3391e682c02dfcf1184f00aef7318d8.jpg,day_sharp
xemayBigPlate107_jpg.rf.d16126ea29d4925ddc8a0f1d50196b18.jpg,day_sharp
Cars267_png_jpg.rf.d46021f1979a483773b1e9bdcf58b42c.jpg,day_sharp
CarLongPlate130_jpg.rf.eb06900f166e1bfc7b5f21abee92d964.jpg,day_sharp
CarLongPlateGen3770_jpg.rf.ccced3cae89ad0fc0abce25ff70e9b5c.jpg,night_sharp
CarLongPlateGen972_jpg.rf.88179bbe7fe5ec11f35e0f5beacc8ae3.jpg,day_sharp
CarLongPlateGen202_jpg.rf.5680d69409558fb5a808fd0261dce7e5.jpg,night_sharp
xemay287_jpg.rf.a807165fc20accfb6a514a98c7b449f1.jpg,day_sharp
CarLongPlateGen1313_jpg.rf.1ed3d5389a5f84ab4e3375e934f53023.jpg,night_sharp
CarLongPlateGen1831_jpg.rf.1c398416afefea070db1e6975b36d488.jpg,night_sharp
CarLongPlateGen223_jpg.rf.2e44ba048e819721bbfc69f912e9279f.jpg,night_sharp
CarLongPlateGen3300_jpg.rf.20096f96f859e9061029b6121de51b39.jpg,night_sharp
CarLongPlateGen2446_jpg.rf.135cf6202877337a78cfdaa91e407cee.jpg,night_sharp
CarLongPlateGen1177_jpg.rf.fe9ea0527907a52b7672556abf67408a.jpg,night_sharp
xemay1131_jpg.rf.44cf0530e9f5f928f947ecd5c635a8a9.jpg,day_sharp
Amazon-com_-20license-20plate-20flipper_jpg.rf.7bd1eb47c41c6bc873bf05ac0669a7cb.jpg,day_sharp
In-20Cars-20-2006-_-20Luigi_s-20license-20plate-20is-20445-108__y_png_jpg.rf.4601471ab9f7d94480f970d7728eb4e8.jpg,day_sharp
CarLongPlateGen1097_jpg.rf.0052ca2a389d35c76cd47b44559ad1c8.jpg,night_sharp
xemay1157_jpg.rf.0789ba4d2cdbd707cf989d7022b78c8c.jpg,day_sharp
xemay2479_jpg.rf.b54a30e47d7231065d51f80ee7763764.jpg,day_sharp
cropngoaigiao6_jpg.rf.b8afe83137cef5a7938b4b0b6e00a41f.jpg,day_sharp
xemay59_jpg.rf.398370993ea771598835974593bb4287.jpg,day_sharp
CarLongPlateGen1171_jpg.rf.165cc0e25558538b724b197e51202a52.jpg,day_sharp
xemay362_jpg.rf.26fd7245e14c17d9d055b37a8151d737.jpg,day_sharp
xemay1486_jpg.rf.01eadddfd5520a65d7084cf90786a0ee.jpg,day_sharp
IMG_7009-conv_jpeg_jpg.rf.7e3b1de2630604dce97fa6a7decb3a3a.jpg,day_sharp
pic_115_jpg.rf.ed7d466eb2312b04a51909c15e3c94e8.jpg,day_sharp
CarLongPlateGen2155_jpg.rf.38cb9253488a7d514d7dbf774d1b62dd.jpg,night_sharp
xemay1457_jpg.rf.6e70f202ab0ec145c23ee2ae66e48a46.jpg,day_sharp
CarLongPlateGen2631_jpg.rf.d3e8aa0ae38a05cda938b625bfd87bd2.jpg,night_sharp
CarLongPlateGen3602_jpg.rf.6c4b148169da638b936d10161ff87f1e.jpg,day_sharp
pic_035_jpg.rf.c0c69e78c00397260386f4711f31508c.jpg,day_sharp
Cars37_png_jpg.rf.ae64edf803647257331a4fb55958da95.jpg,night_sharp
CarLongPlateGen1070_jpg.rf.327e9739dcfaeee81b2cb1687aa181b4.jpg,night_sharp
pic_351_jpg.rf.9b32984e4b12bc9adb25884586133a57.jpg,day_sharp
Cars100_png_jpg.rf.6bed73f229f9291f50fbbfe331e755ba.jpg,day_sharp
xemay1124_jpg.rf.cd1bcb7ec58eb7cd8605ac8b18363dd8.jpg,day_sharp
xemay448_jpg.rf.93c7938b3d238f616a8baa053898026d.jpg,day_sharp
CarLongPlateGen2338_jpg.rf.effe7f7c3bd25d6a081ea394516ca84b.jpg,night_sharp
CarLongPlateGen1103_jpg.rf.ef6c4a0b64838ce86e4ae02562218b93.jpg,night_sharp
CarLongPlateGen1052_jpg.rf.807dc22234791cd677d18deada5af30e.jpg,day_sharp
xemay948_jpg.rf.17bc7494887d1e0eeb58876a56d28fb6.jpg,day_sharp
CarLongPlateGen3177_jpg.rf.4ca508e483cf76fea1930116e7b81835.jpg,day_sharp
CarLongPlateGen1343_jpg.rf.22181b9e8590624940a9e8ed306e2cbe.jpg,night_sharp
pic_427_jpg.rf.3e5e4d365557d4cefeb1741da489b8fa.jpg,day_sharp
CarLongPlateGen1353_jpg.rf.7f486a79f6d3e401558a6753508b6e9e.jpg,night_sharp
pic_166_jpg.rf.2967c49575acddd202dbce90772c0479.jpg,night_sharp
CarLongPlateGen1521_jpg.rf.7b8db4344dfd3b4a339c6bc9eaa49df8.jpg,day_sharp
CarLongPlateGen3838_jpg.rf.c29e86ed5e7cdde0e8419d89d181b7e1.jpg,day_sharp
CarLongPlateGen787_jpg.rf.d2c48b687c134745837f82a6f3029079.jpg,day_sharp
CarLongPlate240_jpg.rf.f34f1869487d6fb54770aafb3c873cc5.jpg,day_sharp
CarLongPlate707_jpg.rf.397b012b73c6640672e3d04ab9f8594f.jpg,night_sharp
CarLongPlateGen262_jpg.rf.504b25b8ca4e752bcf6b118e10668eb3.jpg,day_sharp
xemay693_jpg.rf.6ec810181bb8b8e94645da6421698ced.jpg,day_sharp
23-cdmx2017trk_jpg.rf.bf8627afe6b318c81e74475bb946c575.jpg,day_sharp
xemay1898_jpg.rf.de33d3f8ebcbd76cccf3cf5c85ebbd60.jpg,day_sharp
0203b609336980a4_jpg.rf.33615890b72069275727abc5290c053c.jpg,night_sharp
CarLongPlateGen3408_jpg.rf.e7dcf325d1aa295bad5a370cce3618ab.jpg,night_sharp
pic_116_jpg.rf.12e67b1997b9da466e7853c391d55202.jpg,day_sharp
CarLongPlateGen3352_jpg.rf.dded790c335e8859dd8e0cac7c1305f3.jpg,day_sharp
CarLongPlate771_jpg.rf.d5314eb825133f78e07e31f2dcb68ac5.jpg,night_sharp
Cars350_png_jpg.rf.518bb1cdb202d65c6e8e1aea2dc40ea0.jpg,day_sharp
CarLongPlateGen2288_jpg.rf.d008655d9f003bf321fec35f04340e12.jpg,day_sharp
CarLongPlateGen3807_jpg.rf.5f2ec4a15bd3a9a43901d6093c2d7922.jpg,night_sharp
Busted_-206-20common-20myths-20about-20automatic-20license-20plat_jpg.rf.09ee1499b9f79d75765e684ca50372e6.jpg,day_sharp
CarLongPlate493_jpg.rf.49f3767fa7110225bca8c006f18c9cb6.jpg,night_sharp
CarLongPlate860_jpg.rf.474f187d91bd72b4250570eabdea8c9e.jpg,night_sharp
pic_674_jpg.rf.0b5bbdb187858061bd9c2f674e1cf012.jpg,night_sharp
xemayBigPlate221_jpg.rf.78d07d04fe88de8ddc05b1b24383832c.jpg,day_sharp
CarLongPlateGen409_jpg.rf.ebdf0432d275ad5d50ee005b5cd9613e.jpg,night_sharp
78-640px-1994_Virginia_license_plate_RYW-115_jpg.rf.9d03d87312fdd516968f650a873bd55f.jpg,day_sharp
CarLongPlateGen1136_jpg.rf.0148f56713473ac84b7ede3eb545e6ec.jpg,day_sharp
xemay668_jpg.rf.b741d272d3f0661d0c2238068ca57b59.jpg,day_sharp
CarLongPlateGen743_jpg.rf.5be054f220351aefec0b7a3e5d6ea2bb.jpg,night_sharp
CarLongPlateGen247_jpg.rf.dcdaaea8ae896c9b6c10b42db649c506.jpg,day_sharp
021b3c3c66e93910_jpg.rf.3fb5c642af7813f5e1116058d992396e.jpg,night_blurry
brightnessquandoi57_jpg.rf.90e463dfefa00ebe3a776143bb4f43c6.jpg,day_sharp
pic_268_jpg.rf.ac6ce0f0b5e88818bcc978346bdd7c4f.jpg,night_sharp
xemay217_jpg.rf.b078c595ac638b8c7d7868a3a25aeae6.jpg,day_sharp
rotatequandoi7_jpg.rf.4b599192cc22959f0d095fbb6634cf35.jpg,day_sharp
CarLongPlateGen3399_jpg.rf.7776b62922ab8d5b30ccdaf73c924bbd.jpg,day_sharp
brightnessquandoi95_jpg.rf.6c2481e9d1a7378aa8c3d681aa3f3df7.jpg,day_sharp
CarLongPlate417_jpg.rf.73226346b3b214e2ea07566a0f2045bf.jpg,day_sharp
ELVISV_jpg.rf.6146fc2762639a51169631f63f430c7c.jpg,day_sharp
cropquandoi28_jpg.rf.553dcc6f3bfb7ef149b5938977481aa0.jpg,night_sharp
CarLongPlateGen87_jpg.rf.f9fe6ee800f266092429d60d4ebe6a6b.jpg,day_sharp
pic_215_png_jpg.rf.e63a0f4787e0f3fcc24bace21ffb8351.jpg,night_sharp
xemayBigPlate88_jpg.rf.953d82f825556998462c9550f25cb42f.jpg,day_sharp
xemay682_jpg.rf.f41615aca2992b65165c6006d01b8c83.jpg,day_sharp
1241-blog-post-image-20201231142655_jpg.rf.ce54478e6e09eecc217af0d8e401d60a.jpg,day_sharp
Cars112_png_jpg.rf.60b484b14417133f099dde7324fd7b8c.jpg,day_sharp
CarLongPlateGen2742_jpg.rf.8919f0f820d7aad73f5d62d75878c3c3.jpg,day_sharp
CarLongPlate295_jpg.rf.2a737b94f569d45b958cc5013ab31cac.jpg,night_sharp
01005e15c5db91a2_jpg.rf.a0ce5904d72ca77709fd419669d59f39.jpg,day_sharp
CarLongPlateGen169_jpg.rf.d0545307b8c67af6a01872dc15f27a40.jpg,night_sharp
88-800px-ONTARIO_1946_-LICENSE_PLATE_SHORTY_-VIP_-_Flickr_-_woody1778a_jpg.rf.a4d674e03d15ddc0259107976e7ba9e5.jpg,night_sharp
xemay1521_jpg.rf.f21d749f26cae0d8433150fc5f655237.jpg,day_sharp
xemay209_jpg.rf.e4eff4437dcf90cbc6c00df5c37adef7.jpg,day_sharp
boderquandoi83_jpg.rf.c25ad3193b15684b3cdbbe00443967d2.jpg,day_sharp
CarLongPlate153_jpg.rf.86f5f867350cd5b84aa913da0e4e24c4.jpg,night_sharp
CarLongPlateGen1813_jpg.rf.431cccd6ea67311b593252676c1e2c36.jpg,day_sharp
xemay896_jpg.rf.e3d1a6b6a4e99b71b035c4566ee15793.jpg,day_sharp
xemay344_jpg.rf.2b77d2ca360af286b92397ebeb27ce38.jpg,day_sharp
CarLongPlateGen3808_jpg.rf.3cf94c92927303942f0254ac2e81a8c4.jpg,day_sharp
pic_462_jpg.rf.66c3b5cb539ca48bc89c8ac744792b7d.jpg,night_sharp
CarLongPlateGen2968_jpg.rf.21c0016e5d6cd9f37deaea8a56331e84.jpg,night_sharp
CarLongPlateGen468_jpg.rf.fe88487e07229dc15b3718e903987359.jpg,night_sharp
029b0d1ffdd49ab4_jpg.rf.ae899047d72ccbe6004847533b84e33b.jpg,night_sharp
images24_jpg.rf.80d3f4bbc156eb09139856f471280f66.jpg,day_sharp
25-PLACAS-DE-GUERRERO-VOLKSWAGEN-TIPO-GOLF_jpg.rf.a8023dc5a5220f926d2ff5eb6ac4d85a.jpg,day_sharp
xemayBigPlate220_jpg.rf.c0bf4019fa9e2c6dbcefd86747e1e97e.jpg,day_sharp
CarLongPlateGen3402_jpg.rf.e40050ad47ed8bb8a7a2a1332cc43071.jpg,night_sharp
brightnessquandoi47_jpg.rf.4302c92d1f219e43b2cbde1f7e88c509.jpg,night_sharp
xemay528_jpg.rf.288516f9a0a4f611fa63551a2dfb3861.jpg,day_sharp
CarLongPlateGen483_jpg.rf.e9e742aa90f6fccec272d86a03b8f14d.jpg,day_sharp
CarLongPlateGen1225_jpg.rf.aa6531bb05213fac873dd60cfe3a9daa.jpg,day_sharp
xemay781_jpg.rf.2b1a0480ce18e7e5dab91bf0d4bc8b95.jpg,day_sharp
CarLongPlateGen3666_jpg.rf.735122f1ab85938014d5b73a17b85baa.jpg,night_sharp
CarLongPlateGen865_jpg.rf.d2248cc47685d83c78ebefba555bcf32.jpg,night_sharp
xemay2169_jpg.rf.5b56f13fbac22925adf086018df134ba.jpg,day_sharp
CarLongPlate386_jpg.rf.6bb13c630321def1089997d710a54e6f.jpg,day_sharp
CarLongPlateGen2124_jpg.rf.dbd55f02bc3c90def88763707a4b8ff1.jpg,night_sharp
CarLongPlateGen427_jpg.rf.c359a9c916638560fe388df3d56797ec.jpg,day_sharp
xemay17_jpg.rf.77ac76a84ff38414b03b4ccc231f59cb.jpg,day_sharp
CarLongPlateGen949_jpg.rf.330f91afbc5a97e7b4892df7a36475f9.jpg,day_sharp
024b94a661485946_jpg.rf.20e493cb67cadb0ad2f5cc2c577678bc.jpg,day_sharp
1649292507295_jpg.rf.9ad8a86b20012937f759e5429c05a18c.jpg,day_sharp
xemayBigPlate113_jpg.rf.b47a5354795952e7a07033387a98e8c4.jpg,day_sharp
CarLongPlateGen405_jpg.rf.7a382aa021b35a580153b147fffff033.jpg,day_sharp
CarLongPlateGen753_jpg.rf.80a0d42ad8c5de87dc2749fd8ef841c1.jpg,day_sharp
Cars155_png_jpg.rf.ff0e0faa1d8145a039d7043f2ef1c88c.jpg,day_sharp
xemay2004_jpg.rf.28d264c2c0e549f8a9fb2e36cbdae9d7.jpg,day_sharp
CarLongPlateGen2958_jpg.rf.f834c5d9bd2cd932b07e15aa554790b1.jpg,day_sharp
xemay1393_jpg.rf.69df56c9c2b5a548ce688a8448ad82fb.jpg,day_sharp
xemay307_jpg.rf.2f3936e5efc1d72056777ba928ee0851.jpg,day_sharp
xemay687_jpg.rf.0a39007daf93b1342e10c0a029619ac2.jpg,day_sharp
pic_212_jpg.rf.331b9394de5b88c48c68c990a497c431.jpg,night_blurry
CarLongPlate207_jpg.rf.30e346181695ff3a4d034ffcc3b1dc22.jpg,day_sharp
CarLongPlateGen1145_jpg.rf.ece440fff9a04f9a122e24e31e0fc7b0.jpg,night_sharp
pic_118_jpg.rf.11fdd87951592a4a75bfd5f1105eb866.jpg,day_sharp
CarLongPlateGen3210_jpg.rf.338a031356e1d7d1071ef22ce6e9b44d.jpg,night_sharp
xemay1818_jpg.rf.4f7bae52fe86bb38d01f9a5410cc9562.jpg,day_sharp
boderquandoi95_jpg.rf.30149dc9e503b1a5b827f5d224c0fcaf.jpg,night_sharp
CarLongPlateGen36_jpg.rf.97366a9e03d10231a6948fc832a4eae7.jpg,night_sharp
CarLongPlate808_jpg.rf.688ba3b4eb156fe2610c2e96ad8e2c14.jpg,day_sharp
CarLongPlateGen97_jpg.rf.d50c8dbb38d327b97fe76896adcfeffd.jpg,day_sharp
xemay116_jpg.rf.443df6691f9725e6390b77bc6f16afae.jpg,day_sharp
WhatsApp-Image-2022-04-04-at-2-25-04-PM_jpeg_jpg.rf.85dc08ad71c498d6c64d64cf18b62197.jpg,night_blurry
xemay1899_jpg.rf.151ae53b937647dc4014d6b79b4e7d44.jpg,day_sharp
CarLongPlateGen777_jpg.rf.ccec6a6990ab0de331a4a081ee0c7a9c.jpg,day_sharp
CarLongPlate411_jpg.rf.0aecea375f5890cd0df8a06f92b388ed.jpg,night_sharp
xemay1624_jpg.rf.f960920758200b9679ae79e2903ba479.jpg,day_sharp
rotatengoaigiao15_jpg.rf.e252bb0b9f2d795cad850b2a95580018.jpg,night_sharp
CarLongPlate970_jpg.rf.fbe08c0b1352d8ca07c6c60cac8ebb0b.jpg,day_sharp
pic_712_png_jpg.rf.0e1dbe37fdfa1ee292ad837cbbbf9a4b.jpg,night_sharp
CarLongPlateGen763_jpg.rf.8cb380579068f188ca178724aedee929.jpg,night_sharp
CarLongPlateGen1520_jpg.rf.f42f52961027fbd6f3db773f690f62fb.jpg,night_sharp
CarLongPlateGen2220_jpg.rf.845c42d8cad028dcba74e70b2bfd7603.jpg,night_sharp
brightnessngoaigiao1_jpg.rf.783bb1d946e2c91768075df5fa0409cc.jpg,day_sharp
CarLongPlateGen2679_jpg.rf.8eda26b263ae4eabd061eeeebb109892.jpg,day_sharp
xemay2256_jpg.rf.9d9a89d71b589e3105bf51c0c177b3d4.jpg,day_sharp
0293f5c3f0650423_jpg.rf.8995ed4dcc92ad54f457754b360f3782.jpg,night_sharp
Cars179_png_jpg.rf.10be3e6d82bcd6fc82543bbf7df87a20.jpg,day_sharp
CarLongPlate786_jpg.rf.4cd470408466b05b9904a3bbb37ca572.jpg,night_sharp
CarLongPlate237_jpg.rf.7ebe3b07025f695f7f8513ffeb46d5e5.jpg,day_sharp
xemay314_jpg.rf.3f8da8debd00187a2c94e7c26e218cea.jpg,day_sharp
pic_695_jpeg_jpg.rf.256fa4ef7379a0d55ca0c0ae293bada3.jpg,day_sharp
CarLongPlateGen578_jpg.rf.96f892311c40243e5e92606f2201fc3a.jpg,day_sharp
CarLongPlateGen1423_jpg.rf.02f6822d639a88d2f3e88e05bd59f32e.jpg,day_sharp
CarLongPlateGen3333_jpg.rf.61c1eac79122bb3f38e71f66273aef31.jpg,day_sharp
pic_488_jpg.rf.44f9bca80c76ad0c2095b41a08807b13.jpg,day_sharp
xemay2376_jpg.rf.0b30481a7478f302359a9e0f66913b1d.jpg,day_sharp
xemay1316_jpg.rf.978907db920b801f699fd22c187a338b.jpg,day_sharp
xemay1690_jpg.rf.6745d5c78518a3eec832bddb246df276.jpg,day_sharp
CarLongPlateGen2160_jpg.rf.da69bd191f1a5ba3225c187f2b15f6cd.jpg,night_sharp
xemay562_jpg.rf.6b9d00a9c79e35e1f472c626e606f9e4.jpg,day_sharp
Cree-20man-20fights-20to-20keep-20NDN-20CAR-20licence-20plat_jpg.rf.9891192a8e5c1afd97882f678d3797bf.jpg,day_sharp
xemay1335_jpg.rf.1d4993a868261e0ad007da458f320316.jpg,day_sharp
79-1024px-1937_Minnesota-2C_USA-2C_license_plate_jpg.rf.4e0dce86945e40994db29b401772bc81.jpg,day_sharp
boderquandoi107_jpg.rf.7a40983c1bdc7cf07b8fb33105a44502.jpg,day_sharp
xemay1939_jpg.rf.00af6873837348295c3f5361110e6cf8.jpg,day_sharp
CarLongPlateGen2530_jpg.rf.410a17aab73e6f6f96fda9b70ac13aee.jpg,night_sharp
CarLongPlateGen3892_jpg.rf.c997e18dccc7e1165fbfb9048fdea7dd.jpg,night_sharp
CarLongPlateGen1332_jpg.rf.624af576eba744fcd41b75d35982d551.jpg,day_sharp
xemay615_jpg.rf.7190387705b5c6201f3a06756cc2a6ee.jpg,day_sharp
CarLongPlateGen797_jpg.rf.aafe5eb32a0538a94279d0773270e3de.jpg,day_sharp
xemay96_jpg.rf.6eff8a9f85479beb2eff81ee50a6dc07.jpg,day_sharp
CarLongPlateGen3215_jpg.rf.d18a971ecc09be3662f26b42f16b6e4a.jpg,night_sharp
CarLongPlateGen2106_jpg.rf.75d10a55ea70d2534fa17c794d96009b.jpg,night_sharp
xemay497_jpg.rf.c126b2dd5751da2721b20f0f0d6ec807.jpg,day_sharp
CarLongPlateGen2564_jpg.rf.20fa6d80a5e41dd0d8da3edc61f0a880.jpg,day_sharp
brightnessquandoi69_jpg.rf.c13d602f50917df9b673f050ea021808.jpg,day_sharp
xemay1938_jpg.rf.9b5819ed987576d05fcba08484e91dc4.jpg,day_sharp
Saudi-e1437914788448-640x400_jpg.rf.b75ff967f7ce4d4b9d3274f41ee634e7.jpg,day_sharp
CarLongPlate827_jpg.rf.90649aee5334a648935b648fa429ffe2.jpg,night_sharp
CarLongPlateGen1763_jpg.rf.987c340890968efda72f5a662b7e7a91.jpg,day_sharp
CarLongPlateGen994_jpg.rf.c11ad79b58dbdf56c8cd102ec4648f17.jpg,night_sharp
CarLongPlateGen1016_jpg.rf.c960682dd9362a0073842e8899c8ed8f.jpg,night_sharp
xemay901_jpg.rf.055f84f2617f5ba958b585bda7a4d2a3.jpg,day_sharp
14-cdmx2016aa_jpg.rf.ce0fc43695d23571a83525a4cbafc25c.jpg,day_sharp
xemay49_jpg.rf.bfbb140c71f597dcc0a89ed979f0fab6.jpg,day_sharp
image21_jpeg_jpg.rf.656efe5409ddcf08d68f2ecdeb69768d.jpg,day_sharp
xemay1526_jpg.rf.3cf22e48f2944842c8a87fc1cf85a4de.jpg,day_sharp
xemay1469_jpg.rf.0f158b379c7b5606e914922444a79aae.jpg,day_sharp
CarLongPlateGen2658_jpg.rf.6588d83bb39f5e8220ad28da75338fea.jpg,night_sharp
xemay317_jpg.rf.61167b9ae739964c6b3a668c9caefb28.jpg,day_sharp
CarLongPlateGen2753_jpg.rf.bc8e302cfc8e1225c1fd6136fd8fc17b.jpg,day_sharp
CarLongPlateGen1715_jpg.rf.da38c843e72d45dfb2d62115bf62cc6a.jpg,night_sharp
CarLongPlateGen590_jpg.rf.3860aaab76dc46bfa72fc36931accfa2.jpg,day_sharp
Cars165_png_jpg.rf.4e4d07e95620bcab65eca1435d2f1d80.jpg,day_sharp
CarLongPlateGen3635_jpg.rf.3033ac24e7a2990524dfd9b34b4b0420.jpg,day_sharp
CarLongPlate246_jpg.rf.86d205fc955e731ceb2dd07ffd3e3057.jpg,night_sharp
IMG_7091-conv_jpeg_jpg.rf.c841e1090a4cef7cd2a07558f2d8be54.jpg,day_sharp
CarLongPlateGen951_jpg.rf.f3e541c6fce1d4b57f21c61a3e86983d.jpg,day_sharp
xemay1706_jpg.rf.41b40d8d5562ee9e3798f0fb90b01e5e.jpg,day_sharp
xemay1303_jpg.rf.eb14df85391056e7b6b09467c79158fd.jpg,day_sharp
xemay280_jpg.rf.29a3a2ab6332baa5f29f953cb17c915a.jpg,day_sharp
CarLongPlateGen2803_jpg.rf.5bbdaa670b605696468a18a53acfe457.jpg,day_sharp
CarLongPlateGen3491_jpg.rf.9fce600f4ec32f82162044120cddd1a7.jpg,day_sharp
03671bbbc7aee75d_jpg.rf.c2935d7fb80215e081224409ea26ebcc.jpg,day_sharp
CarLongPlate475_jpg.rf.9d40bceafcc4734b491f20898000d8ad.jpg,night_sharp
CarLongPlateGen773_jpg.rf.5385fae134f33c256eee6e830038439c.jpg,night_sharp
CarLongPlateGen2083_jpg.rf.da459c6c6821bef2317d7f879a7a7cc3.jpg,day_sharp
xemay915_jpg.rf.3c9aadc8ee64f99a1f60148d82c2e375.jpg,day_sharp
CarLongPlate758_jpg.rf.7080ab907abd31fcfab2ba8af6f51dfc.jpg,day_sharp
CarLongPlateGen3558_jpg.rf.6d44ca686fd0854023bc082b0d1eba20.jpg,day_sharp
pic_502_jpg.rf.645e31cb0dc94f520a8627df06130302.jpg,day_sharp
CarLongPlateGen1021_jpg.rf.3fc0d76dcb9e078cea6f9d63cede450a.jpg,night_sharp
CarLongPlateGen2284_jpg.rf.35dca21f54dba6b9cb6052496672adc1.jpg,day_sharp
CarLongPlateGen764_jpg.rf.710dc3131ca46b54b224a56a53364027.jpg,night_sharp
Cars228_png_jpg.rf.2f00bc86bd5690c5c1efb28da1673a92.jpg,day_sharp
xemay1661_jpg.rf.ad62410cc5275e94756e76912d23b309.jpg,day_sharp
CarLongPlateGen1730_jpg.rf.3479c39fade08a78cfb4035591c95263.jpg,night_sharp
CarLongPlateGen3614_jpg.rf.6630a887e35c87e1543f2d540e08901c.jpg,day_sharp
CarLongPlateGen1653_jpg.rf.fd7547aae8d3e9d7d117ffa4a6abfc16.jpg,day_sharp
pic_740_png_jpg.rf.a070686796efea0f2cfbccacbc009257.jpg,day_sharp
xemay255_jpg.rf.95a33c295c5315d584f6bce898beb442.jpg,day_sharp
pic_518_jpg.rf.a99700b7d09e8d43a6abaca850763d5a.jpg,day_sharp
CarLongPlateGen2848_jpg.rf.45a95a6dab03b322cf6b2b329b289975.jpg,day_sharp
pic_493_jpg.rf.8376a1a8292cbd7a8c434eed90d3ba8e.jpg,night_sharp
xemay2350_jpg.rf.4d361705406644d6fe20e0f4d9d2419e.jpg,day_sharp
xemay1105_jpg.rf.95006dea6a19fd615078eda36046e6cc.jpg,day_sharp
xemay1134_jpg.rf.1122c29af8ee6ca055834489b8b88ba0.jpg,day_sharp
CarLongPlate510_jpg.rf.5d912907024b6b9d5fc0b98a23162b2c.jpg,night_sharp
xemay841_jpg.rf.baf82aea3501c7e9bee1fc81f1c37ae2.jpg,day_sharp
pic_455_jpg.rf.0c4c62d1922bf2d2d5b7c31f9d33780f.jpg,day_sharp
xemay1600_jpg.rf.b942c1acab84f4c46b022d9c3ad825cb.jpg,day_sharp
CarLongPlate457_jpg.rf.9dbffb2bd5318cb11b47395efa9d8a98.jpg,day_sharp
CarLongPlateGen3830_jpg.rf.5a6357dfca44e6a4f3c825df2a08fd2d.jpg,night_sharp
CarLongPlateGen2195_jpg.rf.4f8f0d6805ffd2e3cd58239207fed523.jpg,day_sharp
xemay1038_jpg.rf.ec948e5e1ea28905bbaf2f905cf069ab.jpg,day_sharp
xemay308_jpg.rf.d5b2f449d4c00d57907934925c15b937.jpg,day_sharp
boderquandoi93_jpg.rf.b91a4898c32745adcd8b8fa0fa063b6d.jpg,day_sharp
rotatequandoi44_jpg.rf.f414bceb9cc6d01dfd50d35b2e85c9e2.jpg,day_sharp
CarLongPlateGen1683_jpg.rf.a418ba7f43818969570fbbbee1644b65.jpg,day_sharp
CarLongPlate404_jpg.rf.98c50eb9791019da7fc293f95426f9bf.jpg,night_sharp
CarLongPlateGen2947_jpg.rf.defb332b6b1ce2918feb61baaa8089be.jpg,day_sharp
CarLongPlateGen888_jpg.rf.e2008ead7b7dc756c3d9d330149c02d0.jpg,day_sharp
xemayBigPlate177_jpg.rf.65c0bf84ff147d94bb4305d582ad2b81.jpg,day_sharp
CarLongPlateGen1579_jpg.rf.6d953bc65fba9286f8513d83a124fb4d.jpg,day_sharp
xemay253_jpg.rf.6c09f29158587f154f2a4e3a209d92a3.jpg,day_sharp
xemay2240_jpg.rf.63b03a75c2e597e2d4930fc94e2668a5.jpg,day_sharp
boderquandoi4_jpg.rf.8b7be78bfac14129aaa69501542b38e4.jpg,day_sharp
CarLongPlateGen3016_jpg.rf.ee736bedd2aecf2fc153dd1f533d2be0.jpg,night_sharp
xemay1562_jpg.rf.56d52ea93c5171c5417b0d45daad184f.jpg,day_sharp
xemayBigPlate80_jpg.rf.18329f87fdee5887fbeeecd4bc801034.jpg,day_sharp
xemay1248_jpg.rf.46768110840e12595a898ba0107dfe89.jpg,day_sharp
CarLongPlateGen1486_jpg.rf.80c198fd99e358977ddb565faf70db11.jpg,night_sharp
rotatequandoi54_jpg.rf.d11384f2d2873f5f3e090d63fb52fb9e.jpg,day_sharp
Can-20You-20Recognize-20These-20Famous-20Movie-20And-20TV_jpg.rf.925e60834aadff874ed95002cb1a9d7d.jpg,day_sharp
CarLongPlateGen3654_jpg.rf.e6ac854479621702c50cb68ef5df835e.jpg,night_sharp
xemay864_jpg.rf.31d43ce1811bdb074068a812efc1adb3.jpg,day_sharp
W326AVE_jpg.rf.e3d47b53db7a5c65bab031909425f4c8.jpg,day_sharp
xemay2174_jpg.rf.013deeaf908e999468c1e013310be903.jpg,day_sharp
CarLongPlateGen1432_jpg.rf.90391554147a83238648b932adc230fc.jpg,day_sharp
CarLongPlateGen3270_jpg.rf.f2335c1b7921f493a1cbe928bb6d6f4e.jpg,night_sharp
xemay1765_jpg.rf.ec4d4bded8fa7373d6c152476b662c48.jpg,day_sharp
CarLongPlateGen211_jpg.rf.bbc2f686a2863fe90c7cf26a87280753.jpg,day_sharp
xemay507_jpg.rf.5d053c564cb1f67ef9270fde14eb406a.jpg,day_sharp
CarLongPlateGen2299_jpg.rf.623c68e55673785a8325791bdf710bd8.jpg,night_sharp
CarLongPlateGen1772_jpg.rf.4f6aa5e3f9080b6a6b0a85340ae8b32b.jpg,day_sharp
CarLongPlateGen1357_jpg.rf.89fcc14aecb032beda07a6100153135e.jpg,day_sharp
CarLongPlateGen653_jpg.rf.ab3dcbff811e571a798aa0065b882d66.jpg,day_sharp
pic_651_jpg.rf.63a6bec89326398ea5a1e9f8bb8bf29e.jpg,day_blurry
CarLongPlate597_jpg.rf.6ddc7387051bfbef7cbacaf43df59823.jpg,night_sharp
CarLongPlateGen180_jpg.rf.e89e325e6214902bd2c43fb873e317f7.jpg,day_sharp
CarLongPlateGen2737_jpg.rf.0f60b0f5adde97f8faf84c87f693515d.jpg,day_sharp
xemay2463_jpg.rf.6059b4031a7bdcde3bd95c3bdf544b1e.jpg,day_sharp
CarLongPlateGen192_jpg.rf.01163add7a0f08812890fbdfa7b295a1.jpg,day_sharp
Cars295_png_jpg.rf.d57293e5ea5e945738cdb54783b39c1b.jpg,day_sharp
CarLongPlateGen295_jpg.rf.a3eb10470f1ea841ebb9bc4ca856f887.jpg,day_sharp
CarLongPlateGen1247_jpg.rf.38e1cd100545f7407e1d370992519b89.jpg,day_sharp
license_jpeg_jpg.rf.827cfaf8bbf43c927c69b5d32217fcf5.jpg,day_sharp
CarLongPlateGen1419_jpg.rf.5cbae67c223ea61523256ba1d4890b0a.jpg,night_sharp
pic_307_jpg.rf.12938af782d288628f94d613d0d8cab7.jpg,day_blurry
CarLongPlate939_jpg.rf.853c41ee31f0b8a04ae9dbb3a334eed5.jpg,day_sharp
Car-20License-20Plate-20designs_-20themes_-20templates-20and-20do_jpg.rf.849512ba96659678991199704a0f6021.jpg,day_sharp
CarLongPlateGen2300_jpg.rf.554f222d5fae495394593bf215541a8e.jpg,night_sharp
CarLongPlateGen650_jpg.rf.8f74c45242b76746a86f687140d1e5cd.jpg,day_sharp
xemay79_jpg.rf.c1f9f6a7d1b20c8bcd572b235d2d4a7d.jpg,day_sharp
quandoi68_jpg.rf.9b99755feac78e331b854c386443ed01.jpg,day_sharp
xemayBigPlate24_jpg.rf.e0a38aa0bc4ede118936960c67d5b4e7.jpg,day_sharp
CarLongPlateGen2608_jpg.rf.ceb48d234293169412bd14ec54fcb04a.jpg,day_sharp
How-20to-20Transfer-20Your-20License-20Plate-20Number-20From_yyth_jpg.rf.3547d559f1c926519aa8a9b125a10e95.jpg,day_sharp
xemay1434_jpg.rf.0697c2f09d1a3ce3b09c967122bbcf29.jpg,day_sharp
pic_260_jpg.rf.3f62ef9c61f7af7a1989d5ee523bd675.jpg,day_sharp
Cars183_png_jpg.rf.93e543813b272783099016e7a6e07fcb.jpg,day_sharp
CarLongPlateGen3430_jpg.rf.f45dceb43295e747a37fd6086810c042.jpg,night_sharp
CarLongPlate478_jpg.rf.903226f5849c8bacb697784c1604774e.jpg,day_sharp
xemay111_jpg.rf.191480c4ed857956820af06376d6bf3c.jpg,day_sharp
CarLongPlateGen3783_jpg.rf.206e2bb0c7eba390b6659e93cb108df8.jpg,night_sharp
xemay1455_jpg.rf.aed484155abfaa291926897adf1787dd.jpg,day_sharp
xemay1855_jpg.rf.0d6a9087158ac7ef3b93f2f1b3e94f6c.jpg,day_sharp
xemay589_jpg.rf.2c2ea0ae8382126d6feb6178576a6702.jpg,day_sharp
CarLongPlateGen3375_jpg.rf.45056e8902561ff0ad436cba1740d07b.jpg,night_sharp
00ca4b949dd426f8_jpg.rf.63206c5d9dcb16bd7ff227db40aebb36.jpg,day_sharp
CarLongPlateGen279_jpg.rf.6781bf785dd90f551a4ee76227b65b20.jpg,day_sharp
CarLongPlateGen3340_jpg.rf.d80907faff6f2825c1043712600748f3.jpg,day_sharp
CarLongPlateGen298_jpg.rf.934dcb14fe02051add3313d82672c099.jpg,night_sharp
xemay760_jpg.rf.3d20bf00bd16c2327333324ec5c2078a.jpg,day_sharp
xemay593_jpg.rf.7626ec1668c4a84c7db5f4f50c36a2fd.jpg,day_sharp
pic_762_jpg.rf.2ba7904bde422db3d4cc4e23adf2a03d.jpg,day_sharp
017b29ad9085a9a8_jpg.rf.a0ef1895d54becfcd2c3470659cf7704.jpg,day_sharp
rotatequandoi11_jpg.rf.39ad928f59059d1c75a08e786588e960.jpg,night_sharp
CarLongPlateGen2618_jpg.rf.22069d95636ec6744cc72b6b1c154df2.jpg,night_sharp
quandoi61_jpg.rf.a1242df9a7c0307ff64e07c4bc8ced66.jpg,day_sharp
pic_135_jpg.rf.7adcec3fa6b17c87566a7e81909f6742.jpg,day_sharp
CarLongPlateGen1208_jpg.rf.43bd61489ad874ffdc656d42be4821a6.jpg,night_sharp
xemay671_jpg.rf.27a9d14593fe24d739ec75ea4e265384.jpg,day_sharp
images36_jpg.rf.1d99840124cf2410c9c3d47a18282a3f.jpg,day_sharp
CarLongPlateGen224_jpg.rf.a12c59e40479bb9fc66c45cd9ae49d29.jpg,day_sharp
xemay1900_jpg.rf.9b686e84ab67665571902d52270e2c41.jpg,day_sharp
ngoaigiao7_jpg.rf.ef91f1b1ffb8cc5ccceb8ad02074befa.jpg,day_sharp
CarLongPlate637_jpg.rf.799afe8b1694b90b53c3d36ea0d0f8f4.jpg,day_sharp
Cars14_png_jpg.rf.051173fd2c4f8df46741ca5cfb942069.jpg,day_sharp
00e10a097af9f0d8_jpg.rf.fb39ee0adccceedf74a7f851e73c2ded.jpg,day_sharp
CarLongPlateGen2176_jpg.rf.189dfbcb9aa185866445c537b71c3b67.jpg,day_sharp
xemay847_jpg.rf.8d03642da8defce3611ba75fc3253e39.jpg,day_sharp
CarLongPlateGen2096_jpg.rf.03d6d2065088b57e4ae6273511f2ca8c.jpg,night_sharp
CarLongPlateGen2778_jpg.rf.9fb91fe1aae59b2cea6f9458d62f04da.jpg,day_sharp
CarLongPlateGen662_jpg.rf.040691a4273ef6de2294e84c76cd43b3.jpg,day_sharp
xemay1951_jpg.rf.5740ce234ea3fd9b1432e23f3f82052f.jpg,day_sharp
xemay1647_jpg.rf.a76d58cbff447d174f7aac34fc628512.jpg,day_sharp
xemay519_jpg.rf.4a333f87ac23f5890cd43513cc00ac1f.jpg,day_sharp
xemay1598_jpg.rf.62dcb13d214d48f81e92c7b591e9e1d8.jpg,day_sharp
HTTPME_jpg.rf.93b7928c64070c0044f4251a01efc427.jpg,day_sharp
CarLongPlateGen2367_jpg.rf.48adf37d9477bd5f4a12f3c1535ab925.jpg,night_sharp
xemay1409_jpg.rf.ce43c7d3db43c5fdcd65b6c34cb80287.jpg,day_sharp
cropquandoi0_jpg.rf.bb0d272712491b762ebf1d07935e413d.jpg,day_sharp
xemay1168_jpg.rf.a7df56c2b56fb4239514319c45e640a4.jpg,day_sharp
CarLongPlate328_jpg.rf.d5398f74df586c0a92ccc2ed2f08a44a.jpg,night_sharp
xemay471_jpg.rf.4da991037a5a78d9ba4828d43679c9c1.jpg,day_sharp
quandoi55_jpg.rf.8523c0582471c345a8e1f0e8ddec7506.jpg,day_sharp
CarLongPlate899_jpg.rf.737c1d54410ca3512a856ce803b36851.jpg,night_sharp
00d9a751d73ee232_jpg.rf.646e9a932ed5c4a485563d092c5804f4.jpg,day_blurry
quandoi86_jpg.rf.d4675988fe96e93fcc0974d81d104815.jpg,day_sharp
GR86-20front-20license-20plate-20debacle_-20once-20installed_-20d_jpg.rf.9e7620e92438a69fb0bd1bb8ea30ab4e.jpg,day_sharp
xemayBigPlate148_jpg.rf.e59386a56df28bc020ea8dbb2ecf17d3.jpg,day_sharp
004846b7de6995f2_jpg.rf.872c86189b50714c585ed9ef96e9dad4.jpg,day_sharp
xemay2418_jpg.rf.c7e41370925b6e20a50c6076655ffb04.jpg,day_sharp
CarLongPlateGen1838_jpg.rf.4bc0f8b5da17167eb087cb52c6a0c418.jpg,day_sharp
CarLongPlateGen701_jpg.rf.d984e843ed7473f20efb30ed50885cf0.jpg,day_sharp
CarLongPlateGen72_jpg.rf.9041962885b474266e2683079be3580c.jpg,night_sharp
pic_029_jpg.rf.e07e6bb80754f738a5baf563c021494f.jpg,night_sharp
CarLongPlateGen2059_jpg.rf.1740022a984fc2cecc6b6ad816d3661d.jpg,day_sharp
CarLongPlateGen3545_jpg.rf.1b564d5572ef346cfa013a6ef73c4bf8.jpg,night_sharp
xemay2070_jpg.rf.d0eff2a9efc9fe4f96bf1337df59c261.jpg,day_sharp
xemay44_jpg.rf.0354eb38da4b021ac11e40832bb5d5c6.jpg,day_sharp
xemay743_jpg.rf.c30349953faf4d72fa5949d38c560c86.jpg,day_sharp
xemay1338_jpg.rf.1db3d0b0dfffde4fe7b206f239cce0f0.jpg,day_sharp
CarLongPlate809_jpg.rf.b43783635c2a08d749d16cf2b7db6720.jpg,night_sharp
CarLongPlateGen2697_jpg.rf.8b23c1e381806cac78cb61b600d4f8cc.jpg,night_sharp
rotatequandoi38_jpg.rf.f42574d3aed9286fac903436b728f1df.jpg,night_sharp
xemay1588_jpg.rf.102967a42f0a42ce038e95c5011680f0.jpg,day_sharp
CarLongPlateGen182_jpg.rf.1d853cfbf9345f457b85a9f99c2caf36.jpg,day_sharp
xemay2461_jpg.rf.9e623ed0601851bf83ef879adf72e70a.jpg,day_sharp
Cars38_png_jpg.rf.4c9412603734023f1011af1123fb9347.jpg,day_sharp
xemay2425_jpg.rf.a0cbd871a3c8399daa587246cdd95345.jpg,day_sharp
xemayBigPlate125_jpg.rf.5258044be9a4058b2c09e3c0aa049ce3.jpg,day_sharp
CarLongPlateGen2138_jpg.rf.14844de2b8b3f5922717d7640e735a6d.jpg,night_sharp
pic_169_jpg.rf.0c8bf7af7576366af4a1757e437b55e5.jpg,night_sharp
CarLongPlateGen3800_jpg.rf.533572fa43d164a44d164818d23ddd46.jpg,night_sharp
CarLongPlate884_jpg.rf.bfe6d43c29a613385a209ff5261c23d4.jpg,day_sharp
xemay1252_jpg.rf.ac7c046713fafc4dc3e0ed51ceb535ca.jpg,day_sharp
CarLongPlateGen524_jpg.rf.35d0a1aecb4678b8cfeaf5a176478648.jpg,day_sharp
CarLongPlateGen2428_jpg.rf.c677c73dc463f7317b765301dce48d1f.jpg,day_sharp
CarLongPlateGen101_jpg.rf.1de1cb4e41714c3b42ead20a370cc80f.jpg,day_sharp
CarLongPlateGen3806_jpg.rf.a323e44245b3c1ae80bae199f8aa62fc.jpg,night_sharp
xemay806_jpg.rf.11ef110803dabf120781c752fc409972.jpg,day_sharp
rotatequandoi40_jpg.rf.a7c68bb30c9c122978e7368f3607961c.jpg,night_sharp
CarLongPlateGen1776_jpg.rf.a296c36f2bfcfb966fa22c993051afb8.jpg,night_sharp
CarLongPlateGen2619_jpg.rf.e712941543ceb3a5672e749f6eaf392c.jpg,night_sharp
CarLongPlateGen320_jpg.rf.ee0dca3af1776bc0ad4bca165af87e52.jpg,day_sharp
CarLongPlateGen222_jpg.rf.85b92f6cc56c3d2a782665b6078b95d9.jpg,day_sharp
xemay252_jpg.rf.96c7355b5486d0a25141707fdb2d0ff1.jpg,day_sharp
xemay1924_jpg.rf.f11894b12186d57710e61d94ecb19bf9.jpg,day_sharp
xemay1117_jpg.rf.a2b79564c6968e68f61d9ce43eafb265.jpg,day_sharp
xemay1425_jpg.rf.acb48398eae0cc0d7f0cbdab70d9f647.jpg,day_sharp
CarLongPlateGen388_jpg.rf.bb3484825f7b22ce4b3e1405099ca810.jpg,night_sharp
CarLongPlateGen1276_jpg.rf.edb59e10e439260daeb23240cd239b7b.jpg,day_sharp
CarLongPlateGen1481_jpg.rf.a604f94d75f7e7077c44f8311d37d486.jpg,night_sharp
CarLongPlateGen2259_jpg.rf.b6da64fb3fe7b23968f81158253ff2f4.jpg,day_sharp
pic_074_jpg.rf.1c69627b20c4dc2a2b184729e433d54f.jpg,day_sharp
Cars304_png_jpg.rf.ecc01027f218f2f6e4bf48fb831376ff.jpg,night_sharp
pic_228_jpg.rf.db9553a941c2dfffffb6f909f5e06672.jpg,day_sharp
CarLongPlateGen852_jpg.rf.965e1480566a4d8349c8f5379c301129.jpg,day_sharp
xemay599_jpg.rf.a3b28153fb2b4ab5d39188f8eabe238a.jpg,day_sharp
xemayBigPlate90_jpg.rf.f84a856e6fcbf3bb21d3e7732516b753.jpg,day_sharp
xemay1910_jpg.rf.6ede4a3d5eaa5420f1dad46de99124b1.jpg,day_sharp
CarLongPlateGen2840_jpg.rf.c941066e1d72d7a782c7f820950659b0.jpg,night_sharp
CarLongPlateGen1840_jpg.rf.6dcf12bf90e88dfb96c39caa4b6d1041.jpg,day_sharp
CarLongPlateGen3282_jpg.rf.1ccc836682118c6efd9e7f144ecf2a4d.jpg,night_sharp
xemay2017_jpg.rf.b742652f4e5830e1f2f9e4fc8f1583c0.jpg,day_sharp
IMG_7072-conv_jpeg_jpg.rf.d723e0eba3be0a74b694580f9b24d9e6.jpg,day_sharp
pic_095_jpg.rf.372b4f313b16d00536761c5c3fb899ab.jpg,day_sharp
xemay1026_jpg.rf.ef4c02528e96c40d4fef2d34a71b0848.jpg,day_sharp
CarLongPlate610_jpg.rf.56db65da359732fe36043d3ea7f95330.jpg,day_sharp
xemay450_jpg.rf.2a55ef1edaf6ae0ae393c352be86563e.jpg,day_sharp
CarLongPlate121_jpg.rf.ed258ed96178b4aaabe548529fa55d24.jpg,night_sharp
CarLongPlateGen3477_jpg.rf.45e5195a76bbc673d85cccb82854bee6.jpg,day_sharp
xemay1636_jpg.rf.bbb20ef571db96dc9c935e41cff5368d.jpg,day_sharp
CarLongPlateGen2775_jpg.rf.5248d9a1464b1bcbb5bfe10b8b35f517.jpg,night_sharp
00f8eb771370fabc_jpg.rf.1d8e6a81895d2f294dcac4945873e371.jpg,night_sharp
cropquandoi17_jpg.rf.5bf906de3f98272f3a805ad1d111fd96.jpg,day_sharp
CarLongPlate671_jpg.rf.68722870b4b01a344c8eaef657290c24.jpg,night_sharp
CarLongPlateGen741_jpg.rf.573f888d0213407803f891605243611f.jpg,day_sharp
CarLongPlate2_jpg.rf.e98b80e2ad46ec20a7d129c9bd9ffd43.jpg,night_sharp
CarLongPlateGen2871_jpg.rf.c1291790a0d150aee68918b9d255be85.jpg,day_sharp
xemay1188_jpg.rf.ba98e09f458c439c629bf767181bbb88.jpg,day_sharp
pic_013_jpg.rf.3189962b4871a2251d19dbfe70b22dea.jpg,night_sharp
IMG_7041-conv_jpeg_jpg.rf.a5992430b4edb3d8c3c7a6ff2ec420be.jpg,day_sharp
CarLongPlateGen1213_jpg.rf.f3b9e485976eb98d56452c0b1c364fd7.jpg,night_sharp
CarLongPlateGen3552_jpg.rf.50501feef6095abf9566f3be8706e5ea.jpg,night_sharp
35-D_NQ_NP_871252-MLM29680296061_032019-W_jpg.rf.9296f87949c06a0d2211ac507b2e7792.jpg,night_sharp
00b4d07f7be89f98_jpg.rf.261e5fb7b4be3bd9a0cfe6f2f1d2a45d.jpg,day_sharp
CarLongPlateGen3461_jpg.rf.bb500c86ec360aa83a37e30f794b50b7.jpg,night_sharp
CarLongPlateGen2438_jpg.rf.8bc25653b56e6d381f73d1096a4a05d5.jpg,day_sharp
CarLongPlate334_jpg.rf.5a22222f61f0738debb4001b9f96f410.jpg,day_sharp
rotatequandoi5_jpg.rf.238b5e420a4119cc333cafe0b5c30481.jpg,night_sharp
IMG_7020-conv_jpeg_jpg.rf.8270ffd7427a929580c3074a6b885c98.jpg,day_sharp
xemay195_jpg.rf.cab78b2aece010707392ed80d6d2d535.jpg,day_sharp
xemay1069_jpg.rf.2aaa4d73825a5869e41601ef808262dd.jpg,day_sharp
xemay2346_jpg.rf.e21b372d70008910624581c32e5e03e3.jpg,day_sharp
Cars271_png_jpg.rf.f4a034c08fde39f0916a683a5ea08d0e.jpg,day_sharp
CarLongPlateGen3839_jpg.rf.dcf832f196cc26078af17179df53a5c9.jpg,day_sharp
CarLongPlate6_jpg.rf.fbdc868324684129465c128ef8c94cce.jpg,night_sharp
xemay2285_jpg.rf.e476ee67451355f1f8a189ac746474dd.jpg,day_sharp
cropquandoi25_jpg.rf.17e84dffce621eea5922e079e22d8d8f.jpg,night_sharp
ngoaigiao15_jpg.rf.3ffa590d0705715c52f8e3663fbb8ed7.jpg,night_sharp
pic_429_jpg.rf.e0546bbba46a4d31f8ba38749703ddbb.jpg,day_blurry
xemay899_jpg.rf.876c83650e6f7fea4279456358814097.jpg,day_sharp
CarLongPlate761_jpg.rf.aee1344ba91aad048ed6646022c2e491.jpg,day_sharp
Cars62_png_jpg.rf.bf8327acd985bc4173ece3f36df3d47f.jpg,day_sharp
CarLongPlateGen3495_jpg.rf.94f5a2909635a4f2baadd48d0943d376.jpg,day_sharp
CarLongPlate89_jpg.rf.903edd5753eea790215a38430decd519.jpg,night_sharp
CarLongPlateGen386_jpg.rf.d1ab8745407987fb388f5da30173225f.jpg,night_sharp
xemay530_jpg.rf.2e6ef9c51c16e95380159063cf0c9183.jpg,day_sharp
CarLongPlateGen2466_jpg.rf.57c04eb0b2b774cdfd4c85064b0fb62a.jpg,day_sharp
CarLongPlateGen24_jpg.rf.12596205857b296128203ad5c89b984c.jpg,night_sharp
xemay1414_jpg.rf.5fc56f0fdc63a84b9c5138294be68974.jpg,day_sharp
xemay301_jpg.rf.71515ebfe3390e19515be4ac189d188a.jpg,day_sharp
CarLongPlateGen3284_jpg.rf.3f639b84cf57a4508afab77325dc8cda.jpg,day_sharp
pic_421_jpg.rf.8e76487c28574a7d5d272d562bf7fe2a.jpg,day_sharp
Cars120_png_jpg.rf.975be7a80aaa9b44ec890851d975ccf9.jpg,day_sharp
ngoaigiao10_jpg.rf.3f80a365624e4f5f1488a4d35c39086c.jpg,day_sharp
CarLongPlateGen2788_jpg.rf.101ac97f9890a8dec60f1628935bf41f.jpg,day_sharp
CarLongPlate745_jpg.rf.95bda465a1e4076daf2bc670d8bd248b.jpg,night_sharp
Cars138_png_jpg.rf.f646b93674cc8f4f8c697a3be49de1f7.jpg,night_sharp
xemay332_jpg.rf.521afb66274777a5bf8bffd500deefa7.jpg,day_sharp
Cars413_png_jpg.rf.5ab34e5070ccbe9e18e132d6520349a6.jpg,day_sharp
Digital-LP_jpg.rf.ff9905091eba4e998d508cb487659202.jpg,night_sharp
CarLongPlateGen2355_jpg.rf.668139e3410f96544d135683152c26b3.jpg,day_sharp
CarLongPlateGen3672_jpg.rf.e7e041c50c85ae3a4bef69325225ce27.jpg,night_sharp
xemay846_jpg.rf.f7d6cb41816a69d8e797a9a67f658ce2.jpg,day_sharp
CarLongPlate439_jpg.rf.36f42eb301e92a4a1851adb2fe8b6c0f.jpg,day_sharp
xemay210_jpg.rf.ca83df6b8a023d8680ed44936f4f0dc4.jpg,day_sharp
boderquandoi49_jpg.rf.f27955c7f1e334aa3851621e49dba970.jpg,day_sharp
xemay445_jpg.rf.318d3656313802d5795613fd90ebcd7d.jpg,day_sharp
CarLongPlateGen1362_jpg.rf.56c86c8c2bdd72d6a4236243c1758408.jpg,night_sharp
CarLongPlateGen308_jpg.rf.7254c2064fc1cdb78f4122ff6a2d6d4e.jpg,day_sharp
CarLongPlateGen1727_jpg.rf.c452ea43116eec8ed64fddaf3c2b9ced.jpg,day_sharp
cropquandoi98_jpg.rf.69263462222ec912fec10728300efeca.jpg,day_sharp
pic_500_jpg.rf.4c4cd4d469664a03c0935c1b16895a5e.jpg,day_sharp
CarLongPlateGen1363_jpg.rf.1a1df7871dd0d68d17c3e44160deca47.jpg,day_sharp
CarLongPlateGen2576_jpg.rf.5d836bc7b493076197d811367cb59135.jpg,night_sharp
CarLongPlateGen243_jpg.rf.d9f2102b04ad575bcc2d9e7a67220a6d.jpg,night_sharp
xemay1609_jpg.rf.b8d5659c543e4036405efe2a1fd384cd.jpg,day_sharp
xemay2393_jpg.rf.684bd190925bdfd7652a6d17e98cfc11.jpg,day_sharp
xemay1359_jpg.rf.b7e43b2a71949188e86d01a7ac8886f0.jpg,day_sharp
ZENDOG_jpg.rf.86d8cda5e7e7e6e26bacc14a8432eec6.jpg,day_sharp
CarLongPlateGen1366_jpg.rf.be4f8a0e25c9666f9e394a5c94a6ae91.jpg,day_sharp
CarLongPlate507_jpg.rf.26e007a8a4a989f6c2a7ee6eab75a587.jpg,night_sharp
CarLongPlateGen2240_jpg.rf.db4d9615b3ecad778c7328d1a6c631e9.jpg,night_sharp
AUDIZINE_jpg.rf.00c8bcb343a4417306b90684f22ae62c.jpg,day_sharp
CarLongPlateGen1132_jpg.rf.664566ec71d5e8fc17217ea93694ad91.jpg,night_sharp
CarLongPlateGen1672_jpg.rf.ddb5b10c6caa84525ac5bc26e11484d3.jpg,night_sharp
xemay659_jpg.rf.68d6d8769835edd19ef3e0f91d1dd782.jpg,day_sharp
xemayBigPlate140_jpg.rf.be0edc8a5964359a7df71b7f45c6cc2b.jpg,day_sharp
Driver-20gets-20_110-20ticket-20for-20not-20having-20front_yythkg_jpg.rf.4f65fdabac58f232beabbe45012887a1.jpg,day_sharp
CarLongPlateGen3189_jpg.rf.a4ef6bee62e245188993c2df7f0ec0ae.jpg,day_sharp
CarLongPlateGen2905_jpg.rf.fa02fce77609ae229841ce68e6573e32.jpg,night_sharp
pic_509_jpg.rf.01e9672c5b2b84c6fc19290e33d54a02.jpg,day_sharp
CarLongPlateGen614_jpg.rf.15419696df47b9e13d1f27bc07375e40.jpg,day_sharp
CarLongPlateGen925_jpg.rf.05962426056fc1ddaac1b98988840d7c.jpg,night_sharp
xemay350_jpg.rf.2c2b33a22433bfb440b7416ebe33315b.jpg,day_sharp
CarLongPlateGen2199_jpg.rf.922c3cc4b3e29b8eb50f2e386a21bd4a.jpg,night_sharp
quandoi63_jpg.rf.ccd2a5d22a6e5e4a53292cb57bdfa2b8.jpg,night_sharp
xemay2122_jpg.rf.398a81bfa9fe0eaa832e392195b3eea9.jpg,day_sharp
CarLongPlateGen3326_jpg.rf.2f32d5f34b0fd1deed2d63fa0bb749cd.jpg,day_sharp
xemay580_jpg.rf.4dca2866562f9fd74a84dd2ab112ddcd.jpg,day_sharp
0018e004f5cac5e0_jpg.rf.1bd91b8a7ba9cdf112d216d9baf285c5.jpg,day_sharp
xemay1088_jpg.rf.523eceaaaf276a54d764a766aa9b0c24.jpg,day_sharp
CarLongPlateGen2434_jpg.rf.2370954bbd90584d8985c770d5345210.jpg,night_sharp
boderquandoi58_jpg.rf.9a641c393fc1352eef2ca321f833fe67.jpg,day_sharp
SKA_jpg.rf.1266bfc1294b5a5f4cef300c11f0e67a.jpg,day_sharp
images_jpg.rf.34cc495b981056aacc7052b7b0989d0f.jpg,day_sharp
xemay1810_jpg.rf.f6745009ccb503b1aebbdd1230403800.jpg,day_sharp
CarLongPlate287_jpg.rf.23d5c30693b9144506c0a8215a616c3e.jpg,night_sharp
xemay365_jpg.rf.246c574f51b7e982cdd1f72a743c727c.jpg,day_sharp
xemay1388_jpg.rf.693b481fc6d7a2b1bc8d67b7cec620ad.jpg,day_sharp
boderngoaigiao11_jpg.rf.6d8ea342284fc541299ed7bd292fc871.jpg,day_sharp
CarLongPlate573_jpg.rf.5f0d16f5cf929ab087d1080f0bbb9cd7.jpg,day_sharp
CarLongPlateGen2784_jpg.rf.61556dfa03cdf51445a2e21014f78e88.jpg,night_sharp
CarLongPlateGen747_jpg.rf.182754506fa0ba3c0c7ea759e7b1be04.jpg,day_sharp
CarLongPlate677_jpg.rf.35798ac3927598664ae88f00c29c73a0.jpg,day_sharp
CarLongPlateGen3683_jpg.rf.b6e2abd0d2cc4ee3d1f6366204d32db2.jpg,night_sharp
CarLongPlate504_jpg.rf.ae8c811af92e09ae4c986d23df70fe5e.jpg,night_sharp
xemay2072_jpg.rf.439f7e1a021270c4af562da7a11f3da4.jpg,day_sharp
Cars329_png_jpg.rf.f1b21c7e9215a84807778cfb9d261711.jpg,day_sharp
xemay74_jpg.rf.209cb76cb00d6e3e8fdb360994714cb5.jpg,day_sharp
xemayBigPlate172_jpg.rf.36cf9bc186e292637ac838972b33e736.jpg,day_sharp
CarLongPlateGen3253_jpg.rf.d843f67159abbbeb7426acd899f58172.jpg,day_sharp
Cars173_png_jpg.rf.5c10da098c6705ecff02f8c805a34163.jpg,night_sharp
pic_542_jpg.rf.b6e1bcf852cc43f3d74b4c90d2ec08c0.jpg,night_sharp
xemay2075_jpg.rf.143075b606bac76e9e8e88cc1e03669f.jpg,day_sharp
xemay225_jpg.rf.b01ee421dab2d0da57abb43b0868383e.jpg,day_sharp
Cars214_png_jpg.rf.442416c3989315e610fd4401b75f40ba.jpg,day_sharp
CarLongPlateGen1038_jpg.rf.6e5b6f14d5fa1ea30034727815e939f9.jpg,night_sharp
CarLongPlateGen2497_jpg.rf.caf339fe8186ef96e0a45811b644a78f.jpg,day_sharp
CarLongPlateGen3152_jpg.rf.0e7d3111626f996c412cdc209f77cdaf.jpg,day_sharp
CarLongPlateGen3817_jpg.rf.372debdc19cc804dc030cf8475867409.jpg,night_sharp
rotatequandoi30_jpg.rf.96760e84768f12898ff9ed1cc3c85f7e.jpg,day_sharp
CarLongPlateGen2168_jpg.rf.879db5802fe7f46686000100d8eccc17.jpg,night_sharp
CarLongPlate563_jpg.rf.9819c04157c28c74423478afb02a376a.jpg,day_sharp
0195e8a172eddc29_jpg.rf.6b9d3aa19bd7269e6c3f7c746465cd5d.jpg,day_sharp
pic_044_jpg.rf.e29b110c7cc5185fb42b3747979f5809.jpg,night_sharp
xemay60_jpg.rf.d7e82936d11279e6ad197ae4d69e1900.jpg,day_sharp
CarLongPlateGen2776_jpg.rf.4b5f82be999d7f58b169a57026e1f78f.jpg,night_sharp
xemay295_jpg.rf.8e7f8665bdea32cea4c12b7bee1b680a.jpg,day_sharp
xemay327_jpg.rf.7167ac549642917b7c8c67b1d9643de7.jpg,day_sharp
CarLongPlateGen2075_jpg.rf.fbd98878ad45d71477d12b868cede155.jpg,night_sharp
CarLongPlateGen217_jpg.rf.16084edfb9362fdb26e219aba4df1efd.jpg,day_sharp
TL03GOG_jpg.rf.8a8fdd0447c277f52fe0512a5d11a72d.jpg,day_sharp
xemay2271_jpg.rf.587b34d00fbb8f8aa817187a2e0e0ef8.jpg,day_sharp
CarLongPlate580_jpg.rf.89f4733c9e74b8fd7cc5a5f5a41d4c97.jpg,night_sharp
pic_038_jpg.rf.11bcdeda106cc12202c03d6aae5cdd14.jpg,day_sharp
xemay939_jpg.rf.134cc661e771348ce577d8a1302086b0.jpg,day_sharp
pic_104_jpg.rf.1e880fd9eb83f4f9d2ad971e965e8b78.jpg,day_sharp
CarLongPlateGen1023_jpg.rf.a04f35a1a17040a2e32cebb785bb1cbf.jpg,night_sharp
image15_jpeg_jpg.rf.d2b893922a217b19fd58929742104f78.jpg,day_sharp
xemay36_jpg.rf.fdf713b065576c861c9c3284e124add5.jpg,day_sharp
CarLongPlateGen2207_jpg.rf.bc2cc17a5c0e95763dd907d40f137640.jpg,night_sharp
CarLongPlateGen3689_jpg.rf.c78a2bd3b9c9d233dfef470ce4e66e2c.jpg,day_sharp
xemay761_jpg.rf.ba70657bc87bfc3929631f37c4897f40.jpg,day_sharp
LNXGEEK_jpg.rf.23f9715ad97109e977e826a289114c58.jpg,day_sharp
CarLongPlateGen3081_jpg.rf.e6a35b1cff18397753426ac5b2554011.jpg,day_sharp
xemay2246_jpg.rf.6f16ea6079ff1ee4393fb702c2d60222.jpg,day_sharp
xemay453_jpg.rf.b0202da3402b06902faa6f1db918acb6.jpg,day_sharp
1649292507297_jpg.rf.8e9a9c11f13f490b09bc3e0dccbd21ab.jpg,day_sharp
xemay1083_jpg.rf.15c023c50125f50af178a735be11c77a.jpg,day_sharp
CarLongPlate146_jpg.rf.2beb5e106e43297c69f9cc0072ebdc00.jpg,night_sharp
71-640px-NY_license_plate_54111ME_commercial_jpg.rf.e9b22e3790da06f4a189a2035c089753.jpg,day_sharp
CarLongPlateGen321_jpg.rf.0b0bc8050993b6871790bd31c8eda1e9.jpg,day_sharp
xemay449_jpg.rf.60b21791380aacdbd2d8cf9cc2661407.jpg,day_sharp
CarLongPlateGen1542_jpg.rf.f59344a876b69d3c72e183a904e17dca.jpg,night_sharp
Cars264_png_jpg.rf.dbe56188a0a59a99cdd874be8951c7da.jpg,day_sharp
CarLongPlateGen3200_jpg.rf.35135a90531821c734370e3c812f5ea8.jpg,night_sharp
CarLongPlateGen1596_jpg.rf.496621116c1484f9731ebe3048c26a9a.jpg,night_sharp
CarLongPlateGen1188_jpg.rf.049ba31fb81d93e70398bb98aedefaa5.jpg,day_sharp
pic_283_png_jpg.rf.3fadbea085603e6871ebac5d631db892.jpg,day_sharp
CarLongPlateGen534_jpg.rf.ae9550325b1903b664aef774631f772c.jpg,day_sharp
brightnessngoaigiao15_jpg.rf.c88967f0b29c145bcdb0a786ab4feaf7.jpg,day_sharp
xemay1304_jpg.rf.b1fab314c7f69ea1d4c4be3d8dfe42a6.jpg,day_sharp
CarLongPlateGen1244_jpg.rf.a50a94af68468eca8ab4dfeeb045559d.jpg,day_sharp
CarLongPlateGen2447_jpg.rf.79cf90d67e06c42d5cd177b55706ca9e.jpg,day_sharp
xemay411_jpg.rf.3ef791747788839eb6dab0fe3eb82f09.jpg,day_sharp
CarLongPlateGen3582_jpg.rf.7756e556afed70ec5e38eab3fa6e59a3.jpg,night_sharp
CarLongPlateGen2560_jpg.rf.fe3d8b5846782104bc7c0754feea8968.jpg,night_sharp
CarLongPlate352_jpg.rf.1aedb35f51eb50799d86a7ce27d35d7f.jpg,day_sharp
CarLongPlateGen2821_jpg.rf.27c1f17bd321a0327029bfdbeee207ea.jpg,day_sharp
CarLongPlate519_jpg.rf.7197d235e7a9c7e4bddd994c28781c02.jpg,day_sharp
xemay2311_jpg.rf.73eb58e946334d2fb074aa456c177c71.jpg,day_sharp
5-s-l400_jpg.rf.2ccd7e6e8bda8f7370d0e7998e8c9c03.jpg,day_sharp
xemayBigPlate76_jpg.rf.7c7cfe6a4089bb5adcf8b2420f36ec02.jpg,day_sharp
CarLongPlateGen3643_jpg.rf.d6249215ee9826496f73f6474765cfb4.jpg,day_sharp
pic_062_jpg.rf.3aefe1f715fe89589b5b00d7b84aa4a7.jpg,day_sharp
xemayBigPlate242_jpg.rf.81bfd85bbfbe261b2c7c49685ed1036e.jpg,day_sharp
xemay1504_jpg.rf.af4911f48bfce70865dd81efeded824a.jpg,day_sharp
CarLongPlateGen2254_jpg.rf.9a43bfe8877990de66835fe4674e3b72.jpg,night_sharp
CarLongPlate448_jpg.rf.57c5bc2537e361192247169b7cdd5d7b.jpg,night_sharp
xemay1867_jpg.rf.29c28d5f19092515502022c69b7baa33.jpg,day_sharp
CarLongPlateGen3837_jpg.rf.fa949a4920b33ee7dda1ee00a817703c.jpg,day_sharp
CarLongPlate684_jpg.rf.8a51fb3a03bb56bcf817d60a055e29b9.jpg,night_sharp
CarLongPlate464_jpg.rf.4ace15fd3d5034ac457c4f4c989f9e14.jpg,day_sharp
CarLongPlateGen1664_jpg.rf.6d186148bfd12c0f4ab14d60a67c30fa.jpg,day_sharp
CarLongPlate868_jpg.rf.1464fab41a4ea3e3caf80659acc59962.jpg,night_sharp
CarLongPlateGen1901_jpg.rf.c8d090aeb5d1bcc1fad54ea30cb69130.jpg,day_sharp
CarLongPlate230_jpg.rf.aa71f3917f6259a87fe8e0959168aeda.jpg,day_sharp
CarLongPlateGen877_jpg.rf.9d651fe70e57a250032772ff6b24c17c.jpg,day_sharp
CarLongPlateGen48_jpg.rf.d8206e31de543a7f03d0bf169df3ec31.jpg,day_sharp
xemay1052_jpg.rf.90108868461bb0d199aaa297bf05edd0.jpg,day_sharp
CarLongPlate785_jpg.rf.dbb73a4b7cbf55e9761b29d2528f6bb0.jpg,night_sharp
quandoi16_jpg.rf.c8509d073cd2c0f2d57878e3a4dcb75d.jpg,day_sharp
pic_237_jpg.rf.aa0f9618ae4e34589d2e549e5861878e.jpg,day_sharp
xemay259_jpg.rf.73f32a238b4fd8a29a99953b413b7c2a.jpg,day_sharp
CarLongPlateGen2664_jpg.rf.0669dad3342b3fd8db6a94afec7f93cf.jpg,day_sharp
77-800px-2000s_Egyptian_license_plate_jpg.rf.81df730d3dff3a1566315920a65d7510.jpg,day_sharp
xemay1050_jpg.rf.3199e2c5cc5177a480282a782f1b554b.jpg,day_sharp
CarLongPlate421_jpg.rf.ba6ca4882a6a55bd29c75f73c19c6dd1.jpg,night_sharp
xemayBigPlate120_jpg.rf.1d4d85219dd3d4f650c067d1ea80fb77.jpg,day_sharp
quandoi27_jpg.rf.18836002a7898461a35db91b580f5af1.jpg,day_sharp
xemay205_jpg.rf.09e36216ad459719830a972ae6b3ed8e.jpg,day_sharp
A-License-Plates-Lead-Image_jpg.rf.422a5e30e41baf288101685680a8b996.jpg,day_sharp
00d0c3e342d41462_jpg.rf.300a9275c77d652ecd6f556f728225c5.jpg,day_sharp
CarLongPlateGen3110_jpg.rf.98de460f87cf395b60ee65ae6bb5b609.jpg,day_sharp
CarLongPlate654_jpg.rf.da859e69a773d466e2c6399ff3d910f6.jpg,night_sharp
xemay2022_jpg.rf.cbbc56be48997931cc0d4d7af6af5729.jpg,day_sharp
CarLongPlateGen3186_jpg.rf.ea4b8273427f110efef2c0a0138758a9.jpg,day_sharp
CarLongPlate887_jpg.rf.a25b6f3ceb368088e5fe927a225fc766.jpg,night_sharp
0061db4fbe34adad_jpg.rf.e758ecaea2122b2017b0bb2f369f9089.jpg,night_sharp
xemayBigPlate6_jpg.rf.d407ba0d990157d90f5466bce621efeb.jpg,day_sharp
019a2a22e51ee1a9_jpg.rf.29aa0d91b444d4c3e03c01899a8ef22a.jpg,day_sharp
brightnessngoaigiao9_jpg.rf.3b9c81107b77441977237293c1bb1070.jpg,day_sharp
cropquandoi93_jpg.rf.2f80af9d9d5b8bb0a16d106c0000b8a6.jpg,day_sharp
CarLongPlate27_jpg.rf.8e8d4e299324572a74324dca483e2b16.jpg,night_sharp
xemay754_jpg.rf.60961c7cb6055ed9b186678a7106cedb.jpg,day_sharp
CarLongPlateGen2938_jpg.rf.f6b81a71b711bb9368a6efa8416a2a1b.jpg,night_sharp
CarLongPlate991_jpg.rf.b4c5e207d9dfd2a86b5e829e3e2af309.jpg,night_sharp
CarLongPlateGen1169_jpg.rf.1fa1db376b1bef18d176c581eb7ef5bb.jpg,day_sharp
brightnessquandoi73_jpg.rf.2c9ea2931f0ee7e6702e208a8fd1758c.jpg,night_sharp
CarLongPlateGen2582_jpg.rf.104e3da8edaf69a93f82e4f4a00be7c7.jpg,night_sharp
CarLongPlateGen3865_jpg.rf.d60a77122f7d923d74a24aed827fd775.jpg,day_sharp
xemay1450_jpg.rf.44e1a11e41c98a37db4d64628c46d7e8.jpg,day_sharp
CarLongPlateGen1226_jpg.rf.336fb863be1478d4862b74ac52eb83c6.jpg,night_sharp
xemay1492_jpg.rf.d1dbdef947ab6892ace3232d9338fb36.jpg,day_sharp
xemay420_jpg.rf.f21013bf0562d9106a5079468bab81c9.jpg,day_sharp
17-gro2018_jpg.rf.ecba1fdee4fdb7d2bdbb7c3644bed189.jpg,day_sharp
xemay2329_jpg.rf.c87fa689136b54cd06d2785dc53263d0.jpg,day_sharp
xemay1602_jpg.rf.3b3a8b006f71bef76b773f2b56068c42.jpg,day_sharp
IMG_7093-conv_jpeg_jpg.rf.524ec97ac691583141c3e9f8c3808b96.jpg,day_sharp
CarLongPlate54_jpg.rf.ffa18f082f2ece79a9ec36b17d63dc24.jpg,day_sharp
CarLongPlateGen3681_jpg.rf.972a1793d3d94b46169550d6b9838f2f.jpg,night_sharp
CarLongPlateGen646_jpg.rf.9ff2649114b43b47f3b71a636ba0d9f1.jpg,day_sharp
xemay2293_jpg.rf.10f24af16e278af613141a8e362d8846.jpg,day_sharp
xemay2319_jpg.rf.7c8b03337448b0649b6bfd037ee5038f.jpg,day_sharp
CarLongPlate215_jpg.rf.8a44aa32d84f8881ff4941a59900d78f.jpg,night_sharp
CarLongPlate331_jpg.rf.7577685463d9e214029569a19c5d5cd0.jpg,night_sharp
CarLongPlateGen3795_jpg.rf.9ca6ae5ca2e0e3811cf34cea306c107f.jpg,night_sharp
CarLongPlateGen3269_jpg.rf.cc339f602f81dcd24cd0666b5d9b5d3e.jpg,night_sharp
CarLongPlate422_jpg.rf.5117559bff18d08c4a266d9f542da715.jpg,night_sharp
CarLongPlateGen1376_jpg.rf.2f729aa41f12740fa05b9734c94ce6bf.jpg,day_sharp
Cars257_png_jpg.rf.57aa86d46cdcc3c0e6a1fa5fdc7bed4f.jpg,day_sharp
xemay2389_jpg.rf.b9297c4ffe68b7d8ac1035365029192b.jpg,day_sharp
013d1f1e520e0671_jpg.rf.4313c244fa1ac1eca33f6f92b2b6763c.jpg,day_sharp
xemay92_jpg.rf.a21202ba0b9c32d8f264b243491c26a4.jpg,day_sharp
CarLongPlateGen2881_jpg.rf.b22e5f18ae635499bd13f1de38d6ccf5.jpg,night_sharp
xemay1220_jpg.rf.91f8dc7fe01d6bd000b68281dbfa6869.jpg,day_sharp
CarLongPlateGen702_jpg.rf.ba011e7df3dd4efc16c4cd2ec93ce8ff.jpg,day_sharp
pic_066_jpg.rf.21f34bde7d675bca2a535ff5dcbe0390.jpg,day_sharp
CarLongPlateGen609_jpg.rf.c40df3990ea99b72373a3617d53b1a83.jpg,day_sharp
9-s-l400_jpg.rf.380595c22915f91113e4a8b1d79b6555.jpg,day_sharp
CarLongPlate273_jpg.rf.56224dff1fc97e2221b28742b29739c8.jpg,day_sharp
xemay925_jpg.rf.65c80a29aba3cb0e7944e890ba99d0ef.jpg,day_sharp
CarLongPlateGen1031_jpg.rf.519bcdd12f66237f07f4ca802d76aa43.jpg,night_sharp
xemay2358_jpg.rf.3a0d80a14adecc2d1308cbc31ab8b01a.jpg,day_sharp
0044535b6c092973_jpg.rf.e8d10eb5369acecf97357f73ae6fa240.jpg,day_sharp
CarLongPlateGen3475_jpg.rf.2d8844f29f04001e3d1a2f7ea43c50e9.jpg,day_sharp
xemay1888_jpg.rf.383734c0e45e5a0b306e0edda3eee667.jpg,day_sharp
CarLongPlateGen3351_jpg.rf.60a42b741f1a05f39bc4d867403f5c54.jpg,night_sharp
xemay861_jpg.rf.90584805fbfb2d09749508afe0ec2f1c.jpg,day_sharp
CarLongPlateGen510_jpg.rf.408b4282808ec7e7c1dfe858da806987.jpg,day_sharp
CarLongPlate722_jpg.rf.c629df0bb51f7fe33ec7c227bc0099bc.jpg,night_sharp
CarLongPlateGen135_jpg.rf.60876ce0fe72b77e3f6b4616b7b584e9.jpg,day_sharp
IMG_7060-conv_jpeg_jpg.rf.0b3385e97377e180a54f07c04774b6ed.jpg,day_sharp
CarLongPlate377_jpg.rf.9faf38b459e8c676e23b9bdf9af90808.jpg,night_sharp
CarLongPlateGen3679_jpg.rf.35e6b80abcdfd1e3d195a912a6b37a69.jpg,night_sharp
CarLongPlateGen43_jpg.rf.3f85af22ea17413b625b4e8fa3ede5a3.jpg,day_sharp
CarLongPlateGen1731_jpg.rf.657212c33657e6c3a043d434f37ec6f7.jpg,day_sharp
70-gro2015taxi_jpg.rf.932a29dd2b9fda39c9039792b1772370.jpg,day_sharp
xemay2360_jpg.rf.a8325be1aa35bb009e9939d5566157aa.jpg,day_sharp
CarLongPlateGen292_jpg.rf.65cdd81f598c27e3e93ca57724af71a9.jpg,night_sharp
xemay876_jpg.rf.d3fed14cfcc5b903d648d745f8f99234.jpg,day_sharp
CarLongPlate791_jpg.rf.085040b4531103cee6009840304cad03.jpg,day_sharp
xemay600_jpg.rf.1130e52ddc947c18d98f6c1fda1ccc7e.jpg,day_sharp
CarLongPlateGen1135_jpg.rf.c12dc5df244f963e7754eed95bfd42bb.jpg,night_sharp
CarLongPlateGen644_jpg.rf.0d731ee8f0c3cb611e6640da1bd40107.jpg,day_sharp
xemay1788_jpg.rf.3f63df58d43170474d83f67620fd8db2.jpg,day_sharp
CarLongPlateGen2322_jpg.rf.23a1ed696b050757ee6d1b5c7a3cb495.jpg,day_sharp
72-640px-1937_Arizona_License_Plate_jpg.rf.f38ac9aa8247658ae0c428b1fdfd7b77.jpg,day_sharp
CarLongPlateGen3874_jpg.rf.10074be69372a9ffae684d357841671c.jpg,night_sharp
CarLongPlateGen415_jpg.rf.b1ea7b701fd4f025b0b62edc1482cfe8.jpg,day_sharp
pic_100_jpg.rf.286877dc814ca6b8f6861b669d9d0c43.jpg,day_sharp
cropquandoi91_jpg.rf.73d468a4e25422cfa79a9fa64d553beb.jpg,day_sharp
CarLongPlateGen3018_jpg.rf.f210268fafc4e6e65684741c40ad923f.jpg,night_sharp
rotatequandoi86_jpg.rf.7b2098c487b78dc7190a88f6e559c8d1.jpg,day_sharp
CarLongPlateGen3411_jpg.rf.be80af591926d87d9210ec8a1720b428.jpg,day_sharp
CarLongPlate683_jpg.rf.1cf4ac0b6ed7b2e7f7fc5f2727fcb9fe.jpg,night_sharp
CarLongPlateGen459_jpg.rf.4b7c0c2d0fb8f51d007c215d48ae8ec6.jpg,day_sharp
CarLongPlateGen1823_jpg.rf.9a700ed6bc406feda94aaf8c361eebaa.jpg,night_sharp
CarLongPlateGen1314_jpg.rf.52dd921a33654dc790122470d12d2447.jpg,night_sharp
CarLongPlateGen668_jpg.rf.afd447cda55a01990b22058663c19f9e.jpg,day_sharp
CarLongPlateGen3618_jpg.rf.e38e8404586078a6927d1c4566663046.jpg,night_sharp
00bffc29492dbc26_jpg.rf.72a3c617bf9379bf31ea90a0c189b21a.jpg,night_sharp
pic_439_jpg.rf.be362341ae38919e4cf7956aa0db20bb.jpg,day_blurry
CarLongPlate753_jpg.rf.cdcb9d6f2418fc6f6097f0c93bdd109f.jpg,day_sharp
CarLongPlateGen2204_jpg.rf.4e9b2e48af48c5482c4c69c5f29136a7.jpg,night_sharp
CarLongPlate930_jpg.rf.e10bf347853ee898f76e4c9adffee9f7.jpg,night_sharp
CarLongPlateGen1459_jpg.rf.a42244f57acdb6886402e265bac5b6f5.jpg,day_sharp
xemay1239_jpg.rf.49c93cb8437c9f1a655e487e55459a4f.jpg,day_sharp
CarLongPlateGen1448_jpg.rf.b5c116960fd286df8fc8cde077df4d8d.jpg,night_sharp
xemay2431_jpg.rf.08fbe4b47a0802949b888bc3b86c07df.jpg,day_sharp
CarLongPlate438_jpg.rf.7d0ef8f524257b661596e09976c7f31e.jpg,day_sharp
brightnessquandoi36_jpg.rf.1b7d87857d063aeffbae7d5bc77bfe77.jpg,day_sharp
xemay1491_jpg.rf.6acabb6a4502600c9ad3776946d48d48.jpg,day_sharp
CarLongPlateGen1967_jpg.rf.eb4238e6ef2d865712b50c8924d4a18c.jpg,day_sharp
CarLongPlateGen3822_jpg.rf.ce8b86c346b6b46f5bf7a486048a6fc9.jpg,night_sharp
IMG_7004-conv_jpeg_jpg.rf.2869ce4cac1f0dae3e3e957d9ea1e9d0.jpg,day_sharp
xemay2038_jpg.rf.7dfce03f9860b9229397ccbf173c29a7.jpg,day_sharp
pic_359_jpg.rf.122aa0fbe6a8cd1d571c89242160a5c1.jpg,night_sharp
xemay441_jpg.rf.2923a4759c78dfa00e997f92ae92e54f.jpg,day_sharp
CarLongPlateGen1991_jpg.rf.bd8f327605321317627ac0bb61d870b7.jpg,day_sharp
CarLongPlateGen2091_jpg.rf.49c91de239ef8063da4e92659e95e644.jpg,day_sharp
xemay2230_jpg.rf.15dc76341580108a53efa3bf601d9026.jpg,day_sharp
CarLongPlateGen2860_jpg.rf.24ffc4f90ba04cf71da886dd5d1211a9.jpg,day_sharp
00cb8dccb5cb1f59_jpg.rf.a361e5a5c39a2b90a531d971cf5719fb.jpg,night_sharp
CarLongPlateGen1892_jpg.rf.b9263b3fb1970cb8a5aaaeb2a5f0d29c.jpg,day_sharp
CarLongPlate762_jpg.rf.b372faa4af558ff89df0e6a0469beed5.jpg,night_sharp
brightnessngoaigiao0_jpg.rf.e7a0370bb2bf7ba7c3eb21b9b56a770e.jpg,night_sharp
quandoi83_jpg.rf.afe986cc7f255fc355679e8df1777d0b.jpg,day_sharp
CarLongPlateGen1581_jpg.rf.0e43eacb856a9020dbc66947dcd3c26d.jpg,day_sharp
CarLongPlateGen1009_jpg.rf.d7c1fc48b6b774a26ef21e635f29b9b0.jpg,night_sharp
004be6e7ea1c7ff8_jpg.rf.67903af5a80cc47674753b1d52a36091.jpg,night_blurry
IMG_7014-conv_jpeg_jpg.rf.d34dfacd4a98e605e3ccae6bb5f8a3cd.jpg,day_sharp
xemay2407_jpg.rf.266ef67c69f83f76839786c450d81367.jpg,day_sharp
xemay160_jpg.rf.99e8ff00f4fa7d12b8f3d2b2a66b9a1b.jpg,day_sharp
brightnessquandoi86_jpg.rf.2b908afc4f30f94c76a8cd1224cd7bee.jpg,night_sharp
xemay2143_jpg.rf.59d94419109084f6370154400fb74853.jpg,day_sharp
CarLongPlateGen2572_jpg.rf.bae3a1d4bf1d99d684e8d064d1c66e66.jpg,day_sharp
cropquandoi105_jpg.rf.14d9dc38f97ccbdcb51366a028648073.jpg,day_sharp
xemay1692_jpg.rf.7798275185a3b07be7ca3c1b9366d7b1.jpg,day_sharp
CarLongPlateGen1138_jpg.rf.1f19ef9841cbf07eafb9e6c6a939fd99.jpg,night_sharp
CarLongPlateGen3109_jpg.rf.1a2e07d8de2af4a567ecfbd5b6d6f477.jpg,night_sharp
CarLongPlateGen1491_jpg.rf.2b6c4ee52ae2ffe72bdd96ff08d94204.jpg,day_sharp
xemay1697_jpg.rf.445e516325a4ffa717d01afaacd0e139.jpg,day_sharp
MEV1226_jpg.rf.dc5450e8e6659ef17711ccb6cb85ccd0.jpg,night_sharp
CarLongPlate658_jpg.rf.4728c133c314104ee59cf2d6aa7dad05.jpg,night_sharp
xemay2326_jpg.rf.fe68644e55d540a7b73d36947477c27b.jpg,day_sharp
xemay932_jpg.rf.7107ba983ac55ddb8542a2a11c45e7c2.jpg,day_sharp
CarLongPlate458_jpg.rf.0c7a6c01b09d2affd7ad8dc371df0df7.jpg,day_sharp
CarLongPlateGen1811_jpg.rf.4172bf45093e81faaa5d3ff5e6a32deb.jpg,day_sharp
CarLongPlate57_jpg.rf.2b808d8bd39026db1db7db2513378abd.jpg,day_sharp
CarLongPlateGen1934_jpg.rf.271a75fd75e276c36509fc247b35cbb9.jpg,day_sharp
CarLongPlateGen2309_jpg.rf.2d4def70fa816340e81515a055fd8a0b.jpg,day_sharp
xemay887_jpg.rf.db75790508b32aea1740c0773bcb246a.jpg,day_sharp
CarLongPlate885_jpg.rf.78b5b4ce3933a8d1cc81062a4e57bbeb.jpg,night_sharp
2-D_NQ_NP_771519-MLM32984405313_112019-W_jpg.rf.3bd207ec9b5f2c0bec67cd62d4cb2c9b.jpg,day_sharp
CarLongPlateGen187_jpg.rf.208e70ecbaa0d24cf692bc35d7f0b98b.jpg,night_sharp
xemay1030_jpg.rf.4820f189dd2a05735f7f7e6592d20810.jpg,day_sharp
quandoi30_jpg.rf.5729dfecefdf8493630a33813b8339c8.jpg,day_sharp
CarLongPlate996_jpg.rf.4c7e3aaade9f49701b7633c303683674.jpg,night_sharp
pic_440_jpg.rf.96a61c4b83dfbca4fc08952c14c36286.jpg,day_sharp
xemay2430_jpg.rf.269bc8b854c3a4af472d744302a8e6df.jpg,day_sharp
xemayBigPlate146_jpg.rf.f1100e5e5b9a319d3a54fed26f1a4aed.jpg,day_sharp
xemay1752_jpg.rf.29e524c1074ea76d0c9393cd10415ffa.jpg,day_sharp
images9_jpg.rf.e0a6a141074d60eabdfa8bcfabed1fc7.jpg,night_sharp
CarLongPlateGen3570_jpg.rf.d088f0ffd1520cd29d91a5bfcc53d33a.jpg,day_sharp
CarLongPlateGen813_jpg.rf.e6b13a69d6ae4378e6705a9b8b383f58.jpg,day_sharp
CarLongPlateGen3046_jpg.rf.304b85c1fbe4a5161d2fce329aa44f41.jpg,day_sharp
xemay911_jpg.rf.00e9756cbf3ac572b7ed1a5011d2b632.jpg,day_sharp
CarLongPlateGen2632_jpg.rf.0937300a465c21f2b7e5b64dbd752b67.jpg,night_sharp
xemay2305_jpg.rf.62894a45353462eab91edea771b54704.jpg,day_sharp
CarLongPlateGen2482_jpg.rf.c24b8cab3d1c929acebe50770dfa34cc.jpg,night_sharp
xemay1197_jpg.rf.d63d0ad9b049daf1b923820682097076.jpg,day_sharp
xemay2128_jpg.rf.a3e8fe752179cae9532f7f32b9ae5218.jpg,day_sharp
CarLongPlateGen1114_jpg.rf.61a8beffe4cf35a45df74b30af1cc10e.jpg,day_sharp
xemay1098_jpg.rf.1c72927027b681b3890a0222147fc7c6.jpg,day_sharp
xemay1743_jpg.rf.01a96a9ad46b88247fea215b89726f9c.jpg,day_sharp
CarLongPlateGen59_jpg.rf.890f9b11c4aa0fd33faafb5dae81e9af.jpg,night_sharp
CarLongPlateGen2689_jpg.rf.57c2f85cf454f1467d66d86ca0632087.jpg,night_sharp
xemay1785_jpg.rf.ad466ddcfebab98a284da3a6aa0d2b1b.jpg,day_sharp
cropngoaigiao2_jpg.rf.9c8c55ff18e42d8e7a159af4d8b1cecb.jpg,day_sharp
CarLongPlateGen3569_jpg.rf.99c8bf43c9ea1d2bf3638161cbd64e30.jpg,day_sharp
CarLongPlateGen1814_jpg.rf.7cbe9975a23823540900d49eefa66390.jpg,day_sharp
pic_344_jpg.rf.00e495b697e384aa5901317d12cdd5c0.jpg,day_sharp
118GRP_jpg.rf.8f83362e5ff17bacfa2f42590bb1597a.jpg,night_sharp
CarLongPlate82_jpg.rf.017679e737905955dc395e7ee59b2611.jpg,night_sharp
CarLongPlateGen53_jpg.rf.60e8c81d76ca7e43b87591f1321bb296.jpg,day_sharp
CarLongPlateGen928_jpg.rf.d13bede8ac623262ebb505c09db7e3b0.jpg,day_sharp
CarLongPlateGen2330_jpg.rf.cbb33274ef5b0748bd7ca39ec3cd3d2c.jpg,night_sharp
CarLongPlate751_jpg.rf.ab4720dde2579592531fe9955f202968.jpg,night_sharp
xemayBigPlate205_jpg.rf.f2c6b7bb9b54d7ef3785222760a9d3c4.jpg,day_sharp
cropquandoi95_jpg.rf.bd4d5f2c2ac955ee023957ad3a4b4694.jpg,day_sharp
CarLongPlate96_jpg.rf.f0c6a1c72592b6f539c3e9d049842b29.jpg,day_sharp
CarLongPlateGen749_jpg.rf.519c99b7d139d744ba92ffe8416a47ab.jpg,day_sharp
pic_239_jpg.rf.ed69719ca37534a6fe0fcbd58970e8c1.jpg,day_sharp
quandoi51_jpg.rf.82441d5aa9db7ab21c94d78c77816fac.jpg,day_sharp
CarLongPlate312_jpg.rf.286b6d9db9fb950bc9df0db75ccb9c6b.jpg,day_sharp
CarLongPlateGen2137_jpg.rf.5cacdead8fa7442db8f6e87541b731e7.jpg,night_sharp
CarLongPlateGen1163_jpg.rf.72a7276e67ffa69dbf5966fa091bffff.jpg,night_sharp
CarLongPlate640_jpg.rf.fc970b00e6e51724662706448252531d.jpg,night_sharp
CarLongPlateGen116_jpg.rf.af611fa1475177f2eea696d680b368ef.jpg,day_sharp
xemay2047_jpg.rf.1622a4ed3695ea501d9c0b8b840797d6.jpg,day_sharp
CarLongPlateGen1562_jpg.rf.f17351d0daf80da4c606cf4332b9dd2b.jpg,day_sharp
ngoaigiao9_jpg.rf.cd73c7dc84bd6c046227f99298afdc01.jpg,day_sharp
xemayBigPlate98_jpg.rf.c180399ed5b03f5c5598724709680a80.jpg,day_sharp
Cars202_png_jpg.rf.a1d5f4c90f104c7589d4be4322ec87d5.jpg,night_sharp
CarLongPlateGen2574_jpg.rf.ba43dc41505aed0ca08a63226770f6b2.jpg,night_sharp
xemay745_jpg.rf.c54e04a3cd37f84dc24c75ec5d6363ca.jpg,day_sharp
xemay499_jpg.rf.5b416b766833efc8ff60aaff90de4a6f.jpg,day_sharp
CarLongPlateGen3539_jpg.rf.6ae696416f41e6f1d3f6264fb8f261b4.jpg,night_sharp
British-20uk-20car-20license-20plate-20template-20gb-20car_yythkg_jpg.rf.431e9f7d6e8da92ed2671fa95607831c.jpg,day_sharp
CarLongPlateGen916_jpg.rf.f554eb0e261a65a6c493004dbb1fa12d.jpg,day_sharp
00192c1070c51ae3_jpg.rf.0c12ef5265fceec62d10b86af91b4517.jpg,day_sharp
xemay1466_jpg.rf.c44f79f678fd6f7fb7862f866cea1c99.jpg,day_sharp
CarLongPlate210_jpg.rf.cff6bbe3dca9e65ddea0aecaa3963db4.jpg,night_sharp
34-s-l300_jpg.rf.ec6413b9c6259a1c8a690646ccf74ed2.jpg,day_sharp
xemay1887_jpg.rf.8f72c74db4da97ff69bf6d155d33df7c.jpg,day_sharp
xemay1072_jpg.rf.5e6874e16ba0bdd7786452541841ae9d.jpg,day_sharp
xemay950_jpg.rf.87cb70e43f4d9d8624234a5a402c828d.jpg,day_sharp
CarLongPlateGen2270_jpg.rf.e7441ec315f95f9e4b4ff42ad940249d.jpg,day_sharp
CarLongPlateGen1775_jpg.rf.a2839fbca64e327dfb64eb609dc332b6.jpg,day_sharp
xemay2335_jpg.rf.ea84e33a25844212cd5d2bd70c8c45a6.jpg,day_sharp
00831662d2ba731a_jpg.rf.d42846b5b6642ceb415233b37aca3b37.jpg,day_sharp
xemay1753_jpg.rf.c92da3a78d267c3c44a8bc97025b3349.jpg,day_sharp
xemay383_jpg.rf.0f3c7dca82f2d06a6021b6de10d2f33b.jpg,day_sharp
CarLongPlateGen2781_jpg.rf.31ddd642daf8564f8f513180d35db7ff.jpg,day_sharp
xemay2398_jpg.rf.b63056c52c059299f54ed47531c080ad.jpg,day_sharp
xemayBigPlate55_jpg.rf.c7de8fa885b8f2ffc2e462c1bbe14e63.jpg,day_sharp
Cars330_png_jpg.rf.28fe326e0adad8874b0c59f109b34c80.jpg,day_sharp
xemay717_jpg.rf.9ccb4c2f1f55a8783caee0a69b464809.jpg,day_sharp
xemay584_jpg.rf.e17aaea93c9b24fcae42d95eaeecec9f.jpg,day_sharp
CarLongPlate813_jpg.rf.780962e8c3ef2d4747588eb3a6005c80.jpg,night_sharp
Cars232_png_jpg.rf.2515ce9e1016ea8735ba29033df6e45d.jpg,night_sharp
xemay1543_jpg.rf.b320679c0a3af09e3765fcb047c91f38.jpg,day_sharp
CarLongPlateGen3010_jpg.rf.73b5835687d2e45c70e629eeb87f2beb.jpg,day_sharp
CarLongPlateGen16_jpg.rf.fb3f9f7df9772b7cc43d662a927aa38a.jpg,night_sharp
CarLongPlateGen32_jpg.rf.ca682d293211eae910b6595ec88b0a2c.jpg,night_sharp
boderquandoi45_jpg.rf.20b8599f9561fa3f492e59aa37e64e0a.jpg,day_sharp
CarLongPlateGen2351_jpg.rf.dbd136e5c2604625a3d126fc2d019579.jpg,night_sharp
IMG_7079-conv_jpeg_jpg.rf.71d1882206efc46ee584db7b55f3dace.jpg,day_sharp
BMWM5_jpg.rf.f7745bb62a181dec85336977a2272095.jpg,day_sharp
xemay1638_jpg.rf.6fadfbd79af3a97afa98180effd28c17.jpg,day_sharp
xemay2270_jpg.rf.44d161b8eabc22de868b501f31d4b8a9.jpg,day_sharp
xemay1224_jpg.rf.6b33382c337bd21c589a0afa92616c08.jpg,day_sharp
CarLongPlateGen511_jpg.rf.e4a29092a717bbb8ca4f9c1d05ca4654.jpg,day_sharp
xemay1099_jpg.rf.f8828080a1fb5c4a6c1413dd3f551344.jpg,day_sharp
CarLongPlateGen1768_jpg.rf.efd1da9ca0a4e6eee409249dcc1ab0a3.jpg,day_sharp
xemay1143_jpg.rf.3b0022c7d1eb4064829d74e1963d8e66.jpg,day_sharp
CarLongPlateGen809_jpg.rf.fe055f331408aa684ebd424b9c241c2e.jpg,day_sharp
CarLongPlateGen3237_jpg.rf.42988e714266dfe2e6e755fc9505b5a9.jpg,night_sharp
CarLongPlateGen317_jpg.rf.86b61943c3b0a7ebed8bb8b9fa0ed71b.jpg,day_sharp
CarLongPlateGen3691_jpg.rf.4cdb19a8c4f70acab6482c98a3088e31.jpg,night_sharp
CarLongPlateGen1234_jpg.rf.9d59416ddd14e65467cab41eb69c2a2d.jpg,day_sharp
xemayBigPlate173_jpg.rf.1a9edce19b18ef5caae09b8f021fd3fd.jpg,day_sharp
xemay559_jpg.rf.e30219dd4d6a941b1876a903904c3381.jpg,day_sharp
Cars221_png_jpg.rf.c4e5e5e8d06a847092ef9b3d6ea4b591.jpg,day_sharp
024604312c78c4f4_jpg.rf.70d2ea47cad50a551648d141fd11fa4d.jpg,day_sharp
xemay1396_jpg.rf.2a59fef96002a6f11c73f50b3c53f1e6.jpg,day_sharp
CarLongPlateGen2979_jpg.rf.b5d833e1355d654689f5452f68c308f7.jpg,day_sharp
xemay611_jpg.rf.0371527d40f42a6324e854887a70c82f.jpg,day_sharp
CarLongPlateGen3403_jpg.rf.988135c45cf961334ce55e3be67830f5.jpg,day_sharp
brightnessquandoi99_jpg.rf.8ccae1803cb81550fa16dd29d225f314.jpg,day_sharp
xemay724_jpg.rf.19a2af9890bd1674d83818c3d49516cc.jpg,day_sharp
CarLongPlateGen1590_jpg.rf.5bb2558bac3bc389c79e16a20c4aa3ac.jpg,night_sharp
CarLongPlateGen355_jpg.rf.9126e01d5fa43bf32d49d2d4e643b6c6.jpg,day_sharp
xemayBigPlate222_jpg.rf.911a8890deda1be666d27b1a739d976b.jpg,day_sharp
CarLongPlateGen2543_jpg.rf.03e747f800ed45ef102187701bd7be8e.jpg,night_sharp
xemay2206_jpg.rf.bd76bd672989e658c0e52137441daed7.jpg,day_sharp
CarLongPlate931_jpg.rf.fd100a26a5fc2c20da3520173703c7d4.jpg,night_sharp
CarLongPlateGen2931_jpg.rf.5a692be0aed6e4d5c5739add4541df42.jpg,night_sharp
xemay542_jpg.rf.7e37ec1d42f2863e1442f5b85f89e3d9.jpg,day_sharp
CarLongPlate841_jpg.rf.1eb3e28be05a7dc43feb90f821e9ffd8.jpg,day_sharp
CarLongPlateGen2787_jpg.rf.e98f91185b37ff192b2d4e801296cdf0.jpg,day_sharp
CarLongPlateGen1558_jpg.rf.1efb71ee64177d8f315c55510ed0ffbf.jpg,day_sharp
CarLongPlate509_jpg.rf.8aa2a5bbb9e854a9f573b3e3f4fc412f.jpg,day_sharp
CarLongPlateGen2585_jpg.rf.b2bd99d3445d5a935badc23f1edc4fbb.jpg,night_sharp
OCR-L-LICENSEPLATES-1021-PB-02_27279581-1_jpg.rf.0fd40a70dc3cc2776048a27cde9d553e.jpg,night_blurry
21cb6bea-4a79-438e-a368-05aaa0ee94ac-Corvette_with_digital_plate_jpg.rf.7a374db07548577b88789a232d8a92d5.jpg,night_blurry
CarLongPlateGen2516_jpg.rf.5be1b8f6bdab33a026f7078ee9549b9c.jpg,day_sharp
CarLongPlate985_jpg.rf.7b546e9d51a5cd0631b3cba36f44ca3c.jpg,night_sharp
xemay2178_jpg.rf.9e5cecafff6ea82860d445b34b436c97.jpg,day_sharp
xemay140_jpg.rf.f58a564a9a8de48e6855ed4130b35c7f.jpg,day_sharp
CarLongPlateGen397_jpg.rf.39cb9dc7029cd3f50f122575998af20b.jpg,day_sharp
CarLongPlateGen2499_jpg.rf.c49b5da19756809562d865faa53614a1.jpg,day_sharp
CarLongPlateGen3137_jpg.rf.15d6339cfc36b60c4b69d846ec41371f.jpg,day_sharp
xemay240_jpg.rf.dd77de7498f7429833f351ced29e69d3.jpg,day_sharp
CarLongPlateGen671_jpg.rf.0a4805a14b7de7accf24beebdf2729c1.jpg,day_sharp
cropquandoi13_jpg.rf.d087caa14862c3ee510b9ac855d11040.jpg,day_sharp
pic_032_jpg.rf.c88128eb7fc465a9c2bda5ab0c1db5d9.jpg,day_sharp
xemayBigPlate142_jpg.rf.2adfb274e2691759b451dd50743db200.jpg,day_sharp
CarLongPlate716_jpg.rf.81982435908a36e3dde2a53e096e8167.jpg,night_sharp
CarLongPlateGen2992_jpg.rf.d44ae41b4bee955655cfb71b3242dbd5.jpg,day_sharp
CarLongPlateGen3229_jpg.rf.d48d60cae6f6e216c20b5b89cfeeccb1.jpg,day_sharp
CarLongPlateGen2683_jpg.rf.da3baa7acc2c57595d7f373afb3f073f.jpg,night_sharp
CarLongPlateGen969_jpg.rf.1037f3c81d31cfadd4f7a1e7a1016664.jpg,day_sharp
CarLongPlate125_jpg.rf.0fbd1bd0828d77ca7f98dae293cdf34c.jpg,night_sharp
CarLongPlateGen1134_jpg.rf.a3268b5cf6b8fc1685c14b08e5e501e8.jpg,night_sharp
xemayBigPlate156_jpg.rf.44fcf6aa7afe9e30e2af00b39d54fa1e.jpg,day_sharp
FORDGT_jpg.rf.85c70b57b751c3f7f281d2b191abe68d.jpg,night_sharp
CarLongPlateGen1940_jpg.rf.eb91748902df0791803943e5e24d9b56.jpg,day_sharp
xemay1200_jpg.rf.11f94ea15b301b077a74895d660c1bbd.jpg,day_sharp
CarLongPlateGen3757_jpg.rf.4aaeb71ff3db616c78184b8c2cec0993.jpg,day_sharp
Cars252_png_jpg.rf.d61514bee9da241262317520f2367af7.jpg,day_sharp
CarLongPlateGen981_jpg.rf.9508611025ba6d972403770e926f784c.jpg,day_sharp
CarLongPlateGen803_jpg.rf.fb72dea90c18152cc667811a5a58c6c7.jpg,night_sharp
CarLongPlateGen1096_jpg.rf.c18e9120613c4f7b5c6657a02380fd1b.jpg,day_sharp
CarLongPlateGen567_jpg.rf.24b3f604abf2ee60e925472a3f8a8ba3.jpg,night_sharp
CarLongPlateGen2644_jpg.rf.b72b278196fbc0a6e91dbd70974b9e59.jpg,night_sharp
xemay1339_jpg.rf.afbf363ae43fafa75d6db4e91c4a9a01.jpg,day_sharp
xemay2456_jpg.rf.b94570c5ac0c1d2c4c99b2b35ba2e0a1.jpg,day_sharp
xemay2274_jpg.rf.b5aa8e666914a9688d09c97d9695a8f1.jpg,day_sharp
xemay166_jpg.rf.9b058cb1142ed0623964a22167d35ae8.jpg,day_sharp
xemay723_jpg.rf.c2bb77438a0eaf14df6a121cb1366efe.jpg,day_sharp
pic_579_jpg.rf.ddff8b064ff9d7da3ad5ce10f5936e60.jpg,day_sharp
CarLongPlateGen615_jpg.rf.a1d6c5a03fd235dd4695378826a5099c.jpg,day_sharp
01e1ec24455d60a0_jpg.rf.060704ce28d8961194d3e125f8ce6d32.jpg,day_sharp
xemay2263_jpg.rf.9ed91e525d47666dc662f99c5a8f2a30.jpg,day_sharp
CarLongPlateGen509_jpg.rf.c00d17bcf50e6851c3c6b1c6590cb2bf.jpg,day_sharp
boderquandoi79_jpg.rf.b78814bdbda16dfe140c94469652a75f.jpg,day_sharp
pic_661_jpg.rf.d926aec87a440805fc7419a0f6642fe7.jpg,day_sharp
rotatequandoi37_jpg.rf.b79d31bba7844d2c2eb3d4de8d02ee54.jpg,day_sharp
CarLongPlateGen174_jpg.rf.be27ec2cdfa69d38b420b9907580f3e9.jpg,night_sharp
xemay1453_jpg.rf.1234add74b86a0ae4fd4d3128af69f09.jpg,day_sharp
CarLongPlateGen1167_jpg.rf.33d42df7cae8d973c76579e401fc91cb.jpg,day_sharp
xemay2294_jpg.rf.47df9a32f02ae0176329c742c2be6b2a.jpg,day_sharp
xemay1615_jpg.rf.358433b604b41bec4cbe6b42bf73003c.jpg,day_sharp
CarLongPlate36_jpg.rf.aea71bf35f9e4ef08a5078cd29a5c5e7.jpg,night_sharp
CarLongPlateGen2414_jpg.rf.0f3c5a6098019317b84273ff4cc4fd23.jpg,night_sharp
pic_221_jpg.rf.9bfb1f67f74bcb35bf028e1cb7d36bcc.jpg,day_sharp
xemay1862_jpg.rf.f4988b3dceb4630bff34e70f90a978b7.jpg,day_sharp
xemay1410_jpg.rf.e0c8d6fd31fa5ec776ca7389ecc10a33.jpg,day_sharp
CarLongPlateGen3699_jpg.rf.6c2eb4182ab494a83132a8ef20ec595e.jpg,night_sharp
CarLongPlate733_jpg.rf.edfd694211b4c1ca50319bad651deb65.jpg,night_sharp
CarLongPlateGen1455_jpg.rf.5db16b98be911920ee359d8997a3f662.jpg,day_sharp
CarLongPlate275_jpg.rf.b31526d21f48154e43d48ef037a29755.jpg,night_sharp
CarLongPlate353_jpg.rf.43fdaf6663a83f6420abbb4adf6efd85.jpg,day_sharp
xemayBigPlate186_jpg.rf.01c9dfb386e409e5876afad24d7fc241.jpg,day_sharp
CarLongPlateGen254_jpg.rf.dc70779c97e7a2bfdd70d71ea242daf9.jpg,day_sharp
CarLongPlateGen2708_jpg.rf.433fd3010ba5823db2f95cc7077ad3d5.jpg,day_sharp
CarLongPlateGen1985_jpg.rf.392dbb05091e606da2dd66cd8e21d38f.jpg,night_sharp
CarLongPlateGen826_jpg.rf.c933342e7cb6775ac90004a6c1a04b5a.jpg,night_sharp
CarLongPlateGen353_jpg.rf.5e41d149d4139a598b368868db711492.jpg,day_sharp
xemay2101_jpg.rf.79e0233b433b6955038b5fa8a83615d3.jpg,day_sharp
CarLongPlateGen844_jpg.rf.77a36e5ec73e3983a7609886397856da.jpg,day_sharp
CarLongPlateGen1372_jpg.rf.5b1a2d27aebc91a29a1d8d26d81d4481.jpg,night_sharp
xemay963_jpg.rf.8741bc54d68a2f0cf4d7d8a19288820f.jpg,day_sharp
CarLongPlate527_jpg.rf.dcf6f5959aeab5841452395e88ad58da.jpg,day_sharp
CarLongPlateGen2688_jpg.rf.8a9298889e6983d8be075c3a388710d7.jpg,day_sharp
rotatequandoi45_jpg.rf.58d3a167aaefb5dc13746bb1541e0a42.jpg,day_sharp
CarLongPlateGen1523_jpg.rf.f2ace1a9673f81bd5de2b7b921702794.jpg,night_sharp
CarLongPlateGen2558_jpg.rf.a6632ac977f9aeae38dd5c2b9b6fa5a0.jpg,day_sharp
xemay686_jpg.rf.5227c2bcd105be6c8f80603b9ce4f9d9.jpg,day_sharp
CarLongPlate765_jpg.rf.a51cce3d7c1947af975b4df1048d1ce0.jpg,day_sharp
CarLongPlateGen3638_jpg.rf.2e814eb2c386a16dae9799552cd54285.jpg,day_sharp
CarLongPlateGen621_jpg.rf.870bd87511cdfae69e630cdf24ea58d3.jpg,day_sharp
1649292507300_jpg.rf.4d4f04baf83b46786a6cb42573828f3b.jpg,day_sharp
xemayBigPlate83_jpg.rf.ae87bad4fa3024e80da0a89a441f4f57.jpg,day_sharp
CarLongPlateGen2755_jpg.rf.b4b38ab962bbafc06606daad29cb778a.jpg,night_sharp
brightnessquandoi51_jpg.rf.5433f32b98cfe13aac0d26b610d8a079.jpg,day_sharp
xemay509_jpg.rf.6d29f615486688264b0bf47796b1ad06.jpg,day_sharp
CarLongPlate902_jpg.rf.3783bba65edf8152bc321131c7424327.jpg,night_sharp
Can-20Texans-20use-20vowels-20and-20symbols-20on-20their-20l_jpg.rf.a3929cff0f3b5b134edde18d4cdce300.jpg,day_sharp
pic_775_jpg.rf.b10bb11f4b1e34c832d86b9089045538.jpg,night_sharp
CarLongPlateGen213_jpg.rf.76ebbeb8d8e5feea9c5be1382b52e7c3.jpg,day_sharp
xemay1347_jpg.rf.6e619bd1d414faa9c68b960a596a718e.jpg,day_sharp
quandoi24_jpg.rf.2da6be63c86d59ccae557977fb808eca.jpg,day_sharp
cropquandoi39_jpg.rf.92868cbe83223fb7c53f049a28ece21c.jpg,day_sharp
quandoi103_jpg.rf.4ab27655e8ff712bf4c3bfe61b8739cb.jpg,day_sharp
boderquandoi16_jpg.rf.af113284d2924f978c82e0c9e37c765d.jpg,day_sharp
xemay726_jpg.rf.03309851e9e733a147d129491aca8b0e.jpg,day_sharp
CarLongPlateGen2067_jpg.rf.5cb04b037473089349bf9e2295a241e0.jpg,night_sharp
CarLongPlateGen2123_jpg.rf.5d83ce770eb7afa976822d2fc85941a7.jpg,night_sharp
CarLongPlateGen2203_jpg.rf.78e7b0d7d6352bf192e67d1e9e8fa954.jpg,night_sharp
0023f6548005edf9_jpg.rf.0b03d2c9be833904abd02decf83abba6.jpg,day_sharp
xemay2429_jpg.rf.b4559cccafac9621662225c017c87d91.jpg,day_sharp
xemay947_jpg.rf.dfe603b96cd97ba49565150cba91f923.jpg,day_sharp
xemay1515_jpg.rf.43254ecaa4a97502ff09a196727facd4.jpg,day_sharp
xemay495_jpg.rf.c64cd573e10be414f61ff6271daf2937.jpg,day_sharp
CarLongPlateGen3266_jpg.rf.50b6cd51be32fb9a3c0156ff0bb731cd.jpg,night_sharp
027348743a9b8374_jpg.rf.6a6caf78d234846c541d4dcec89739f7.jpg,day_sharp
xemay1916_jpg.rf.446e5927e3a80881f71576fdc3e08116.jpg,day_sharp
CarLongPlateGen2639_jpg.rf.b8a7df1dc06a6a1aa4ede01dcd9c24c5.jpg,day_sharp
CarLongPlateGen496_jpg.rf.427b33df1fe94b32681515f397a4109c.jpg,day_sharp
CarLongPlate912_jpg.rf.399a6466c705c26d2bf693fd8c6bdb75.jpg,night_sharp
CarLongPlate631_jpg.rf.aac251c16ce39e712c432aae17fc50ef.jpg,day_sharp
IMG_7024-conv_jpeg_jpg.rf.310ed5dcd5e006de6b7c9712b9bc4394.jpg,day_sharp
Cars69_png_jpg.rf.e0e5c63cf7cca764fcd5ef758673f4d3.jpg,day_sharp
OUTSTDN_jpg.rf.1cebd92cf2bc099989078c8c1a2a1063.jpg,night_sharp
CarLongPlateGen1492_jpg.rf.2668213f06fe523b6d15254e591c6be9.jpg,day_sharp
CarLongPlateGen1303_jpg.rf.4fcf7635e5132703131550657363c70b.jpg,night_sharp
IMG_6990-conv_jpeg_jpg.rf.299ea95252e56881dc78ab34345d00d2.jpg,day_sharp
xemayBigPlate217_jpg.rf.e92f78231d1351a12368affe78071e40.jpg,day_sharp
CarLongPlateGen62_jpg.rf.71ca11872304d01ac6aa5277b9f49791.jpg,night_sharp
CarLongPlateGen2469_jpg.rf.cab52b73ab0e4c3fb277da68d443f9fe.jpg,day_sharp
CarLongPlateGen2182_jpg.rf.7730d6b5be7912bd6fea38f369e60979.jpg,night_sharp
27BN42_jpg.rf.b53fda95f131fe8c28704b579b5457a5.jpg,day_sharp
CarLongPlate143_jpg.rf.d0e6efea775927ef60f7d256262b2ff4.jpg,night_sharp
CarLongPlateGen3134_jpg.rf.f476913d5b2fcf8ba034fe2794d85c4e.jpg,night_sharp
CarLongPlateGen17_jpg.rf.ca8f3bef0a5ac9f1fdd132781dd1911a.jpg,night_sharp
CarLongPlate251_jpg.rf.e5d7c2bbbf21a4ce7c87851a24f4ce9d.jpg,day_sharp
38-placa-guerrero-92_jpg.rf.251b8fca6cf79dc94f5932d06f780e44.jpg,day_sharp
quandoi105_jpg.rf.843ee3dc196b433b9ac71445b8dfc8ed.jpg,day_sharp
xemay384_jpg.rf.1091065d55122fb46887f2f5a37f1f8a.jpg,day_sharp
pic_394_jpg.rf.f104eb0b45f73880893e361b75ae526f.jpg,night_blurry
pic_201_jpg.rf.3c5cdda74f498dd00aecc5658d120ffe.jpg,day_sharp
xemay1921_jpg.rf.edc153ec607b06d6e749a03199242dbd.jpg,day_sharp
xemay1657_jpg.rf.1a86ed68d153fea5ad5ff8a15f6db671.jpg,day_sharp
CarLongPlateGen1945_jpg.rf.f56e4562d083f6f5284f5b68d2cd9b90.jpg,night_sharp
CarLongPlateGen56_jpg.rf.fae42ae20f84ab179919d8aced4b6d80.jpg,night_sharp
WESEA115_jpg.rf.87782bb9d5bd965dc504361b1be1cc01.jpg,day_sharp
xemay874_jpg.rf.60fdb7d74a5b9037b14ea60b6632d2fc.jpg,day_sharp
CarLongPlateGen3171_jpg.rf.7675d37bc1209355d7693fd856222160.jpg,day_sharp
CarLongPlateGen1309_jpg.rf.a380f716387e5448d83105773ec8dca8.jpg,day_sharp
xemay804_jpg.rf.525fe742051ae7a9f70b5018ba47f939.jpg,day_sharp
pic_102_jpg.rf.563cf295a44a96e0e972c5a46f6fff5c.jpg,day_sharp
CarLongPlate374_jpg.rf.83b7a0dcbe24a10e39bb3ae46170be6e.jpg,day_sharp
pic_591_jpg.rf.61ec30023d26b8c6a668d54d9936a916.jpg,day_sharp
Car-20license-20plate-20canada-20hi-res-20stock-20photography-20a_jpg.rf.d744d58f4a27cc6c6f36576f29fae577.jpg,day_sharp
images17_jpg.rf.47fe46a4ea90964a12c589414a37f7c0.jpg,day_sharp
CarLongPlate144_jpg.rf.b14d666cc1341433eb89374c494df9bb.jpg,night_sharp
0025288e6192dc18_jpg.rf.83baa501c2f8082d94523c8af5895edb.jpg,day_blurry
images7_jpg.rf.41716f487d8008127e16180d4c380dd3.jpg,day_sharp
rotatequandoi74_jpg.rf.f635ac6c2e5896742c33f1c06e3762e4.jpg,night_sharp
CarLongPlateGen716_jpg.rf.25348a7e619d42057e311935b40d7c35.jpg,day_sharp
xemay2165_jpg.rf.adcc283ee73be88c4add3d01381105bf.jpg,day_sharp
pic_587_jpg.rf.9237e1f534c2913a2724e4e09d6c63a4.jpg,day_sharp
xemay1360_jpg.rf.d0333ae742c43eb47ef2c54b56a143fb.jpg,day_sharp
CarLongPlate663_jpg.rf.0c3c92288b3b8082aebdaeaeb609bea4.jpg,day_sharp
CarLongPlate861_jpg.rf.4cf42e01f6bd8d48c924ba0b6e6ecf20.jpg,day_sharp
CarLongPlateGen2963_jpg.rf.00c1be159796cbe78a25fd5821d3291f.jpg,night_sharp
CarLongPlateGen2433_jpg.rf.e93cc836f65147f765f1cce4704fb8c3.jpg,night_sharp
xemay88_jpg.rf.361cd164cf8f38baa9018438f3166cd2.jpg,day_sharp
CarLongPlateGen241_jpg.rf.e0530e02936d21f445bb57154e8deaf2.jpg,night_sharp
pic_426_JPG_jpg.rf.3b6ad3208ece3e055e4dbaa0c817a6a4.jpg,night_sharp
CarLongPlateGen1137_jpg.rf.40dc113fddcf84551e586bd908764ee7.jpg,night_sharp
boderquandoi80_jpg.rf.a499adfdba04350ccff9a9648d7c1fc2.jpg,night_sharp
IMG_7055-conv_jpeg_jpg.rf.1525c0b04c13ba45bf740fd1faa8438f.jpg,day_sharp
boderquandoi38_jpg.rf.b12c37890317d04433eb93d16212d749.jpg,night_sharp
xemay1116_jpg.rf.213aea1778e34d4e245452f74e81b8f4.jpg,day_sharp
CarLongPlateGen1452_jpg.rf.6f64b7fdc72ced8b15ed472dce7d31ff.jpg,day_sharp
xemay1514_jpg.rf.7d8ff2360e7c16890abe8b842bac31b4.jpg,day_sharp
xemay370_jpg.rf.7d9d85212cc3aad1d426af2346ca498a.jpg,day_sharp
CarLongPlateGen3750_jpg.rf.1743aa3cdcdb49614f7ebb772e7eea1f.jpg,night_sharp
CarLongPlateGen2908_jpg.rf.e5c99e9f73a33a325d388cb3706bdaa7.jpg,day_sharp
rotatequandoi1_jpg.rf.dfc2cf54b26b4bf02dfbb7e8557c52bf.jpg,day_sharp
CarLongPlateGen3136_jpg.rf.96d1f2199f5cb8eaf3f9be937f94fdf7.jpg,night_sharp
xemay1587_jpg.rf.a2f70e84d40e33ab6a7b10043d7350a6.jpg,day_sharp
CarLongPlateGen1665_jpg.rf.1be53fdf0a3b16c85d467641f5c932c2.jpg,day_sharp
CarLongPlate49_jpg.rf.dafafde71ab62c2720ccbf90fcf5137c.jpg,night_sharp
CarLongPlateGen3464_jpg.rf.43196d4b4a7deb54dbbc8851e2a094c0.jpg,night_sharp
xemay1056_jpg.rf.af7c421aac5e2e11628d5bf04e99c3a9.jpg,day_sharp
CarLongPlateGen1352_jpg.rf.2ae0a19afcffcae7e6031048e3a10efe.jpg,night_sharp
cropquandoi86_jpg.rf.a04fa737b72e7e360eb81bb4224b5740.jpg,day_sharp
CarLongPlateGen181_jpg.rf.c820ffa503cad688c1e8a8f24c818fea.jpg,day_sharp
CarLongPlateGen2004_jpg.rf.0433d7e8a595def37dd447a07cf29a8e.jpg,night_sharp
CarLongPlateGen1898_jpg.rf.6bee302cbd14ca53c79aabbcbdabfed1.jpg,night_sharp
xemay2345_jpg.rf.fc0fe6d7f6738150a4c0093d65b85903.jpg,day_sharp
CarLongPlateGen1767_jpg.rf.1bf8c7522cca29ff85778d80f7daff5a.jpg,night_sharp
xemayBigPlate136_jpg.rf.754d34a16db1588b5b79e2251977c4c2.jpg,day_sharp
Cars124_png_jpg.rf.4c0cec7d03c0f8d7230a99228effaf75.jpg,day_sharp
CarLongPlateGen761_jpg.rf.16214e37b6b3a30e12663687c1130ee1.jpg,night_sharp
CarLongPlateGen2485_jpg.rf.192454c9cb54a6aaf3a0e040791d7082.jpg,night_sharp
0005ea10e0e14db1_jpg.rf.ec1d8302f42a1c38b320dfe86bbee792.jpg,day_sharp
IMG_7061-conv_jpeg_jpg.rf.784d2f23bd747305b19eea1908dd6663.jpg,day_sharp
CarLongPlateGen253_jpg.rf.6053902cc3ef57fe968a37e02cd77b2a.jpg,day_sharp
CarLongPlateGen2783_jpg.rf.158acdb0fa3a977f86d161c412a820a4.jpg,night_sharp
xemay1416_jpg.rf.d9e5a8082bfcee9b6819b844501f9f49.jpg,day_sharp
CarLongPlateGen3542_jpg.rf.e55726afeeb6533f078f831c8c11d596.jpg,day_sharp
xemayBigPlate121_jpg.rf.3014e9ebe64ffd4266a5d5442cfc0ed1.jpg,day_sharp
xemay194_jpg.rf.bd80d72f11b1f4e2839d9ee8296b5709.jpg,day_sharp
CarLongPlateGen44_jpg.rf.8dd9d030693839758989a1d702213f63.jpg,night_sharp
CarLongPlateGen3696_jpg.rf.47e6122c67ffdb5e87e620b3146568a7.jpg,day_sharp
image7_jpeg_jpg.rf.39b00ab0a66ac94d464d1c930beaac42.jpg,day_sharp
CarLongPlateGen2455_jpg.rf.90f69fd7d2360726c979c14bd981c9fb.jpg,night_sharp
CarLongPlate344_jpg.rf.39a995ff778bd49064a1a4ac2f5b9341.jpg,day_sharp
CarLongPlateGen547_jpg.rf.2ecd1335694b1aa8ab03a25e89837bc9.jpg,day_sharp
CarLongPlateGen762_jpg.rf.847d813ae5de619ce41f1f8dc320bcc0.jpg,day_sharp
CarLongPlateGen2980_jpg.rf.99f2b41fdd58e57aebd0dfd2ad0295e4.jpg,day_sharp
pic_353_jpg.rf.23d979c82400e3fa674d70b338579fc2.jpg,day_sharp
CarLongPlate5_jpg.rf.536f9273d89822084260304c4e5001b1.jpg,night_sharp
pic_302_jpg.rf.c3ad1fa2e5f445115676814131c686f4.jpg,day_sharp
CarLongPlate832_jpg.rf.efe178b266c03c76d64337946b9162b5.jpg,night_sharp
xemay2069_jpg.rf.2ca9ae90f31f9b6ae414585f3b88be52.jpg,day_sharp
CarLongPlate541_jpg.rf.9cf30828c173376593c0e07b2e21f0f6.jpg,day_sharp
CarLongPlateGen3098_jpg.rf.f19db5ec6f8574b810da78bc09a8c9e1.jpg,night_sharp
CarLongPlateGen1146_jpg.rf.5ddf71ddd0f5bf4dbd942d69caab1a4a.jpg,day_sharp
CarLongPlateGen667_jpg.rf.671888209036a7be8be277bfb82e05d7.jpg,day_sharp
xemay670_jpg.rf.32334ba4d2787a1e339883fa98a32f3e.jpg,day_sharp
xemay400_jpg.rf.92b898fdf1fd2ccbe094dfa69f0ee94d.jpg,day_sharp
CarLongPlateGen2262_jpg.rf.f6926c4de4f04efefae479c0e5e0889f.jpg,day_sharp
CarLongPlateGen2444_jpg.rf.67f2b5b3197f6e5c93d397c181d3f456.jpg,night_sharp
xemay736_jpg.rf.6144c9420215d860c6b23e780a48a1af.jpg,day_sharp
CarLongPlate243_jpg.rf.bee63a93a077d0a69c7242902213f051.jpg,night_sharp
CarLongPlate11_jpg.rf.7569ba716b826ce35fe589f8728775b6.jpg,night_sharp
xemay1057_jpg.rf.d71ea65153c84538bfc6751e18fd9b6d.jpg,day_sharp
5904a926-87f0-4240-9283-dbe20832dded_jpeg_jpg.rf.94c5eb0ba3456ba20393f5bf9f5ed3e6.jpg,day_sharp
WhatsApp-Image-2022-04-04-at-2-25-06-PM-1-_jpeg_jpg.rf.d12785df7a02575166a30918efeb3a49.jpg,night_blurry
CarLongPlateGen1869_jpg.rf.acb8542849e31f9e3a587cfe6c5a31da.jpg,night_sharp
xemay465_jpg.rf.587fd6237c2e0345783b35178f7e13ac.jpg,day_sharp
xemay2449_jpg.rf.da2070551ad5cb39d1245c40e969ba97.jpg,day_sharp
brightnessngoaigiao10_jpg.rf.b9e618548d7489fbd4c16e9423195638.jpg,night_sharp
boderquandoi57_jpg.rf.be6eaa72b8c7c88947262fb979dc3292.jpg,day_sharp
CarLongPlateGen531_jpg.rf.2c108929e4ca3dc392e286f8a158ddae.jpg,day_sharp
xemay155_jpg.rf.23f0919b94e3835d1c33fb0360eaaae7.jpg,day_sharp
xemay570_jpg.rf.f47ab33b8d1925d40158512b6bb7bb9c.jpg,day_sharp
xemayBigPlate13_jpg.rf.aeba73d8bfac98ac25e45ef89c046a4e.jpg,day_sharp
xemay1438_jpg.rf.b987920238beffdafd267a69c04ce172.jpg,day_sharp
CarLongPlateGen2665_jpg.rf.09cca7232736311f916c42ad29d24a85.jpg,day_sharp
xemay408_jpg.rf.63e8080999dd55f94e7baa493a55c9b1.jpg,day_sharp
rotatequandoi31_jpg.rf.30daadee5d49175f08a9b0a24a4a6104.jpg,day_sharp
xemay1285_jpg.rf.e79189e8768f5ed5d0f581139d3a3c48.jpg,day_sharp
CarLongPlateGen744_jpg.rf.3c87e06e9e8d85e85453eed761eb31fb.jpg,day_sharp
CarLongPlateGen1742_jpg.rf.20c92a53d349c8c57e628504add2f83c.jpg,day_sharp
xemay1995_jpg.rf.3b3c7d9495a205e4928abe08b18668f9.jpg,day_sharp
xemay1540_jpg.rf.a291b49cf6465a2a34ac8917a5d95e67.jpg,day_sharp
Cars343_png_jpg.rf.5e814d3da0d28ca61b69c4ae04d16b8f.jpg,day_sharp
CarLongPlateGen3879_jpg.rf.2519edd7061c4a8b0c98e3239317b9cf.jpg,day_sharp
xemay208_jpg.rf.e6565073eb6db4fef864ca6b3d8dbe6e.jpg,day_sharp
images21_jpg.rf.20c0bd361505895557ff553b435dd668.jpg,night_sharp
xemay1711_jpg.rf.04973cc909072bb38f3173d443a5ef10.jpg,day_sharp
xemay2391_jpg.rf.158969931160be272a46d2f76d623fe0.jpg,day_sharp
brightnessquandoi2_jpg.rf.0e4ea7856e9e5ec3480a7eaf6f5b6b05.jpg,day_sharp
CarLongPlate940_jpg.rf.927e50a07226fb4ebe0a52a7dda43a79.jpg,night_sharp
cropquandoi61_jpg.rf.d204d154c5b4d9d7bf99f95dbb480bd2.jpg,day_sharp
CarLongPlateGen924_jpg.rf.3de6198185a8bd34b85d0b7fd4ef8b27.jpg,day_sharp
xemayBigPlate164_jpg.rf.bbc7cd1b4684b2a0939ec0cc668b3ff0.jpg,day_sharp
CarLongPlateGen234_jpg.rf.c3b920aa4596445d37da3334be51ae32.jpg,day_sharp
Cars195_png_jpg.rf.9cffa5a5d36d01d754945a3597649624.jpg,day_sharp
CarLongPlateGen1102_jpg.rf.de5264648d60378e067a8d5dbe710d8a.jpg,night_sharp
xemay1298_jpg.rf.2383f65bdd99c71edd6aa82d377d9e60.jpg,day_sharp
CarLongPlate376_jpg.rf.08fcf5bd2050a1b1ade400035268d1d1.jpg,day_sharp
xemay392_jpg.rf.8833b8e66dd9cfe09201ef37df63f0af.jpg,day_sharp
CarLongPlateGen1859_jpg.rf.34d8b34569426b64bdbbd6a5cb3fd749.jpg,day_sharp
xemay1251_jpg.rf.d86957b6cd88af09ae0ba9649f975d87.jpg,day_sharp
CarLongPlateGen1894_jpg.rf.6751f1098bd88e9726ff1d01b155670f.jpg,day_sharp
xemay410_jpg.rf.bb9d229947603ba6232e2498ffbb3935.jpg,day_sharp
pic_366_jpg.rf.95aca711a241bc9985857b554d6e8002.jpg,day_sharp
CarLongPlateGen1281_jpg.rf.965b9316de80d7779f6865a2595fec4c.jpg,day_sharp
brightnessquandoi13_jpg.rf.a1548afee554e5ba01576db616d9637e.jpg,day_sharp
CarLongPlateGen2368_jpg.rf.0934b434800dc3f704426d62f7fec1d6.jpg,night_sharp
quandoi19_jpg.rf.510175ee29b464b0f7f63f8836e25e3b.jpg,day_sharp
xemay1093_jpg.rf.c32f5ebca0efc6003aacda1b25e692ed.jpg,day_sharp
CarLongPlateGen2670_jpg.rf.645e4d73939e933d4ec55eba86db664a.jpg,night_sharp
36-s-l400_jpg.rf.ea55dc9b85a62dcde80c6215fd03ac17.jpg,day_sharp
CarLongPlateGen2452_jpg.rf.7e838f14ae5b9feb2f8b6b8590712d3b.jpg,day_sharp
xemay732_jpg.rf.6f41d4a1c1f86c7ad494812e32e13c22.jpg,day_sharp
xemay321_jpg.rf.76aaa837f590c88bf0ee2da0f6a36b15.jpg,day_sharp
CarLongPlateGen256_jpg.rf.0637b41ac6f09baee93c060110b7d207.jpg,day_sharp
CarLongPlate951_jpg.rf.7d3ed319fa885d7e6d440d3b180602d8.jpg,night_sharp
xemay1507_jpg.rf.7cc1d5b135039a4bbf54267d5e6f7913.jpg,day_sharp
xemay8_jpg.rf.de67e5fef399dc182aa10196322d69a4.jpg,day_sharp
CarLongPlateGen1693_jpg.rf.eafc4ce0717cf9148cc7492be40270c5.jpg,night_sharp
xemay654_jpg.rf.7d049fae59fb2d96969899052f3c6ccb.jpg,day_sharp
CarLongPlate255_jpg.rf.738838386195f9c42785ebef4ff7d72f.jpg,day_sharp
Digital-20License-20Plates-20Roll-20Out-20In-20California-20__yyt_jpg.rf.de91d3b7740cbabc862e6a2b6a911930.jpg,night_sharp
CarLongPlateGen462_jpg.rf.b60717a25d944cf3a919b6979a095289.jpg,day_sharp
CarLongPlateGen407_jpg.rf.e6af6eba9dc629f2adbd8e7379edebfd.jpg,day_sharp
WhatsApp-Image-2022-04-04-at-2-25-10-PM_jpeg_jpg.rf.13975694a566c4e0326f1191532887f2.jpg,night_sharp
016782dc5cdbd0ce_jpg.rf.51b0ea9b37a5766c1239cbc03c7ba5eb.jpg,day_sharp
xemayBigPlate229_jpg.rf.a2f650ea83cda2f1f0049f1bec5d9bd0.jpg,day_sharp
CarLongPlateGen3463_jpg.rf.a4a437fac119ef75efe6ae9beec2cdf6.jpg,night_sharp
CarLongPlateGen1701_jpg.rf.0e710636aaf90bf3f8a902f597a39bd8.jpg,night_sharp
Temporary-License-Plate-on-vehicle-1_jpg.rf.9c8808b1910362978a276024228ee82c.jpg,day_sharp
pic_413_jpg.rf.cd4146e0828d128b9fd9245a4c9f038f.jpg,day_sharp
CarLongPlateGen848_jpg.rf.98af0b0ea473a5c94406dfb8792622f7.jpg,night_sharp
CarLongPlateGen92_jpg.rf.82f674f79ce6d4cfd340cf05027592bb.jpg,night_sharp
xemay1973_jpg.rf.321b8e00867f913cc1eaf5a5f69f2e73.jpg,day_sharp
xemay102_jpg.rf.8832ff71e6fed6b0ff92c730762c8548.jpg,day_sharp
CarLongPlateGen946_jpg.rf.288c5f3e1aeefbff6bd63c7c9e259d6e.jpg,night_sharp
xemay2126_jpg.rf.ed75af1ee904158677c319ed04b980db.jpg,day_sharp
xemay65_jpg.rf.3f3814f63562aa2283fd3d8d27876f97.jpg,day_sharp
image9_jpeg_jpg.rf.a303a74d468a6cf29ab338d1a4ccd649.jpg,day_sharp
CarLongPlateGen2243_jpg.rf.0eb835e2a4d2e951c3607ae4ed0fd03f.jpg,night_sharp
CarLongPlateGen3420_jpg.rf.13cd273c2f0e97f1c847e83028c5c8e6.jpg,day_sharp
CarLongPlateGen718_jpg.rf.8da37da314b7e7423eaf3946312097c4.jpg,day_sharp
Car-20License-20Plate-20Detection-20_-20Kaggle-20-1-_jpg.rf.320c6307a4d1997dcb39821d738de540.jpg,night_sharp
CarLongPlateGen2164_jpg.rf.3cc527050633d1ddd41dde9ec61a2933.jpg,night_sharp
CarLongPlateGen3653_jpg.rf.bf210c6c67a41a9c85a3199ac817caff.jpg,night_sharp
xemay590_jpg.rf.2d291ac17f9fd1eeca5683d274511ef5.jpg,day_sharp
CarLongPlateGen1926_jpg.rf.d0e1e404738801669fe5eba3fb11de4e.jpg,night_sharp
xemay1095_jpg.rf.1222e05d786a0d8a75a93490bb3c6d9f.jpg,day_sharp
005932632ad92371_jpg.rf.4e5eae389fa21fc52c037996ad2173cb.jpg,day_sharp
pic_641_jpg.rf.b26f155baaf1dd1655e80ae17ec81190.jpg,day_sharp
CarLongPlateGen1725_jpg.rf.ea30d4b38652654d142cd97142f26f06.jpg,night_sharp
xemay1856_jpg.rf.693b3c35a263dd447dd2bf66efb439ad.jpg,day_sharp
xemay1850_jpg.rf.a89277812aac9136da653af67d7e3df9.jpg,day_sharp
cropquandoi78_jpg.rf.cbe7c8fcb01f144860c4872c9f96f716.jpg,day_sharp
CarLongPlate780_jpg.rf.796ab9658425960ecb9d02d7ffd442a1.jpg,day_sharp
pic_321_jpg.rf.00eab9e7f7a1a240ffa5f7433be8d97a.jpg,day_sharp
cropquandoi16_jpg.rf.578e9a385c9ad3ed512c902c1a3b3347.jpg,day_sharp
CarLongPlateGen1923_jpg.rf.cda02c788678d4a8d1f2886dd3dab76e.jpg,day_sharp
Cars208_png_jpg.rf.cf9d57ade78d043945cf7a861d150dc8.jpg,day_sharp
xemay2379_jpg.rf.1fa5890bb68f491bc4a0b4c37627196c.jpg,day_sharp
CarLongPlate355_jpg.rf.bc68ed2b4c23f1cf67db7d18e55efb32.jpg,day_sharp
CarLongPlateGen2190_jpg.rf.636883d951780abef829671bf553ee29.jpg,night_sharp
pic_086_jpg.rf.d808bc6d782fca171b1136d24ea9cac4.jpg,night_sharp
xemay2424_jpg.rf.265915c8bc182f07a9667df771d2803b.jpg,day_sharp
CarLongPlateGen2090_jpg.rf.78ff8b8e4e74115829b850236d3e6f2a.jpg,day_sharp
CarLongPlateGen2060_jpg.rf.4247f0afb9fc7b937bec0f7248b11973.jpg,day_sharp
xemay566_jpg.rf.26d5a3f0d7acce3409ab6be418581f16.jpg,day_sharp
CarLongPlateGen3174_jpg.rf.2c3b51d7a27a80098da446546fe934da.jpg,day_sharp
boderquandoi13_jpg.rf.5600859743480fe2f3dec6e75f708a85.jpg,day_sharp
CarLongPlateGen1283_jpg.rf.6d1f01eeada7c6c5c38ccafee4cb3c78.jpg,day_sharp
CarLongPlateGen1706_jpg.rf.207e2f86cb9a9b88e0f2d7b53f386679.jpg,night_sharp
CarLongPlateGen3328_jpg.rf.f6fd91a286c3d54a9c453d70734495f2.jpg,night_sharp
CarLongPlateGen3050_jpg.rf.da54422b3bee12c99052c13833de49ff.jpg,day_sharp
CarLongPlate204_jpg.rf.488951c1e4560d83465c08469538b83c.jpg,day_sharp
CarLongPlateGen2205_jpg.rf.e7fb0f8d55e7bc81916a8e246b5c916c.jpg,night_sharp
xemayBigPlate176_jpg.rf.a95d5e9bf81f660c3e1720e91e759d95.jpg,day_sharp
CarLongPlateGen2593_jpg.rf.d90d7e24d4504ef5cb407c9baad5ed7f.jpg,day_sharp
CarLongPlateGen3792_jpg.rf.ef0f04179f17044f2b6780cc8a00a78d.jpg,night_sharp
xemay1669_jpg.rf.9e3cd7a505b20d1fc8b964d222ae9571.jpg,day_sharp
xemay2390_jpg.rf.956c2dfbce82b0dbf6a5bca958887776.jpg,day_sharp
CarLongPlateGen985_jpg.rf.14cfd3864fb128ea5fbb2d59b59ada9d.jpg,day_sharp
00541a1a33358591_jpg.rf.ee7eb2448336f5e2ccdfe33156d660df.jpg,night_blurry
xemay62_jpg.rf.bf11fa4028afac60c6df01c208c377c9.jpg,day_sharp
xemay730_jpg.rf.147ba63389562099408ff4e658285a08.jpg,day_sharp
CarLongPlateGen3856_jpg.rf.93f5eced3448b402fda21998d88d7535.jpg,day_sharp
CarLongPlateGen3142_jpg.rf.e8238b0be31639e2614a7c0aa678e8e8.jpg,day_sharp
CarLongPlateGen2727_jpg.rf.3fb26bb82d16ad7f6d1cbbb56c625fd5.jpg,night_sharp
CarLongPlate533_jpg.rf.1ecffa3f905133fa61b19e8c024093ad.jpg,night_sharp
xemay227_jpg.rf.ea42b39e82af663e638032fd0f4ba6a7.jpg,day_sharp
Cars338_png_jpg.rf.64bcab28b61aaabf94104ea3b8ccf3b2.jpg,day_sharp
brightnessquandoi56_jpg.rf.0789692c53889e7effaee51b1a807521.jpg,day_sharp
xemay1760_jpg.rf.231cb90c2a71d6d645f1b95b4e2c64c8.jpg,day_sharp
CarLongPlate303_jpg.rf.ad19618f4f48ca895ff5e35b9879f7d8.jpg,day_sharp
xemay20_jpg.rf.ca1b4e316ad8a5b1b2c70e4ec2f07054.jpg,day_sharp
xemay964_jpg.rf.20767ac886c0fd7d970e750c777e91ae.jpg,day_sharp
22-Placfa-extraviada_jpg.rf.48f8510e7fb23aa04009da3a762597f6.jpg,day_blurry
CarLongPlateGen1651_jpg.rf.038e8fc5da64bd91bb71a18457bdc05c.jpg,day_sharp
xemay46_jpg.rf.db1989b74208575667c8fb155ba64d98.jpg,day_sharp
CarLongPlateGen1319_jpg.rf.4ae4e8f7074965674404a9cc28a56378.jpg,day_sharp
Cars126_png_jpg.rf.0dacddcfb7c1b0ef9ac9238615a93a64.jpg,night_sharp
CarLongPlateGen1676_jpg.rf.0ea3e218f28152dd2b521cef36f1c390.jpg,day_sharp
rotatequandoi100_jpg.rf.e54ed37de2029243910268fc10a51571.jpg,day_sharp
xemayBigPlate35_jpg.rf.21e47dd6a4cc7ae5ffebe7bd35111749.jpg,day_sharp
CarLongPlateGen641_jpg.rf.c403f2d7036e8ceedb7473ab2818e0e8.jpg,day_sharp
007909bbfb014a75_jpg.rf.a67915467783b14d135e96bcae97dd82.jpg,night_sharp
CarLongPlateGen862_jpg.rf.12dc016552689f954edb63f4db679163.jpg,day_sharp
CarLongPlateGen19_jpg.rf.0af45b529fdd854c21eb23a93c8d9dcd.jpg,day_sharp
032f4b5835e125fe_jpg.rf.652b8dfb6083eb2ab815720f373a942e.jpg,day_sharp
CarLongPlate197_jpg.rf.ae1d1a583179d22367810f76c2872da7.jpg,day_sharp
CarLongPlateGen943_jpg.rf.aa3a65b77c7c38ba8c44067e30ecf28f.jpg,day_sharp
CarLongPlateGen2334_jpg.rf.97257db8c387b914b545bba1d0a6e80c.jpg,night_sharp
HF3461_jpg.rf.ef8cef2f6704910ef549edea619d5674.jpg,day_sharp
CarLongPlate641_jpg.rf.303072da7d7b4d9302ab1b0826f4961f.jpg,night_sharp
00438dad193f0c28_jpg.rf.f26baac84052020f862ccd91267d73c2.jpg,day_sharp
xemay711_jpg.rf.85ce0e254d1f0d3825e82270492deec7.jpg,day_sharp
CarLongPlateGen1957_jpg.rf.c0532a3d620367845bf15501e2b36cfd.jpg,night_sharp
CarLongPlateGen1124_jpg.rf.c2d90dbac2ca0e8a8cae03af9707eaf0.jpg,night_sharp
CarLongPlateGen159_jpg.rf.276f405e7d21e802e8efd7346df9978b.jpg,day_sharp
CarLongPlateGen0_jpg.rf.73a873744466836f8fae4f80c47edaf0.jpg,night_sharp
xemay1054_jpg.rf.0b193317e0dc06b81e3e52b1136e901a.jpg,day_sharp
xemayBigPlate226_jpg.rf.5459d3c60b57a27eb5d6649919980c9d.jpg,day_sharp
xemay480_jpg.rf.57cfb1ee13ccdd1052396c7f07e2855d.jpg,day_sharp
xemayBigPlate116_jpg.rf.f144422cf0f4931215ef139c43cff960.jpg,day_sharp
CarLongPlate620_jpg.rf.24595f6f159b79149f6cdfdcbd9df210.jpg,day_sharp
CarLongPlateGen2981_jpg.rf.3d06e0d7942f1c24562c612eda0db698.jpg,night_sharp
CarLongPlateGen1606_jpg.rf.5e69b0279924754aaa7d26bfea8a568b.jpg,night_sharp
CarLongPlateGen2702_jpg.rf.f721da38bb8b492c15434e93a3a49114.jpg,night_sharp
CarLongPlate249_jpg.rf.923a28c7eec198762d61cc80abb87fa5.jpg,night_sharp
CarLongPlateGen2029_jpg.rf.157b41bf8c6980a647aaf9ec6143e534.jpg,night_sharp
Cars121_png_jpg.rf.3bf9f0ee0a26dd699fb2d60f008c2f31.jpg,night_sharp
xemay1337_jpg.rf.de59da1d960192dca78c8b54fae1f7c6.jpg,day_sharp
xemay1885_jpg.rf.46ac87935843a61c7b1fd08f769b861e.jpg,day_sharp
CarLongPlateGen2720_jpg.rf.ea4ea6f3042c852a1e40c8c881caa49b.jpg,night_sharp
xemay1253_jpg.rf.6a8927aa8335bcd381c96a218e214589.jpg,day_sharp
xemay51_jpg.rf.60d0ff8fb6fc408159d46fe43ffbbb7e.jpg,day_sharp
CarLongPlateGen1045_jpg.rf.f360e3d224fabca28b054afa76859ebc.jpg,night_sharp
CarLongPlateGen3157_jpg.rf.89eae83d7b39b8fa1e42436e626625e5.jpg,night_sharp
CarLongPlate205_jpg.rf.2aa3c359df2866d4b6a1a1e531eacc5a.jpg,day_sharp
CarLongPlateGen2655_jpg.rf.89cf3a2ee6db6bba29c94dbc7b557f9f.jpg,night_sharp
IMG_7074-conv_jpeg_jpg.rf.45951c357f418f705197f6ab908c386b.jpg,day_sharp
CarLongPlateGen3175_jpg.rf.6cd76bb8e5df839c4217a72e38459610.jpg,day_sharp
xemay1654_jpg.rf.3364e177616d34249f0f5a763be65c94.jpg,day_sharp
xemay143_jpg.rf.038721169b789fa2452e756e4c428b62.jpg,day_sharp
CarLongPlate300_jpg.rf.0ea61d00208905078427ab548bcaa717.jpg,night_sharp
CarLongPlateGen704_jpg.rf.6f3456e69df05b8773967f0f460583d0.jpg,night_sharp
CarLongPlateGen929_jpg.rf.d5980e873b603ef86f32733dab60cf1f.jpg,day_sharp
xemay2164_jpg.rf.3f51efefa188470038a79b4cc06ce6e9.jpg,day_sharp
89-08_jpg.rf.2a6506329b3f5fff6b86267d3a2b0a2b.jpg,day_sharp
CarLongPlateGen2813_jpg.rf.5d93e7c0a227eec2b9d7b51e3a6be812.jpg,day_sharp
CarLongPlateGen1569_jpg.rf.d4be5bbc7f9b7e5ecbda6451f623f50e.jpg,day_sharp
CarLongPlateGen2496_jpg.rf.93733d7f67388f24199894d77aa8d7c2.jpg,night_sharp
CarLongPlateGen3159_jpg.rf.189126e60357c599b5d46c80df4826a0.jpg,day_sharp
xemayBigPlate193_jpg.rf.85911c4a3893bc15c416598b99db6002.jpg,day_sharp
xemay684_jpg.rf.1ef3c15a9b4f8c0239a242f42e7672e9.jpg,day_sharp
Cars70_png_jpg.rf.f389c26344dcd9517580e9bb2f01c5da.jpg,night_sharp
Cars292_png_jpg.rf.74c8e4b89f5132e7be4cc07dce7f5862.jpg,day_sharp
CarLongPlateGen843_jpg.rf.c2eac6d44313bcf3a65859fcb8ea77c0.jpg,day_sharp
xemay1820_jpg.rf.e1c13dbabb599a82909b5daa6304fa7c.jpg,day_sharp
Cars237_png_jpg.rf.c523e81989ff46581ecd9b98691f6b52.jpg,day_sharp
xemay313_jpg.rf.47c49c23856cae3dbfe8f9f329d6c165.jpg,day_sharp
CarLongPlateGen1344_jpg.rf.22fbb11d729b6b96688ce9093931d687.jpg,night_sharp
CarLongPlateGen3494_jpg.rf.912b14f6f4a047d8d4a5ea958bc7cf76.jpg,day_sharp
pic_055_jpg.rf.43a08af34fc02cfc0983aad9aceac7be.jpg,night_sharp
CarLongPlateGen1259_jpg.rf.0468449da2f95e0686c38b1c81466577.jpg,night_sharp
CarLongPlateGen3126_jpg.rf.93794e8efa785690065b4481954cf9e9.jpg,night_sharp
CarLongPlateGen206_jpg.rf.660f88725e61534229153408ac729f94.jpg,day_sharp
CarLongPlateGen1844_jpg.rf.f4ef99fc4d2ad19c2ce49929b0fa3a07.jpg,day_sharp
pic_474_jpg.rf.50c5f3ef812b0e8ce22ea2d48cdf9443.jpg,day_sharp
CarLongPlateGen2062_jpg.rf.c24ecdd0bd8619a1971d053448ec935f.jpg,night_sharp
Cars103_png_jpg.rf.7c0997d268a9830198a228d5bb9976eb.jpg,day_sharp
CarLongPlateGen1871_jpg.rf.88e6a51e3c8d28151e923b79b5fa70c7.jpg,day_sharp
CarLongPlateGen2890_jpg.rf.e337465e389bc60ef3243b116474f818.jpg,day_sharp
CarLongPlate975_jpg.rf.123045e778b3eef3f23723437512efb2.jpg,night_sharp
CarLongPlateGen3499_jpg.rf.44967601cf4da4fa577ed082c34eaeeb.jpg,night_sharp
Cars149_png_jpg.rf.14e97f2031c85e9fde638ec7e1592249.jpg,day_sharp
xemay1877_jpg.rf.bc349ab02cdbc0d7646cc82aa8e76f3e.jpg,day_sharp
CarLongPlateGen1081_jpg.rf.98ca6dc92bc2f4c7070e29f3767ca4ca.jpg,night_sharp
xemay183_jpg.rf.665cbb6cdaf1475ec413c956e4e5fb57.jpg,day_sharp
xemay674_jpg.rf.191dcac96df32311d2d0ac61ab4a5c43.jpg,day_sharp
xemay173_jpg.rf.b947caf4c0270c600de62ea8a1dec4d3.jpg,day_sharp
xemay2057_jpg.rf.bfc35914509a4f1501289cc55b7fc687.jpg,day_sharp
CarLongPlateGen793_jpg.rf.0998bbf45727409adff68f0460b0cc3e.jpg,day_sharp
85-California_license_plate_Anarchist_jpg.rf.c0470eb1295049ae70667e6987ee0c5b.jpg,night_sharp
CarLongPlateGen3252_jpg.rf.39997b5ba608b39332e6effee4ee0bd2.jpg,day_sharp
CarLongPlateGen592_jpg.rf.6fab49b662922448b335c12931fd2da6.jpg,night_sharp
Car-20License-20Plate-20Detection-20_-20Kaggle_jpg.rf.fad232341a17a372df76f1d860014255.jpg,night_sharp
cropquandoi22_jpg.rf.f638c00182f0d923ea68d32c322d6c25.jpg,day_sharp
quandoi47_jpg.rf.9b58691d54240845e0046d877225be01.jpg,day_sharp
CarLongPlateGen771_jpg.rf.2c0b5c023fbeaad11f7491e8c9301db7.jpg,night_sharp
xemay1747_jpg.rf.ab5d18a8303aba0ac400821837886d33.jpg,day_sharp
CarLongPlateGen1535_jpg.rf.d5978b6554b39bddd830a3827af8ca26.jpg,day_sharp
pic_018_jpg.rf.9f1d8b1ec4747071361c4a55608fdb04.jpg,night_sharp
CarLongPlate796_jpg.rf.7fd10df24aadb9d59f068a24cf80a9c1.jpg,day_sharp
xemayBigPlate100_jpg.rf.c585c90cfaf5cef15ef3c323c3f4c5b5.jpg,day_sharp
CarLongPlateGen2069_jpg.rf.ea95461372d21c94b9f5739f7389bafd.jpg,night_sharp
B87GLA_jpg.rf.37f5c455425e49dfe2b061e58cafa3ec.jpg,day_sharp
CarLongPlateGen3864_jpg.rf.19300b1bb8aa49486d48e25e5711391b.jpg,night_sharp
quandoi8_jpg.rf.4bccf1cfee572cc0742d4d94baa2d0da.jpg,day_sharp
IMG_7096-conv_jpeg_jpg.rf.440b7b568a8498dc9accf96a695719ab.jpg,day_sharp
xemay2342_jpg.rf.a9976bfde03e4c24e071770806864a96.jpg,day_sharp
CarLongPlateGen2744_jpg.rf.6c9386038b1936f863d3d86012598284.jpg,night_sharp
CarLongPlateGen1324_jpg.rf.7c9ad2f7f77e927d43563fe769e12c0f.jpg,day_sharp
pic_189_jpg.rf.6ac9710071136a0a87b5f97353a97f08.jpg,night_sharp
CarLongPlateGen1273_jpg.rf.51f4cd5d90d5667021ebcbb3435a23b3.jpg,night_sharp
brightnessquandoi53_jpg.rf.66ca54dd18e58c486ac89e8b8234eae7.jpg,day_sharp
002fbf2de58da8b5_jpg.rf.6021b76474b807a1bfcd25a509d5388d.jpg,night_sharp
cropquandoi85_jpg.rf.8fd9515c6bdda8e3b9e5b70e1d299b3d.jpg,day_sharp
xemay2443_jpg.rf.77c793d4b324c4264c02195869075f59.jpg,day_sharp
brightnessquandoi35_jpg.rf.d5519525b5d2c6fe03618560e741c2fe.jpg,day_sharp
CarLongPlateGen1044_jpg.rf.5c6a52b313b49a716483e029126b3892.jpg,day_sharp
xemay64_jpg.rf.1d4528e06042a5cecea598500e3ebc80.jpg,day_sharp
xemay1123_jpg.rf.5daa26c9e7c6642c069bf6033a0a412f.jpg,day_sharp
xemay2277_jpg.rf.76ebff1ad0e8ba7bb50ec82fa204a6e1.jpg,day_sharp
xemay927_jpg.rf.b039b1d5425d74c689cbda84650c0dfb.jpg,day_sharp
pic_635_jpg.rf.00aa7daa99aa3d278a4faa44841d6605.jpg,day_sharp
CarLongPlateGen131_jpg.rf.5588139d62ca9237b4dc7691f2064178.jpg,day_sharp
CarLongPlateGen1436_jpg.rf.07d814bef8a8f91855a15e4232b450da.jpg,day_sharp
CarLongPlateGen3798_jpg.rf.035b1c4ead932a721621f65235ae6294.jpg,night_sharp
CarLongPlateGen3707_jpg.rf.6553a55f80c53abc4936712f59636828.jpg,night_sharp
CarLongPlateGen1080_jpg.rf.bda63b71a2ccfadf5a8c37819c77dab7.jpg,night_sharp
CarLongPlateGen532_jpg.rf.69be798f45c7aa65fb3a09595f859565.jpg,day_sharp
CarLongPlate792_jpg.rf.72bb773839d7743f380ce60451cec761.jpg,day_sharp
CarLongPlateGen2130_jpg.rf.c2d885e643f15970d03e75f3fb16a2c3.jpg,night_sharp
pic_052_jpg.rf.8d8ada4bb6d13b9664ebc6f47f4ca36b.jpg,night_sharp
CarLongPlate874_jpg.rf.e458a5e20b8fc7b42cd082e56b8c2abd.jpg,day_sharp
xemay2170_jpg.rf.a94f9a7b5bb51c8abadb378cee518496.jpg,day_sharp
M5CEU_jpg.rf.f6161c2aadb4e110c659bfd8f36027d1.jpg,day_sharp
020f0ea4d2eb8876_jpg.rf.e377efd8b62dfb365e39c2be2461967a.jpg,night_sharp
brightnessquandoi15_jpg.rf.1dbdd3cb3754ce7bfa227f07c66333b9.jpg,night_sharp
CarLongPlateGen752_jpg.rf.c9d064489e1694319cbac2c8d8ddc4f2.jpg,day_sharp
Cars75_png_jpg.rf.3df45d39a268a89c3b9b3e921c4b598f.jpg,day_sharp
CarLongPlateGen3024_jpg.rf.ec51f31da89a5eca395936cefaf21914.jpg,day_sharp
pic_266_jpg.rf.ef8cfd744f3d5c141e5075c1e27364ea.jpg,night_sharp
CarLongPlateGen1675_jpg.rf.8a5c0654018cc873d7035c8d58bd7595.jpg,day_sharp
CarLongPlateGen2562_jpg.rf.2d08a1f372da3d3eeb7485db6f9c0701.jpg,day_sharp
CarLongPlate628_jpg.rf.9db4d05d12227657d65af7236fd55e6f.jpg,day_sharp
CarLongPlateGen402_jpg.rf.61fadf522b09e1d92c38dfd71a0e2176.jpg,day_sharp
Thai_car_license_plate_number_1826_jpg.rf.ab7002e4842ceab11af8acc9bfdeec13.jpg,day_blurry
1649292507319_jpg.rf.a82a3ca3b7a461f6f1374363fe0d0792.jpg,day_sharp
xemay587_jpg.rf.35501b56eb6bd7cbc746439eb3e5d907.jpg,day_sharp
xemayBigPlate65_jpg.rf.fbf1b21893f6e1a3bf780c5cfe5e32f2.jpg,day_sharp
CarLongPlateGen666_jpg.rf.581e79dd6f658f977c0001a1dfdbeb1b.jpg,day_sharp
brightnessngoaigiao5_jpg.rf.baa4a816059fb12c122522dd294ee3a3.jpg,night_sharp
CarLongPlateGen1317_jpg.rf.c423d6716f5a774dde3924c3e24905b6.jpg,night_sharp
CarLongPlate4_jpg.rf.67a84a845b80dbb78ffd6924c173398b.jpg,day_sharp
CarLongPlateGen179_jpg.rf.f6b5d60d5e7d1295447098205952a6ac.jpg,day_sharp
CarLongPlateGen930_jpg.rf.ce6e29f533a1ae0b5f5b2bc70d5672c4.jpg,night_sharp
xemay1920_jpg.rf.9314b2e463f19c46a653989e04bb03f4.jpg,day_sharp
CarLongPlateGen2201_jpg.rf.16d212ed19b0e0a25dfa4ec50a7bb832.jpg,night_sharp
CarLongPlateGen3709_jpg.rf.fb27a62330a10479dbaa449f44cb05cb.jpg,night_sharp
CarLongPlateGen625_jpg.rf.e354ad92003b3768b8ed9de0ceb4e0f7.jpg,day_sharp
xemay244_jpg.rf.7432104c4b06ededdb38773d347c962e.jpg,day_sharp
Cars352_png_jpg.rf.9ba0e88c2b31f87a0a5915cc8c2ee3ff.jpg,night_sharp
xemay2435_jpg.rf.8e354968583f059d4be3aa4238307c07.jpg,day_sharp
CarLongPlateGen102_jpg.rf.f327f1902ead5e8d1cc0feda6c7a3d75.jpg,night_sharp
pic_178_jpg.rf.94ba7482f538113f4ea9e2108e4c227b.jpg,day_sharp
CarLongPlate858_jpg.rf.0ec5b6c1db5ef066475d8b839e4b9378.jpg,night_sharp
WhatsApp-Image-2022-04-04-at-2-25-10-PM-1-_jpeg_jpg.rf.cd880c4241cf576bee3b01911a49a8f5.jpg,day_sharp
CarLongPlateGen3194_jpg.rf.61d04376cdb838ef09121dacc5f2d4d7.jpg,night_sharp
CarLongPlateGen893_jpg.rf.e7a01e08fd1fa3b2efd5b546418e82eb.jpg,day_sharp
CarLongPlateGen1297_jpg.rf.14aba8bea5eff4482ce20d44ab21dc5f.jpg,day_sharp
CarLongPlateGen945_jpg.rf.b517568978cf17212e7611b7f2e61f53.jpg,day_sharp
xemay1648_jpg.rf.76569e56ecca01f5b09f554c319afc76.jpg,day_sharp
pic_222_jpg.rf.a4600258883453c962d536c183109eb2.jpg,day_sharp
pic_272_jpg.rf.1fa4b211e1b16d6479d0f32155d9864a.jpg,day_sharp
CarLongPlateGen1361_jpg.rf.00f1bdf7ec200b7d13a8bfb7232535b8.jpg,night_sharp
IMG_7078-conv_jpeg_jpg.rf.3b09916c772b00bdcccf623f1550ab51.jpg,day_sharp
CarLongPlate217_jpg.rf.98ce42131b067b2ba2dff1c3da31953d.jpg,night_sharp
CarLongPlateGen1746_jpg.rf.2d038aff144a339d8a48fbc2ad90f77b.jpg,day_sharp
xemay1012_jpg.rf.89829fca8841fb5447ff1caf69d2d6f5.jpg,day_sharp
CarLongPlate895_jpg.rf.c051c29bff76fcd70a08c0f2cb9b30da.jpg,day_sharp
CarLongPlate311_jpg.rf.c9867f0a7b5bbcf70333daced798555d.jpg,day_sharp
CarLongPlateGen3325_jpg.rf.a2c0a4217413e2b39f76d110761d644d.jpg,day_sharp
xemay1652_jpg.rf.5fc867a7d56cbf0ccaa5e26c87dab95f.jpg,day_sharp
CarLongPlateGen1517_jpg.rf.8b401f4be72ec833ef7725555d0703d2.jpg,night_sharp
CarLongPlateGen2845_jpg.rf.e288d37c76bcf98e541200918e52fb1f.jpg,night_sharp
brightnessquandoi101_jpg.rf.49eb8d502698f26699a7508313e9d48d.jpg,day_sharp
CarLongPlateGen3041_jpg.rf.02554540f73d4129a84d541a1fc6128c.jpg,night_sharp
CarLongPlateGen2518_jpg.rf.0c6be088257a821a7a485aa6644881c8.jpg,day_sharp
CarLongPlateGen2470_jpg.rf.ff4d24d883d3a2fd1f19ab8ef778518a.jpg,day_sharp
boderngoaigiao6_jpg.rf.47a6d394a3325015a957fbb79a8db605.jpg,night_sharp
CarLongPlateGen3473_jpg.rf.79bb7da500431c669979c0845c6e4b30.jpg,night_sharp
CarLongPlateGen3493_jpg.rf.feede7f59984fdd573ba4994415239fc.jpg,day_sharp
CarLongPlateGen2294_jpg.rf.444097098d490f72237b7f3698cceb3b.jpg,day_sharp
boderquandoi70_jpg.rf.03f9a9ce420235f09eb4b874ca380b67.jpg,day_sharp
xemay1936_jpg.rf.72bef1c2841340fd5dc7d3db4b1d7d74.jpg,day_sharp
CarLongPlate248_jpg.rf.f7d2cb62af7d844fa83d8f9233a9947d.jpg,night_sharp
Cars54_png_jpg.rf.705355d4472bef00d7fd23c3403f648c.jpg,day_sharp
pic_076_jpg.rf.bbbbd4aacf79d5201ded7e3ed2bfd062.jpg,night_sharp
xemay797_jpg.rf.6c007e0e1ff0ab5ddcc8df2d6c4a386d.jpg,day_sharp
quandoi49_jpg.rf.100b21a0ca97b7762e6294abcf0b5508.jpg,day_sharp
CarLongPlateGen1148_jpg.rf.d7acdf9f8024b5c4c05fdf274ff5d3f1.jpg,day_sharp
CarLongPlateGen3027_jpg.rf.34bec3e8416e2fd26d59567ad8f4a176.jpg,night_sharp
xemay1940_jpg.rf.2c25afae0e486f2c79b1363ae6df8d94.jpg,day_sharp
pic_719_jpg.rf.1ed25131232992bdf46bae49d3daad76.jpg,day_sharp
CarLongPlateGen3087_jpg.rf.68c0fa1652d8e525999e0c42a87d19af.jpg,day_sharp
xemay93_jpg.rf.095958858da2b9d68d12c6f76cabf06b.jpg,day_sharp
How-20to-20track-20car-20location-20by-20license-20plate_png_jpg.rf.b00cbc3b2ba8c3bb3d2c4f39f871305d.jpg,day_sharp
CarLongPlate618_jpg.rf.8fb39c3ad7c08045b747e6c7bcee345b.jpg,night_sharp
CarLongPlateGen2409_jpg.rf.bc8bfd732fe92d4f27367e83d87a54ee.jpg,night_sharp
image11_jpeg_jpg.rf.dcdfd14721dfa278a7df0fab4d214d20.jpg,day_sharp
xemay1451_jpg.rf.b9bb709b7bdd61ab933059df865811bf.jpg,day_sharp
12-D_NQ_NP_690407-MLM31998594359_082019-W_jpg.rf.db2a1ae53abc6440e9eb2a6a5725ccdf.jpg,day_sharp
CarLongPlateGen3733_jpg.rf.5ac2ad4f132b677f37dc9c215201e969.jpg,day_sharp
xemay2400_jpg.rf.030bd34f3eb56f99281412dfd0ad2bc0.jpg,day_sharp
Cars256_png_jpg.rf.a9b04983dd95baca7d2f5a0c57a5cdf8.jpg,night_sharp
CarLongPlateGen2949_jpg.rf.f4e4c52a24757d50fcc609854b96eb68.jpg,day_sharp
CarLongPlateGen616_jpg.rf.6b62b12adede97c2dbc290e5a55a48f6.jpg,day_sharp
CarLongPlateGen2843_jpg.rf.6d7373f3a12b218d013d9240b0cf04a1.jpg,day_sharp
CarLongPlateGen1062_jpg.rf.34034af473816c320b21c35f62d60c4b.jpg,night_sharp
CarLongPlateGen2371_jpg.rf.cb2ee731cc86c2ec78c093c1010662f8.jpg,night_sharp
CarLongPlateGen1204_jpg.rf.737a7d786c35827d289cb11cd5737288.jpg,night_sharp
xemay2287_jpg.rf.3157cf3fc81b3f52548dabc884cd7b68.jpg,day_sharp
CarLongPlateGen1854_jpg.rf.f0f962ae24fac95529a7a5da17053176.jpg,night_sharp
CarLongPlateGen2629_jpg.rf.32668bc6800a79f0aa02ad40622614d6.jpg,night_sharp
xemay1511_jpg.rf.f15a952010a108d5222892a3e9657f47.jpg,day_sharp
xemay2033_jpg.rf.4129dfc903e07c1d8981e387ecb233ae.jpg,day_sharp
xemay1890_jpg.rf.f27bef486ce9b86dd1570486ae99f025.jpg,day_sharp
xemay1404_jpg.rf.ef68fba382b977e84d8eb527bfd07ce7.jpg,day_sharp
CarLongPlateGen3533_jpg.rf.e8a6f7cac972a51dac18190b1f148f4b.jpg,day_sharp
0239c2c7dd78c9f7_jpg.rf.d873f05fd373fcaea972a88cb66a7c0c.jpg,night_sharp
brightnessquandoi97_jpg.rf.a657674932193d54ce80ab7b478e8be8.jpg,night_sharp
CarLongPlateGen232_jpg.rf.f3a6739125df420ff06bb9a7ba4c06c0.jpg,day_sharp
xemay2432_jpg.rf.b567b462ef6aada11e73d64b1339e6f9.jpg,day_sharp
CarLongPlateGen1995_jpg.rf.acb02d0828b62198317a38a4655d9c28.jpg,day_sharp
GOOGLE_jpg.rf.1e59cbc7238c70f836945e283b3c8fd4.jpg,night_sharp
CarLongPlateGen1792_jpg.rf.183a8ae43cb88dc58fd356a1afcf7eb0.jpg,night_sharp
pic_414_jpg.rf.43033ca538dc8c82b467d6e8bf7a85ad.jpg,day_sharp
xemay1016_jpg.rf.5ae64c01cb795f43c3d982908561f41e.jpg,day_sharp
CarLongPlate247_jpg.rf.4b834c8721a89daea268578d2e698e0b.jpg,night_sharp
CarLongPlateGen3465_jpg.rf.2c1d2dc4e95f4e5f9840205a79b4e813.jpg,night_sharp
brightnessquandoi26_jpg.rf.3fbce0fd2931d362051c7401057ace75.jpg,day_sharp
CarLongPlateGen322_jpg.rf.449a7bae381c0f2202d324dbfabce67f.jpg,day_sharp
CarLongPlateGen2945_jpg.rf.efc5c7de8751d55b7a6061f52b66559d.jpg,night_sharp
00b1eb629cde980e_jpg.rf.258161a0ce600cfa6e4a0bf52898866f.jpg,night_sharp
CarLongPlateGen2936_jpg.rf.2567c03142546228b6166278efd2a390.jpg,night_sharp
CarLongPlateGen3102_jpg.rf.65e00a40dc03a9b06618aa4d79868d47.jpg,night_sharp
14-GRO-HEZ_jpg.rf.0e4e96b8fbe4bac99c3c9a39e0eea9a8.jpg,day_sharp
Cars102_png_jpg.rf.7abbc224fd16d022f48e3dc561d7852c.jpg,night_sharp
59-D_NQ_NP_652904-MLM29578417347_032019-W_jpg.rf.5553664594a9f274a4f15553a8ea9ff1.jpg,day_sharp
CarLongPlateGen3429_jpg.rf.28c90ec13ec4b0154803de1da04cb4ad.jpg,night_sharp
pic_023_jpg.rf.435a0192c57fbeaedbceac46a07e0c6a.jpg,night_blurry
CarLongPlateGen837_jpg.rf.684e5cc99a062214ea587621ec8094e5.jpg,day_sharp
CarLongPlateGen495_jpg.rf.2706c0de7728839160f3f4ccbdb0d35d.jpg,night_sharp
Cars213_png_jpg.rf.a6a0af330659e95fbbce0f92ebfafaa3.jpg,day_sharp
pic_393_jpg.rf.a18fdd13e6b8d8fb55fe48d7b2efe9ad.jpg,day_sharp
xemay76_jpg.rf.6b9b1eed9aac1fe31b7794483f15601b.jpg,day_sharp
1649292507316_jpg.rf.a9d1ad2d9024db46e13c4df11d8a65f4.jpg,night_sharp
90e021510f9af936ac41ee54ad1304dc_jpg.rf.aef48190e9379ea083c34b2fc60a2d5e.jpg,day_sharp
CarLongPlateGen1469_jpg.rf.18a907faa4241ca1e0a64cdcc14cb870.jpg,night_sharp
0181c8fe6cc0b2c8_jpg.rf.ba300ca55245405f54975f3940eb551e.jpg,day_sharp
xemay385_jpg.rf.52f2fb54c7e0f5c1193917a10d51bb78.jpg,day_sharp
quandoi36_jpg.rf.2e0e0854270010090fe84f3832a3990f.jpg,night_sharp
pic_230_jpg.rf.e9b6c5dc3602f7196cadd4c1f1c4d125.jpg,day_sharp
CarLongPlateGen822_jpg.rf.a5382cd2b0fd1d2557fe533363471bdc.jpg,day_sharp
CarLongPlateGen3797_jpg.rf.f84a99a33c8f23a2db12800d8374fc1c.jpg,night_sharp
CarLongPlateGen3899_jpg.rf.4f3d553d4039dc8971734b5ed019b0da.jpg,day_sharp
CarLongPlate213_jpg.rf.89ba7e336501b7f659fd0786cd551736.jpg,night_sharp
V8PTRL_jpg.rf.e338644a21292787a152ee2761088efa.jpg,night_sharp
CarLongPlateGen2483_jpg.rf.80c280e3e852ec7926863c03ac55dc03.jpg,night_sharp
CarLongPlateGen2373_jpg.rf.d6da02bdbc68366df34b2e54a90a1100.jpg,night_sharp
xemay741_jpg.rf.2dccc00a63f9cae03dee7d444df30535.jpg,day_sharp
CarLongPlateGen3213_jpg.rf.0d2bdfaf58b7cdfa39a4429390412fc5.jpg,night_sharp
CarLongPlateGen2105_jpg.rf.1f12d5de2f23c4d643e1201116ac0553.jpg,day_sharp
pic_036_jpg.rf.75a4698088c8b00d3227d9b535fea308.jpg,day_sharp
Cars312_png_jpg.rf.0913d4fbea21677e4cede7cd78f9fb68.jpg,night_sharp
CarLongPlate877_jpg.rf.f2104bd0442985c141eef25ea920bc51.jpg,day_sharp
CarLongPlate48_jpg.rf.2340949fd8d3385b5f06a9d3ca87d7cb.jpg,day_sharp
xemay1545_jpg.rf.2bcdf77a6dde063798ccd67ae9716fed.jpg,day_sharp
xemay2146_jpg.rf.da3076cb4607f0cc5ed809ab4290d5a1.jpg,day_sharp
CarLongPlateGen2211_jpg.rf.09d4bba626196f7aed472a6b98867363.jpg,night_sharp
CarLongPlateGen947_jpg.rf.a31e0ba01d99a2838eeb556b2feddee1.jpg,day_sharp
xemay583_jpg.rf.5434bd7d1b11520837b8264893260fdb.jpg,day_sharp
CarLongPlateGen18_jpg.rf.7bc72bd14689bbc2eac6ec0eea5d36ba.jpg,night_sharp
xemay2488_jpg.rf.3a4c51c5ce9e681827459d897ccd3e06.jpg,day_sharp
xemay705_jpg.rf.b61c923e4cb2dd4a080b54fd68c04794.jpg,day_sharp
xemay1144_jpg.rf.d09c7c498ab51d0c74c260c6c68be24c.jpg,day_sharp
CarLongPlateGen1011_jpg.rf.59f8022179cbc308da8dd84dea9e47cf.jpg,night_sharp
CarLongPlate250_jpg.rf.82b988b8388c812e88529b932c98676c.jpg,day_sharp
CarLongPlate97_jpg.rf.ba4fc9f063e60d6922d4ca99154c241b.jpg,night_sharp
xemay1257_jpg.rf.e77f7f9f15f74a1762b9b8199a002130.jpg,day_sharp
CarLongPlateGen3519_jpg.rf.a7c2d1a7cf42276c22dca737540cf39d.jpg,night_sharp
CarLongPlateGen1159_jpg.rf.26996c03e5ed2327b1375bf1cb364830.jpg,day_sharp
pic_678_jpg.rf.16ba59fc99bd4d8d7c628c5cc929f1b6.jpg,day_blurry
CarLongPlateGen2873_jpg.rf.37b9768bd842bb44f80f93af31b16fa7.jpg,day_sharp
CarLongPlateGen604_jpg.rf.e9e2eb5c3b516ddf23a659d50cdfe6eb.jpg,day_sharp
xemay1779_jpg.rf.c03bb886998aa7a69996519051de5c2c.jpg,day_sharp
02975d406974e3ec_jpg.rf.4c2c92b35294c8e08d0c1de9941764c6.jpg,day_sharp
xemay1073_jpg.rf.693f44d9365298bfd1196ec37068dae0.jpg,day_sharp
xemay1007_jpg.rf.3b23b8d24e4674bbcd34a1181c0e3c8d.jpg,day_sharp
CarLongPlateGen372_jpg.rf.fa8a6ee63b4e5b982f4e067d490e8ff3.jpg,day_sharp
CarLongPlateGen1580_jpg.rf.53be539297b7b115f84bc60f5b61dbc0.jpg,night_sharp
CarLongPlate680_jpg.rf.7c0b9783cdd81d87354e99512d95d3c0.jpg,day_sharp
Cars117_png_jpg.rf.3e3293cb7a647e276d0283bf5887692d.jpg,day_sharp
CarLongPlateGen1406_jpg.rf.bc93e0073b13863f8b072c92e2cbccb6.jpg,day_sharp
xemay1153_jpg.rf.ad35253185263e07dc2962dc38af3e9a.jpg,day_sharp
xemay1802_jpg.rf.99de98297ce394bd8cf5349bc2dc9108.jpg,day_sharp
IMG_7016-conv_jpeg_jpg.rf.2a91127fe5ff90a7f32c9f5641e2cc33.jpg,day_sharp
pic_770_jpg.rf.1c6b200349d7ee4865f1bece7f7c82dc.jpg,night_sharp
CarLongPlateGen2047_jpg.rf.64a772a5c7deea1de5446a3a44583bac.jpg,day_sharp
CarLongPlate790_jpg.rf.9c1ecde5c44e9f4b017140635dc0888a.jpg,night_sharp
xemay417_jpg.rf.da1458c85da575dfb190a0787cda9be0.jpg,day_sharp
CarLongPlate196_jpg.rf.bcb38df4ce9365ca05fa497ec017025e.jpg,day_sharp
xemay2076_jpg.rf.1882677308b5f15852a28b292268a8fd.jpg,day_sharp
xemayBigPlate105_jpg.rf.f35b48f511be746b054aa1f3061a8043.jpg,day_sharp
xemay324_jpg.rf.f610f14d95363ee6b8d314873b577c83.jpg,day_sharp
xemay2063_jpg.rf.be83401ea32e8b4db7356a8590990ec4.jpg,day_sharp
CarLongPlate957_jpg.rf.8874d5e9c557186919071ba24d5e64fd.jpg,day_sharp
xemay1932_jpg.rf.555a3740cf4bfa3a517e8c771513d53f.jpg,day_sharp
CarLongPlateGen999_jpg.rf.578693f2441ed4f07682da497d08fd5d.jpg,day_sharp
CarLongPlateGen2103_jpg.rf.67c564395e466610643f3b6b017d1fac.jpg,night_sharp
67-800px-ILLINOIS_1962_LICENSE_PLATE_282-662_-_Flickr_-_woody1778a_jpg.rf.796442905c9f8671ebb0333d17b6d0af.jpg,day_sharp
CarLongPlate32_jpg.rf.3ff066e630ed20e5f99e8af87b330e57.jpg,night_sharp
CarLongPlateGen622_jpg.rf.fd4c6fed601124aef786b1ea99f6617a.jpg,day_sharp
CarLongPlateGen2921_jpg.rf.1d71809d90c28e72dc6673b3f70341b4.jpg,night_sharp
CarLongPlate744_jpg.rf.b16eef3ddb83eb2cdaa99204c2f1e4b2.jpg,day_sharp
Cars104_png_jpg.rf.9c25a37d284dc100c0ab2f5b32b31024.jpg,day_sharp
CarLongPlateGen3400_jpg.rf.ca45e66d86cae8894114f778f54b13f9.jpg,night_sharp
CarLongPlate694_jpg.rf.ed74f4a33d4abf9f32da654dd4cdb5a4.jpg,night_sharp
CarLongPlateGen986_jpg.rf.247a4f873c98240cad818da5c3b1e669.jpg,day_sharp
pic_685_jpg.rf.61508608794a4b21a5dcb74f3c50470c.jpg,day_sharp
pic_482_jpg.rf.5998472ffe9baaa9963115d677e8898f.jpg,day_sharp
CarLongPlateGen2213_jpg.rf.66b6d16617bdd13366cb2e63eec4ae40.jpg,day_sharp
32-GRO-GZW-Auto-Mar-Escudo_jpg.rf.4e82226af8fe061219e8f8605a1c2ea5.jpg,day_sharp
xemay980_jpg.rf.9bc4a41f5f92304e7c0b5706991da86f.jpg,day_sharp
CarLongPlateGen3706_jpg.rf.62273fbf503dab9a8ca8d411a3535c56.jpg,night_sharp
CarLongPlateGen1274_jpg.rf.7580ee989bad2639413f7bcb2a57615f.jpg,night_sharp
CarLongPlateGen2822_jpg.rf.1c06970f6bf1c980c36659881c7066ea.jpg,night_sharp
rotatequandoi107_jpg.rf.b763f0670fa58bee97d87acf2939e4c1.jpg,day_sharp
CarLongPlateGen1516_jpg.rf.8dafabb6ede872ade90671378ab1e8b1.jpg,day_sharp
xemay1718_jpg.rf.55a4ec081c41241ed1c7ba5306768525.jpg,day_sharp
xemay5_jpg.rf.ac4548144f41eaba530d16cacaa3a7af.jpg,day_sharp
CarLongPlate272_jpg.rf.d2010366136b7793dbc2f9a86f7d6c9d.jpg,day_sharp
quandoi81_jpg.rf.9c86982adf17ae896071bfcfbf19c199.jpg,night_sharp
CarLongPlateGen3791_jpg.rf.a691410f46b2107922195be9206b2027.jpg,day_sharp
CarLongPlate662_jpg.rf.4aa8e1bee1975baeb45be909b9410972.jpg,night_sharp
xemayBigPlate219_jpg.rf.b8d4909620c0b51939c16549dba1d27c.jpg,day_sharp
CarLongPlate501_jpg.rf.b34722096124fcb9674539a369ddaf3e.jpg,day_sharp
IMG_7008-conv_jpeg_jpg.rf.4c07b0ed6e712bdefc5bee038e3faa22.jpg,day_sharp
xemay1593_jpg.rf.279ff4817cf488944fd21f3cdf6a1426.jpg,day_sharp
xemay1612_jpg.rf.45b0f47719ae5e65b4c21c2ac949b60e.jpg,day_sharp
CarLongPlateGen1658_jpg.rf.61eb425ae1fe3c8fc4f74c12e79db45c.jpg,day_sharp
CarLongPlate490_jpg.rf.2a4db48db40d8c85a9aa81cabe63ee78.jpg,day_sharp
CarLongPlateGen2869_jpg.rf.f0fae32142507333cb84108f438460ca.jpg,night_sharp
xemay549_jpg.rf.defcb5a4393af772e8010fbf3d6073c2.jpg,day_sharp
00d5963c8f8e5381_jpg.rf.294ff94b8b93ed179203559c25fdcbe0.jpg,night_sharp
xemay2480_jpg.rf.b266e0ba184ccac6c8726b4980378f32.jpg,day_sharp
xemay1677_jpg.rf.cfdaf002caf0750985b315cbb4e9292a.jpg,day_sharp
xemay187_jpg.rf.8d8e2c4da195476381d2d101c5d8e2e3.jpg,day_sharp
CarLongPlateGen3801_jpg.rf.e32ade20d8edb99f91ec836a489299f9.jpg,night_sharp
pic_386_jpg.rf.e648d3880f52ce133a9f57fe0f037807.jpg,day_sharp
xemay2278_jpg.rf.7e8af735b463725a21dc4ebfd6767836.jpg,day_sharp
CarLongPlateGen2003_jpg.rf.0a5bbab9174059eb17acbba1f07a45f1.jpg,day_sharp
CarLongPlateGen504_jpg.rf.9c1435b6eb346d745041ea9fbfba79e1.jpg,day_sharp
pic_725_jpg.rf.8f3795ebb51fb94d8088461172a79781.jpg,day_sharp
rotatequandoi79_jpg.rf.fc9576541fdbd5bebf5ba7decf079db1.jpg,day_sharp
CarLongPlateGen1630_jpg.rf.76536cd71f0cc590e5ba9b06e2a21b7d.jpg,day_sharp
CarLongPlateGen1722_jpg.rf.4727b6bbeefe69ae3381c9b073d075bd.jpg,day_sharp
IMG_7013-conv_jpeg_jpg.rf.1c176452121b7d26c78ec0564d811c07.jpg,day_sharp
CarLongPlateGen2520_jpg.rf.e010839e95526ec208b17596cd938e4e.jpg,day_sharp
CarLongPlateGen1142_jpg.rf.55b2f550b0c05b42d60e0f54fb2efe43.jpg,night_sharp
pic_297_jpg.rf.c4d5fc847f63d02676944e6ba5f1ef6c.jpg,night_sharp
CarLongPlateGen3276_jpg.rf.8f3e34aa74fe32808ec34d8687e2284e.jpg,day_sharp
CarLongPlateGen3522_jpg.rf.39dad76e84e39a6bff6429dcfbc683c4.jpg,night_sharp
CarLongPlate997_jpg.rf.cc2014af912417be9f012a75f7cd6608.jpg,day_sharp
CarLongPlate872_jpg.rf.708e9ee8c2bf674d30a8d68266a4b9f9.jpg,day_sharp
pic_602_png_jpg.rf.8c52bfd4d122302b4b678f4ca385212f.jpg,day_sharp
xemayBigPlate111_jpg.rf.38e25dc9d81893498ecc146c0dcb3e88.jpg,day_sharp
CarLongPlateGen2125_jpg.rf.d1b4763edef292eb0299116fda238917.jpg,day_sharp
0320b561562e469c_jpg.rf.d9de6ed8fbe5e33dd740b6262f28f5b9.jpg,day_sharp
CarLongPlateGen1820_jpg.rf.548817493065004d75d8bb46a1731772.jpg,day_sharp
pic_597_jpg.rf.e67cb3231c97e77f2cbbb4aa76dc1cf2.jpg,day_sharp
Cars226_png_jpg.rf.f1841de3a47bc62196e61c278f0f4ace.jpg,night_sharp
xemay625_jpg.rf.c81c4b4cf8d2201e313decd7323be2a1.jpg,day_sharp
CarLongPlateGen1155_jpg.rf.09f633d232c5fb45991336003d78e5ed.jpg,day_sharp
CarLongPlateGen2050_jpg.rf.46991c1f2a0ba969d51f3452bdb4a877.jpg,day_sharp
CarLongPlate174_jpg.rf.c5f5e63d630e5bbfb17122158860bdfe.jpg,day_sharp
xemay2056_jpg.rf.55221d7962cfd63900da6a55c66744c9.jpg,day_sharp
CarLongPlateGen3397_jpg.rf.b9fb88957466a9b3a20cef0942556307.jpg,night_sharp
CarLongPlateGen3372_jpg.rf.1d68b55c1c6f1a278bac8409c2400955.jpg,night_sharp
xemay1447_jpg.rf.b86c65241ea53f6970e5995399da481e.jpg,day_sharp
xemay343_jpg.rf.c0fec2e74d5c17456a7d0dca33acc090.jpg,day_sharp
CarLongPlateGen1069_jpg.rf.fbbd98760458a911dc6f550d227081f3.jpg,night_sharp
CarLongPlateGen3238_jpg.rf.eafd11abd8f97b8827a9c16faa453aab.jpg,night_sharp
pic_070_jpg.rf.a38588dcae0008e6c7bae8a22983cdc5.jpg,day_sharp
CarLongPlateGen2724_jpg.rf.e6621ce64f1adea7efcab3b512179e1a.jpg,night_sharp
cropquandoi101_jpg.rf.305de5f38f7b7459ab623f2a940599d7.jpg,day_sharp
xemay1797_jpg.rf.3c98586067747fd80532d1a1e779be0a.jpg,day_sharp
CarLongPlate59_jpg.rf.2c9f172c4a8309a7041519ad08f5f366.jpg,night_sharp
Cars105_png_jpg.rf.8537ee68f2a3de0924ac4ec12143c0ac.jpg,day_sharp
xemay698_jpg.rf.d16b92627053a04a5f519b544a9255b2.jpg,day_sharp
CarLongPlateGen1679_jpg.rf.07046188448d495b4bcd11c3b725d375.jpg,night_sharp
CarLongPlate515_jpg.rf.92f2d37d1b6f08f1e9faec182d6539e1.jpg,day_sharp
xemayBigPlate185_jpg.rf.843f61a425dd55f917c66bcf938d760e.jpg,day_sharp
1649292507314_jpg.rf.308169327dd06eaea612ecad68024fcf.jpg,day_sharp
xemay692_jpg.rf.01f9eae04d60f9e58ad7429023f761c2.jpg,day_sharp
CarLongPlate532_jpg.rf.8dad05f8831898af7a0d468017811339.jpg,night_sharp
CarLongPlateGen1681_jpg.rf.d18213d30676152adf9bacb2952ecb60.jpg,night_sharp
1200px-Saudi_Plate_jpeg_jpg.rf.dfe79a0eb66aa92744ab9a27253c5f97.jpg,day_blurry
xemayBigPlate53_jpg.rf.1a9512cefc8933d7e7fd3e9e7bce7c0d.jpg,day_sharp
CarLongPlateGen266_jpg.rf.285e21c497bd432cc5899fa4102566e3.jpg,day_sharp
xemay37_jpg.rf.1c032a9afac81876b2ab1b2a819dffc9.jpg,day_sharp
xemay1336_jpg.rf.e1fb49722a8e4e4e64d1d2ebe86f941b.jpg,day_sharp
CarLongPlateGen3487_jpg.rf.4c19eca267bbc684c42167407f0397de.jpg,day_sharp
CarLongPlate290_jpg.rf.e926602251419acf6eae725f51ec3936.jpg,night_sharp
74-85a70f99aa15dae003949bae404792c4_jpg.rf.65ec9086c14852ad019657f06e114e21.jpg,day_sharp
CarLongPlateGen2074_jpg.rf.edc64ea1b0b36a12afc574ce01f81c58.jpg,night_sharp
xemay2136_jpg.rf.0065a4a97f30cd48e684ea34000ffa8c.jpg,day_sharp
CarLongPlateGen1864_jpg.rf.224373d5cca99ea396175bee07acc343.jpg,night_sharp
Cars281_png_jpg.rf.db2d351dd226e699294d59d47690c39c.jpg,day_sharp
CarLongPlate419_jpg.rf.e75195c829495b751917aa3562b0dfca.jpg,night_sharp
xemay780_jpg.rf.b86c2c57827a9943f4931289309cef26.jpg,day_sharp
CarLongPlateGen3232_jpg.rf.1cd4b3f871ebdb811e8be7c34f18d09a.jpg,day_sharp
CarLongPlateGen3887_jpg.rf.3def12f444211e811e9f302141ef82fe.jpg,day_sharp
CarLongPlateGen2606_jpg.rf.543e2921e6c82102d9f551f8bc662d33.jpg,day_sharp
pic_113_jpg.rf.91a78b9ae0046e333fc16178bf63ba2a.jpg,day_sharp
xemay1503_jpg.rf.ebe6173e0da8ff31caa4ce09c8804460.jpg,day_sharp
xemay1748_jpg.rf.1dcdd69fb6a1a15c687081308458ed72.jpg,day_sharp
CarLongPlateGen2709_jpg.rf.8b6885c3b2f317f9090f18301bbeffcd.jpg,night_sharp
CarLongPlateGen3450_jpg.rf.684733b10ce9527dc42647304d85f037.jpg,day_sharp
CarLongPlateGen3427_jpg.rf.14bb0ff5dcadbfb8382a678061f5bcdc.jpg,night_sharp
CarLongPlateGen3548_jpg.rf.0846307b61235a1be3a039f38b6b643a.jpg,night_sharp
Cars191_png_jpg.rf.c6ba035409b11144b13edaaf6ba14e57.jpg,day_sharp
CarLongPlate484_jpg.rf.a17af2d8fec9d029501b1c1cf0e5abde.jpg,day_sharp
pic_754_jpg.rf.03a2514cc0fbb63e0e418328ec410bb9.jpg,night_sharp
xemay149_jpg.rf.5a1f91e70502c44aed7315d44b1608f4.jpg,day_sharp
pic_142_jpg.rf.09e8ed80d5c26afaf88e20a501b38784.jpg,night_sharp
kathmandu-nepal-vehicle-license-plate-BCJ5ED_jpg.rf.186af0d15263a9e21bf519fccb65b4da.jpg,day_sharp
pic_693_jpg.rf.5e111d3e70438a4a7f73527658e88642.jpg,day_sharp
xemay2186_jpg.rf.9c5b2999d2d4bae84806da88bc6bee4a.jpg,day_sharp
CarLongPlateGen3721_jpg.rf.8ddb7ebd9d79a7aba102d60e773fc283.jpg,night_sharp
xemay1249_jpg.rf.abf518165325bb35d13b2bfc42caf8e2.jpg,day_sharp
xemay1189_jpg.rf.4fd3f5d0e0fd41b0d1e9845636c89996.jpg,day_sharp
xemay680_jpg.rf.a1f2a16d8538c02fd3fe296f83ce0245.jpg,day_sharp
pic_192_jpg.rf.4585649429cfd9984d0380e020d1950c.jpg,day_sharp
CarLongPlateGen1853_jpg.rf.6a2b9d40f7e5574ff7863e29ccfceae0.jpg,night_sharp
CarLongPlateGen2796_jpg.rf.770d409f1f3f36bbf9594775de2e477e.jpg,day_sharp
CarLongPlateGen1944_jpg.rf.1f93accaae662fb6a778af0cd1733b02.jpg,day_sharp
CarLongPlate10_jpg.rf.7c939950376b69003528190d2f11bd17.jpg,night_sharp
CarLongPlateGen2340_jpg.rf.82763111981acd87eae91bac87dc17b8.jpg,night_sharp
pic_226_jpg.rf.559e0286fe4ec4e34d2774b7f3087ead.jpg,day_sharp
CarLongPlateGen745_jpg.rf.bdea67d057386487cf4cf0ccb231e293.jpg,day_sharp
CarLongPlateGen2139_jpg.rf.6729261ec9efe0ae662529577a01f143.jpg,day_sharp
CarLongPlateGen742_jpg.rf.61c9f4b59789414af9c34027d68a8b94.jpg,day_sharp
xemay1737_jpg.rf.fa452fed031ca35e8cd76a2af2127283.jpg,day_sharp
CarLongPlateGen122_jpg.rf.bcb04778e45fdcb0a5ed0773a29e93d0.jpg,night_sharp
xemay2078_jpg.rf.5503eea39e9253723ed26424b64d1067.jpg,day_sharp
CarLongPlate53_jpg.rf.6e2970b5a1b48ee26ddd5761c6c328cf.jpg,day_sharp
CarLongPlateGen815_jpg.rf.2afc3fc99b8c5389b36a9425669ee0f0.jpg,day_sharp
xemay1330_jpg.rf.9be9ec3f305d36031fb250f3ce624dfb.jpg,day_sharp
CarLongPlate183_jpg.rf.ff8a88ee956b9ceffcfa57efeec5ebeb.jpg,night_sharp
xemay1957_jpg.rf.301720b98c0ab7f0b87ad8b6ee257e76.jpg,day_sharp
CarLongPlateGen111_jpg.rf.387dc6949a4911f49f288635ea72d890.jpg,day_sharp
CarLongPlateGen3053_jpg.rf.07fa1696416bc2aa7f0d9a35a1ebbb47.jpg,day_sharp
xemay1614_jpg.rf.3f1d37d31aef64aff00371339af168e1.jpg,day_sharp
CarLongPlateGen417_jpg.rf.17b3c00c530981d12a32e15a4005b49d.jpg,day_sharp
Cars404_png_jpg.rf.f71c5743f29b2193ad8f2ea9c2f8d255.jpg,day_sharp
CarLongPlate789_jpg.rf.f4bd667ce7dcbb1c2a77353c3a2d608b.jpg,day_sharp
xemay451_jpg.rf.7d47a7c5ecc6f70972955608e3a86fe1.jpg,day_sharp
pic_087_jpg.rf.13832f2caa304f954bc649e4822431d7.jpg,day_sharp
xemayBigPlate84_jpg.rf.4ee0e10cd1104c30d5b84f03258d4edc.jpg,day_sharp
xemay1674_jpg.rf.9e92b45dee3c619bbcc3f6751554bd12.jpg,day_sharp
CarLongPlateGen1496_jpg.rf.7716f4ad8ac8c063a478d638d9554db3.jpg,day_sharp
xemayBigPlate58_jpg.rf.a23101a74971508050178356986709c2.jpg,day_sharp
CarLongPlateGen1613_jpg.rf.305f17f5b92a3ff87c87026fbc81d839.jpg,day_sharp
quandoi98_jpg.rf.af4770d792258a3e58766f20168b3940.jpg,day_sharp
CarLongPlateGen2406_jpg.rf.a971b938d4781475585366e91eacb632.jpg,day_sharp
cropngoaigiao12_jpg.rf.118dfa205f71fe4cf9ecb0e469f308b0.jpg,day_sharp
CarLongPlateGen341_jpg.rf.9e2485b2a550c495023a03e3de266fe3.jpg,night_sharp
xemay1358_jpg.rf.89d650df550693c4483a1d32beb37724.jpg,day_sharp
pic_631_jpg.rf.02ad4b331a6899ef852213ba107def6b.jpg,night_sharp
xemay457_jpg.rf.8780ca3d7537e1d27f7934afefa119c3.jpg,day_sharp
CarLongPlateGen2214_jpg.rf.2700429c998a9cd7b63b71669f32e090.jpg,night_sharp
CarLongPlateGen697_jpg.rf.95ca09687247eaa4e31ce6707a1b6f7f.jpg,day_sharp
xemay1265_jpg.rf.e6536645bc70e4e01f6ff91438f18054.jpg,day_sharp
CarLongPlateGen91_jpg.rf.b489b6513816659ced1119564cac4d4a.jpg,day_sharp
CarLongPlateGen2044_jpg.rf.720d557792883ebb1f8481eeef273fe8.jpg,night_sharp
xemay567_jpg.rf.911f5396d9bbf576c8f11c272abc302f.jpg,day_sharp
CarLongPlateGen598_jpg.rf.1815858b0b1c81a29f95740513f8b3de.jpg,night_sharp
CarLongPlateGen1164_jpg.rf.731b6f6898cb0feed5d5731f285854f1.jpg,day_sharp
CP_Blog_Image_2018_License_CLN_PWR_jpg.rf.39aabe8c1c7e5cf6f7aa07900bf214b0.jpg,day_sharp
rotatequandoi60_jpg.rf.0af883c5004ba596d3a17e72403b55a1.jpg,day_sharp
CarLongPlateGen536_jpg.rf.08fb4e0cf3507fa3756be440c29698c4.jpg,day_sharp
CarLongPlateGen3734_jpg.rf.dd429d997695894bf3f48106fa3ed62f.jpg,night_sharp
xemay688_jpg.rf.c1a353ec1bca098cbe90d1e755d2021d.jpg,day_sharp
boderquandoi44_jpg.rf.a2f963206d882f7f1c6ba5d6f0e44dfe.jpg,day_sharp
xemay118_jpg.rf.57824a6700bf02fde7345b4de4478629.jpg,day_sharp
boderquandoi6_jpg.rf.50167545c272bce4b9f4b964c86d02db.jpg,day_sharp
brightnessquandoi27_jpg.rf.07ddc6249b23cc36a69419704042232a.jpg,night_sharp
xemay1121_jpg.rf.0b9305c165016ed6754632f90f52a3ef.jpg,night_sharp
CarLongPlateGen3842_jpg.rf.f4606bc916926aea8f866bfc6bc045dd.jpg,night_sharp
Cars255_png_jpg.rf.847278d40b607b8dfea94b658e5fff2b.jpg,day_sharp
xemay909_jpg.rf.6b5c857a2237ef22bfddd8ba1682291a.jpg,day_sharp
CarLongPlateGen3180_jpg.rf.24014f6afb816214aab2332158c96381.jpg,night_sharp
CarLongPlate657_jpg.rf.09ad6962c8623f23ec9373aa5a31f3c5.jpg,night_sharp
xemay607_jpg.rf.2589b47f0288005cdc0304fa757bd0a4.jpg,day_sharp
xemay1403_jpg.rf.ccb7bdc1b4835bf8e89af16eab24ff73.jpg,day_sharp
Cars119_png_jpg.rf.638b3e07f32ad54564c634eb1e1cc53d.jpg,day_sharp
xemay1241_jpg.rf.bb686795cef4c9fcc99b8c1c42c58cc1.jpg,day_sharp
xemay230_jpg.rf.aa977f84a990d12d44e1c654840f1e82.jpg,day_sharp
CarLongPlateGen2416_jpg.rf.92fa43cfb5efb8754aeeccc9bf35ba61.jpg,day_sharp
xemay1119_jpg.rf.840ea1c3c0c5061d3e3ef2aee2f350ff.jpg,day_sharp
pic_263_jpg.rf.13d68e7daa8f3b650f4b5f1a2db894eb.jpg,day_sharp
xemay447_jpg.rf.c63ba93d242db3224e07cde9c3b469c9.jpg,day_sharp
CarLongPlateGen3074_jpg.rf.6ab322ecb707e6fd14d0a552beb3228a.jpg,day_sharp
CarLongPlateGen1347_jpg.rf.af99f624f3dbbaf5e69228e0ba1968f7.jpg,day_sharp
CarLongPlateGen2928_jpg.rf.5c4fb12ed88e59c6ae2c2988f39bf914.jpg,night_sharp
BM351_jpg.rf.e566ba116114ae50156554af2857b0a2.jpg,day_sharp
CarLongPlateGen39_jpg.rf.3dd8879f699776dbf6a0bb4cc007251a.jpg,day_sharp
pic_015_jpg.rf.1e3b462352a648e53e737b82e8058613.jpg,day_sharp
CarLongPlateGen2437_jpg.rf.c28d06f1258e7f770b2335b6b6be1e9b.jpg,day_sharp
xemayBigPlate166_jpg.rf.abba7b0185929bbca8222be0c0e8d834.jpg,day_sharp
xemayBigPlate85_jpg.rf.5490b87753aabfe617c6d43cb35a3030.jpg,day_sharp
CarLongPlateGen2010_jpg.rf.8d92571e62510a4d883a5753bc0d6ea1.jpg,day_sharp
CarLongPlate921_jpg.rf.785b9777588425d186290dafe0cb383c.jpg,day_sharp
CarLongPlate581_jpg.rf.10da0b7b5bcb55abe86e0a5e8572b3bc.jpg,day_sharp
CarLongPlateGen3335_jpg.rf.8ed8086ef9637ad49948faa32dd5e4f9.jpg,night_sharp
CarLongPlateGen1801_jpg.rf.d5caff68f65c11d4211e59619ba69864.jpg,day_sharp
CarLongPlate109_jpg.rf.3a0cc5ad1921cc7d5b0388194c2f69f9.jpg,day_sharp
Cars170_png_jpg.rf.be025738dbb5444cf079d5d05cdf7fc2.jpg,day_sharp
boderngoaigiao13_jpg.rf.d48ad2176139ae21cbc6c011654e8a39.jpg,day_sharp
pic_656_jpg.rf.a2d613822c7561f8d07d191aa9b00ca1.jpg,day_sharp
CarLongPlateGen3686_jpg.rf.284e52f6b0e65d5084d0e9de4e006345.jpg,night_sharp
xemay402_jpg.rf.1be113b3ed514ba3113433ee2fd8a829.jpg,day_sharp
brightnessngoaigiao7_jpg.rf.467eff775766519911720f751583e158.jpg,night_sharp
CarLongPlateGen521_jpg.rf.4e94fd0c860924e73b9c1a5cc73a6d46.jpg,day_sharp
CarLongPlateGen2965_jpg.rf.5ddac2685d5e0ea668ddbb3fc76e7a49.jpg,night_sharp
CarLongPlateGen26_jpg.rf.c656a3052d90796575979630c00b07fc.jpg,night_sharp
CarLongPlateGen1857_jpg.rf.5910ea5493515b1ad4d64bd1a5aa5a2d.jpg,day_sharp
xemay1421_jpg.rf.47b8253479e328f5b9914e7dc32e45e4.jpg,day_sharp
xemay1174_jpg.rf.38b87af19095c6d5167fe902d04fa249.jpg,day_sharp
CarLongPlateGen231_jpg.rf.7760d47117823c8206eea2a794ee3238.jpg,night_sharp
CarLongPlateGen1461_jpg.rf.8ab91771e53f90786e1950706ff7d9b2.jpg,night_sharp
image29_jpeg_jpg.rf.437bce5aa9632857e07675a72abb7af6.jpg,night_sharp
CarLongPlateGen21_jpg.rf.d7aa30e42f8d14e4bea9922792c9a0f4.jpg,day_sharp
01a916bfaa3a7427_jpg.rf.3c530f92ad2726bc8d3e0da189670a0d.jpg,night_sharp
CarLongPlateGen3_jpg.rf.4adc3e69ef4afb86e3f48285467d1b53.jpg,day_sharp
xemay1378_jpg.rf.464027f4c939ecc5db4adc52acd43b7d.jpg,day_sharp
xemay1794_jpg.rf.6c75e86ccfd3694c88598a691f2ed559.jpg,day_sharp
CarLongPlateGen2128_jpg.rf.c8e91de45fe3f0c81f838dff1982e21e.jpg,night_sharp
25810X_jpg.rf.54fc713c7c2c40eb0ec5c0857f8c517f.jpg,night_sharp
xemay2380_jpg.rf.f4ccfd02277d87d4eccbd94515d0e49d.jpg,day_sharp
CarLongPlateGen736_jpg.rf.9652a21bbb07f73b89587000ba477f7a.jpg,night_sharp
xemay2464_jpg.rf.9a282d29683974d814e1308abb23a18f.jpg,day_sharp
xemay234_jpg.rf.9be7efe39370970eae14fd671b737ca5.jpg,day_sharp
15-D_Q_NP_209715-MLM25307482752_012017-Q_jpg.rf.b8a120189e0345f9ab3fdd42834a9d51.jpg,day_sharp
CarLongPlateGen1193_jpg.rf.d7d63273171508d3b322b3700a3b03a6.jpg,day_sharp
xemay434_jpg.rf.7d2fc63a8629d06add45333057b985bc.jpg,day_sharp
CarLongPlate200_jpg.rf.09057bb23a14cdeb12b7fbd3268de75c.jpg,night_sharp
CarLongPlateGen2537_jpg.rf.6eaa56ce3a82df8e327fe6568512cebb.jpg,day_sharp
CarLongPlate387_jpg.rf.1fc37c1f03f620c426b7eca507dbe527.jpg,day_sharp
xemay219_jpg.rf.e9e2bbefe4f92719b96b673d4664b82e.jpg,day_sharp
CarLongPlateGen2348_jpg.rf.a1d77842577057e74c870241ddf60e2c.jpg,day_sharp
xemay2092_jpg.rf.ac9e662371c286889c6ae7df6b842b6f.jpg,day_sharp
CarLongPlateGen2244_jpg.rf.05a0fa5fdf3733f1afb02436d84a8d77.jpg,day_sharp
CarLongPlateGen1922_jpg.rf.db76d7e96352eebb673a7063dbc6f2d9.jpg,day_sharp
CarLongPlateGen3148_jpg.rf.9a8acfe1adde293d7ae9e453741740b6.jpg,night_sharp
xemay740_jpg.rf.b2a47697ca62e6fe0500ec44b4f34fcc.jpg,day_sharp
xemay1023_jpg.rf.7f6c3953ced43add8a0054f143c66207.jpg,day_sharp
xemay131_jpg.rf.44af9cd675fa71119f893bc716bc55a6.jpg,day_sharp
CarLongPlateGen726_jpg.rf.cf91befd6963c72ec42d67b1cf0cff49.jpg,day_sharp
CarLongPlate127_jpg.rf.ebd1dece44ebbd013d5a26f0ea9d59e0.jpg,night_sharp
xemay1364_jpg.rf.b9bdeb20771514acce796ba2dc1856e1.jpg,day_sharp
CarLongPlateGen2745_jpg.rf.a8d84b8df866ae125712db681d70171c.jpg,night_sharp
xemay229_jpg.rf.4d586361eb600d50b10068f117fef02a.jpg,day_sharp
xemay1193_jpg.rf.d96165d8a6d1d5dbf4b770c23b6e43cc.jpg,day_sharp
rotatequandoi62_jpg.rf.fb8a31a03bc5a4f6248937cdb7280df6.jpg,day_sharp
xemay2264_jpg.rf.af6573e3dce45824284b671bbc928543.jpg,day_sharp
CarLongPlateGen7_jpg.rf.08092d3bd7e6bcf2b8a02c6731aec324.jpg,night_sharp
xemay484_jpg.rf.cb663bfea2cd089a308e9e1977342d35.jpg,day_sharp
CarLongPlateGen1889_jpg.rf.d58065e18b63bf9f46f49f76f9adddbd.jpg,day_sharp
xemay582_jpg.rf.a3b6585f7ae8af935dbb3854e852347b.jpg,day_sharp
CarLongPlateGen676_jpg.rf.bd2a07d8c5f0787585530da243dde15f.jpg,day_sharp
CarLongPlateGen3345_jpg.rf.68bbefef503c214fc7a5ca66789bcdaf.jpg,day_sharp
xemayBigPlate133_jpg.rf.649af807425a2a781d6aeff3248dd67a.jpg,day_sharp
xemay1295_jpg.rf.ab947a938900c767bef874edca89dc00.jpg,day_sharp
CarLongPlateGen1063_jpg.rf.be9ee5f715558ac441b115dbfe4e828b.jpg,night_sharp
xemay1843_jpg.rf.c4897f2c0a123a2bfffb16a470d2d34e.jpg,day_sharp
xemay1799_jpg.rf.a4255858a60f9403be835180988394bc.jpg,day_sharp
255767_jpg.rf.8ea6e2b31b29034eccb9a2cf55f70266.jpg,night_sharp
CarLongPlateGen1685_jpg.rf.0e32b7a948f0dac3efbc61316c6c12f0.jpg,day_sharp
CarLongPlateGen1442_jpg.rf.6b4186f412f3b64c4d68d808840ae7ad.jpg,day_sharp
CarLongPlateGen2366_jpg.rf.c831cd89b95109548264a78b57e0d8e6.jpg,night_sharp
boderquandoi99_jpg.rf.668bce2c124d78745390284012a2ca0e.jpg,day_sharp
pic_012_jpg.rf.d03488eb46c5932752286b9b80ab12ce.jpg,night_sharp
CarLongPlateGen1917_jpg.rf.eee5ca0f7483751989918af2b5f2df33.jpg,night_sharp
CarLongPlateGen953_jpg.rf.7509b931543bbd6ba6c156f8c1b62ef7.jpg,day_sharp
xemay1738_jpg.rf.c2b6db01a7b7ff49ba40b97b48ca4985.jpg,day_sharp
CarLongPlateGen3447_jpg.rf.df97278d44c94211eaa139f75bd69841.jpg,night_sharp
xemayBigPlate71_jpg.rf.053582c4286e515d8949f3cc70ea2e40.jpg,day_sharp
CarLongPlateGen620_jpg.rf.d5ecbfc44bfbcd9f3e1e84163d388d9c.jpg,day_sharp
CarLongPlateGen719_jpg.rf.112049951314466df8b43cc4bddcb9f4.jpg,day_sharp
Custom-20Kids_-20Tesla-20Model-20S-20Car-20License-20Plate_yythkg_jpg.rf.8d06a5f527578487aa788ec46f81a926.jpg,day_sharp
xemay785_jpg.rf.cf7772ad618e4388cd87fe69d907dd35.jpg,day_sharp
xemay1883_jpg.rf.340f443003fc160d9d2fbe9f698edf3b.jpg,day_sharp
16-Placa-2BGuerrero-2BServicio-2BPublico-2B999999E_jpg.rf.4599220fa2401f5d93f6b955e06c22e1.jpg,day_blurry
CarLongPlateGen737_jpg.rf.7b434e491a2d38576c6653c72275cf60.jpg,day_sharp
CarLongPlateGen3844_jpg.rf.6eb8d9a3fb850c8cb96d10f272e7110c.jpg,night_sharp
CarLongPlateGen166_jpg.rf.89d17d95204abd56264e45e6fb0b121d.jpg,day_sharp
CarLongPlateGen3625_jpg.rf.fa9f14f87ae54a553338ad8f9e5244f6.jpg,day_sharp
xemay2307_jpg.rf.677ca425fb71e2984269f10542f3514f.jpg,day_sharp
xemayBigPlate141_jpg.rf.ba753aec313bbb681908755fef54cb81.jpg,day_sharp
xemay2338_jpg.rf.4038fe351f8b42a0dcab5c41dd40010c.jpg,day_sharp
CarLongPlateGen1355_jpg.rf.74db6d3a3c824c544f76a0987560fa52.jpg,day_sharp
CarLongPlate34_jpg.rf.f659b8bf53dbab846512de709e07a669.jpg,night_sharp
xemay594_jpg.rf.fc3956f5e98ae22f64fb81abb6893e15.jpg,day_sharp
CarLongPlateGen2021_jpg.rf.2fe3d7b74871d76b9a2c1b32ea35b31c.jpg,night_sharp
CarLongPlateGen1389_jpg.rf.652bc83aae6799f3ed210cdb1c783f19.jpg,night_sharp
pic_236_jpg.rf.a4d77a3778ae97539828f8f8de506f61.jpg,day_sharp
CarLongPlate180_jpg.rf.17b1812e97e103c284b3a5966f1fd3b1.jpg,night_sharp
xemay1020_jpg.rf.892176b06e824225cf492f7e88a36469.jpg,day_sharp
xemay1207_jpg.rf.99bc581e27d8509bdc5ddfd8976edad9.jpg,day_sharp
CarLongPlate615_jpg.rf.b93c5c70f887ed835c3f5460c4095edf.jpg,day_sharp
CarLongPlateGen2806_jpg.rf.9082c925dce955c47e915bec3b3f2925.jpg,day_sharp
Best-20Electric-20Car-20License-20Plates-20-3-_jpg.rf.0e7b399574853f154f004fa6501fb78c.jpg,day_sharp
CarLongPlateGen3843_jpg.rf.08d5c61264451db8cf67e400f8aa1915.jpg,night_sharp
CarLongPlateGen1949_jpg.rf.59cc0c6f7909eedca775f03a602dd874.jpg,day_sharp
CarLongPlateGen2500_jpg.rf.8ee571aefa4c42f67db2f658683fa3b5.jpg,day_sharp
CarLongPlateGen680_jpg.rf.334678ff591dafa6bd09f3470d6a3d31.jpg,night_sharp
xemay1329_jpg.rf.1057700253ca7b2785cae075f5d500a8.jpg,day_sharp
IMG_7011-conv_jpeg_jpg.rf.b3756f6f60dbfb1dc6d63d6fdfbb7a8e.jpg,day_sharp
pic_152_jpg.rf.1c01c28d4d7bb8e29e577e20c84c918d.jpg,day_sharp
Cars21_png_jpg.rf.5437d6da5e6270766d901440acf995b8.jpg,day_sharp
CarLongPlate43_jpg.rf.4c1b45d7423ef14cfd112e937ddb1a30.jpg,night_sharp
CarLongPlateGen2700_jpg.rf.d3ef52414dd2561fd29d7294ed0bdbfa.jpg,day_sharp
CarLongPlateGen1774_jpg.rf.24e3f1b37c7de24e90a7668f6bb769df.jpg,night_sharp
xemay456_jpg.rf.8fff3b2dac6a78c50ea7ab494ef2d246.jpg,day_sharp
CarLongPlateGen1040_jpg.rf.1be1e5168f2a898cb1afb61dcaca843d.jpg,day_sharp
xemay1243_jpg.rf.112636b13189071b4b5f7303ca39ae2c.jpg,day_sharp
xemay2324_jpg.rf.cb32c343cbd87bc32272c3fba6397bab.jpg,day_sharp
CarLongPlateGen129_jpg.rf.83b351d66bb7d2114d505cd33d55f6ba.jpg,night_sharp
pic_528_jpg.rf.09c0a7fa1da893ff6683bd4e052617e5.jpg,day_sharp
CarLongPlateGen2730_jpg.rf.59b6b6d985c4daad3d367857acb3a0d3.jpg,day_sharp
CarLongPlateGen1821_jpg.rf.95a31ea1d6bfa129272a898eaad47eb5.jpg,day_sharp
xemay70_jpg.rf.0e69119e6fff33ed14c4945ad71da6a9.jpg,day_sharp
NTHGLFT_jpg.rf.b43285c1e92e4aa6387250df08a5ea33.jpg,night_sharp
pic_229_jpg.rf.b3a1ac67678d56a852a8c3c187089759.jpg,day_sharp
CarLongPlateGen2223_jpg.rf.a1b51ac86e9a7a2509a350998cfded08.jpg,night_sharp
xemayBigPlate228_jpg.rf.e2372e6a1ea4607ae00ce93ae9db11d8.jpg,day_sharp
Cars139_png_jpg.rf.0ab4a95125fedeb7b3f01e5b71659500.jpg,day_sharp
xemay1454_jpg.rf.e1bc9c2d5a21650e6b69d51d34366269.jpg,day_sharp
xemay1244_jpg.rf.438dea2d62f9547e8373ebbd32e6c13c.jpg,day_sharp
xemay830_jpg.rf.bc1f3148d274dbbe974e80e25b8cac7b.jpg,day_sharp
CarLongPlateGen1817_jpg.rf.a8d095b7a491c53bc2a4b235e50d9f22.jpg,night_sharp
CarLongPlate9_jpg.rf.af31d6fdd3b43526b38b83f7647db5a7.jpg,day_sharp
CarLongPlateGen1101_jpg.rf.a0c0a0cc38470dc7b0910023d8b8b4af.jpg,day_sharp
pic_657_jpg.rf.7afa78a6cb222edae1ab3037fd39e53e.jpg,day_sharp
xemay1518_jpg.rf.424bb34310279b69bc9f04f317da3407.jpg,day_sharp
IMG_7048-conv_jpeg_jpg.rf.5dc5f2041fc99c9e505138303793f7d8.jpg,day_sharp
CarLongPlateGen3212_jpg.rf.3024a870639fd178f94fb96cd3869378.jpg,night_sharp
CarLongPlateGen3774_jpg.rf.8deddc97b6cf62e7bda7485f1df53a05.jpg,night_sharp
CarLongPlateGen2131_jpg.rf.92094ef1e3bbf3d75a5513694b2c6ee7.jpg,day_sharp
01929e6e4467314d_jpg.rf.46cc8e7b7a82eb103d7fd4df72a34db8.jpg,day_sharp
CarLongPlateGen610_jpg.rf.a19095a7e68924e3159d2d27a8f15adf.jpg,day_sharp
CarLongPlateGen3574_jpg.rf.af3f34f96274676cb6a52e5be6fa6707.jpg,night_sharp
CarLongPlate131_jpg.rf.9f8da3ef27c9736b3b2f9aa86da5aff3.jpg,day_sharp
xemay422_jpg.rf.86709fe6ad1ae3a4b5f461ad5b76d8f7.jpg,day_sharp
pic_262_jpg.rf.e8562b8e1da9f8ba0d69827848609dcb.jpg,day_sharp
xemay1837_jpg.rf.6cd8e3550d2fc854073e890694d60a7f.jpg,day_sharp
CarLongPlate966_jpg.rf.f0e62c60d8c8c7e7508ef37214fa97a2.jpg,night_sharp
xemay2065_jpg.rf.814292dfee5a5c4d5db45bba5a798159.jpg,day_sharp
xemay2027_jpg.rf.eb50725f40cba19147e4246c374658d3.jpg,day_sharp
quandoi33_jpg.rf.750a3ff7da229b0510b29f364c0705d8.jpg,day_sharp
CarLongPlateGen1115_jpg.rf.cb0c8ac3398673100a3ca62b65ccf1ad.jpg,night_sharp
Cars411_png_jpg.rf.a5e51ed4de7f0b8f19836501a50b12b9.jpg,day_sharp
xemay1482_jpg.rf.0a70983dbf90fe8381ae8bd1d55cf87b.jpg,day_sharp
xemay905_jpg.rf.509f8403e203e0bc571a2aeb54d65817.jpg,day_sharp
0045d88407bab692_jpg.rf.1d7fe9b1810eec817ff37540e0f7047f.jpg,day_sharp
Cars410_png_jpg.rf.64695e24aa2a6829f387c00bee96bf41.jpg,day_sharp
CarLongPlate644_jpg.rf.194bdcaa9756844ad949904102b7dcf5.jpg,night_sharp
rotatequandoi83_jpg.rf.e6761b85d34e810b45d5d84c48c46e02.jpg,day_sharp
CarLongPlate616_jpg.rf.6113a8c19aee8df5cb6c03c757d87ac3.jpg,day_sharp
xemay636_jpg.rf.c7a9191a075c7e0c0e2cee0ca9cb58d0.jpg,day_sharp
CarLongPlateGen990_jpg.rf.1b58d7da5ab4f7c4f495d88711cfe6b6.jpg,night_sharp
xemay2035_jpg.rf.9ffe5f47f4f07d053d5265a3f1933997.jpg,day_sharp
boderngoaigiao4_jpg.rf.febfc8fba7c89e84609c14ad4cd85083.jpg,night_sharp
xemay1102_jpg.rf.c3e5752bcb24654747871c09597ab098.jpg,day_sharp
CarLongPlateGen1151_jpg.rf.71b929e3c1c21dc954b4c89563152e57.jpg,day_sharp
CarLongPlateGen1104_jpg.rf.be76b84f0da7d4bfa230ab206b1128ab.jpg,day_sharp
Cars143_png_jpg.rf.54de0c5f0816ab515166578857bd444c.jpg,day_sharp
xemay428_jpg.rf.91c249eeb085edf0bdee5c3fca2314b9.jpg,day_sharp
CarLongPlateGen1129_jpg.rf.95a5efcc958876cbfde9fc4c7f7b5332.jpg,day_sharp
CarLongPlateGen1330_jpg.rf.e9292f7d380cc26efb77eff25a355760.jpg,day_sharp
CarLongPlateGen1790_jpg.rf.1f4172abc7ec34e4cbc261197dde3ab6.jpg,night_sharp
CarLongPlateGen373_jpg.rf.819a6af7d32c3494a89e39573f6f18f1.jpg,night_sharp
CarLongPlate216_jpg.rf.03b4d60ec8de80f6d8fdbd92d22457d8.jpg,day_sharp
images20_jpg.rf.b0af9dc782b133a53db08f6bb730a4ac.jpg,night_sharp
CarLongPlateGen3226_jpg.rf.010b5edc51f1e2632c986d173828c3c8.jpg,night_sharp
1649292507310_jpg.rf.0c19196a6dbccdd2a83760cf006d59d6.jpg,day_sharp
boderquandoi102_jpg.rf.323f1c228dd0744f22e93712ccf81c51.jpg,day_sharp
brightnessquandoi92_jpg.rf.81dbbdbe577a437dcd5bd7f6019e95b7.jpg,day_sharp
CarLongPlateGen3088_jpg.rf.0544996a2a7125b581806d79d2b28a73.jpg,night_sharp
CarLongPlateGen3824_jpg.rf.49771dcbb49914d736e5fea3693a99fe.jpg,night_sharp
xemayBigPlate199_jpg.rf.0d015a48458ca17b30c8f4b7130d4b20.jpg,day_sharp
CarLongPlateGen1275_jpg.rf.6ff5a04477c0f3d4d145a5dc9c2d90c0.jpg,day_sharp
CarLongPlateGen33_jpg.rf.5f1460eed1abcf9639064dce0587b9f7.jpg,day_sharp
CarLongPlateGen1004_jpg.rf.f7133d1bf568de7cc0252d1844c86f1a.jpg,day_sharp
pic_275_jpg.rf.aba4094e873e8a27e733f9be4813e050.jpg,day_sharp
boderquandoi9_jpg.rf.5990cc399747749f2943f6917578ed73.jpg,day_sharp
CarLongPlate325_jpg.rf.108d1112aea1f6c660b806c57cc9bc16.jpg,day_sharp
CarLongPlateGen2915_jpg.rf.feb2d6d7c40e0bcfc5a253a70c9c76c4.jpg,night_sharp
CarLongPlateGen1280_jpg.rf.1f4b1c0863b8a9c8db784f37cd95b3ce.jpg,night_sharp
CarLongPlateGen3775_jpg.rf.9bcda8b69e533a3ae765af2d58e20fb3.jpg,night_sharp
CarLongPlateGen3222_jpg.rf.1219859ff61893c98500b762bb1421f6.jpg,night_sharp
CarLongPlateGen2462_jpg.rf.79400cd96503bfde7c8de8b66dbce325.jpg,day_sharp
xemay2103_jpg.rf.5415cebccb12e03a7df4c8c9c082e300.jpg,day_sharp
CarLongPlateGen3070_jpg.rf.cb000ea43b7312de2e31b60604b31e08.jpg,day_sharp
CarLongPlateGen1261_jpg.rf.0da502f67a6daa89014442c751d96986.jpg,night_sharp
CarLongPlateGen41_jpg.rf.9c833a923d0635379e70bb5c00eb0b18.jpg,day_sharp
CarLongPlateGen968_jpg.rf.31565c3faa42b29f607440db0826f34f.jpg,day_sharp
001bebecea382500_jpg.rf.75aa509ed5569636354ae125d3aabc33.jpg,night_sharp
xemay306_jpg.rf.07a0c1eedaff636264907ce2efc22df7.jpg,day_sharp
CarLongPlate347_jpg.rf.d16608379878d200b64fe26a67100d29.jpg,night_sharp
CarLongPlateGen81_jpg.rf.31713a136791082917481bcd8538c0fe.jpg,day_sharp
brightnessquandoi31_jpg.rf.c3f59d8cb09f5ab7d297470fa21bbbc2.jpg,night_sharp
pic_708_png_jpg.rf.db6b66d02a33a59a4a7e9761eebdb86b.jpg,day_sharp
Cars248_png_jpg.rf.72d36886186a00ccaa31e089480af374.jpg,day_sharp
CarLongPlate932_jpg.rf.5241273c5a92abd35f0332e77260a68b.jpg,night_sharp
Cars28_png_jpg.rf.846dd373cbb16691c24d66f1523f3ecd.jpg,day_sharp
CarLongPlate351_jpg.rf.66066aa42ff1ee7253d4fbc28339619c.jpg,day_sharp
CarLongPlateGen1986_jpg.rf.9aed5314aa22c40004990c119add6db9.jpg,night_sharp
CarLongPlateGen2352_jpg.rf.a44d287cb28a62607cb0b38df60f6c8a.jpg,day_sharp
CarLongPlate435_jpg.rf.e6e147ee869dbbef02b18dd64ba1ae05.jpg,night_sharp
xemay922_jpg.rf.b74a6b3c143d270be3dd72e26db7ff81.jpg,day_sharp
xemay2091_jpg.rf.2452d10c5c5da53ec713b4aab4ff01d0.jpg,day_sharp
CarLongPlateGen3488_jpg.rf.65fb1cbf36b2bcf2ccc874e21dcbed92.jpg,night_sharp
xemay1592_jpg.rf.29a82d1ebd2545e5f54a8b0b1c0f7a40.jpg,day_sharp
xemay563_jpg.rf.1e0894bbd2e71c7d98f5e3fe2a25d7a9.jpg,day_sharp
pic_122_jpg.rf.a75961e6296374ce2fac9c2ac8d1df96.jpg,day_sharp
CarLongPlateGen3818_jpg.rf.afbe90ec805ff940e879b99cedcb90bb.jpg,night_sharp
CarLongPlateGen361_jpg.rf.f3abcda2b906a4d811a597761eda7177.jpg,night_sharp
xemay1857_jpg.rf.6c9c5931e38f4f06e0367ef3d99b6266.jpg,day_sharp
CarLongPlateGen730_jpg.rf.b14b97125b30e0ef5aad20e1929be9c0.jpg,day_sharp
CarLongPlateGen2111_jpg.rf.bd60d6b2db9f4dbcd1f888203034bb59.jpg,night_sharp
cropquandoi94_jpg.rf.12a3f4e537810fbea6aa6766af257cf3.jpg,day_sharp
CarLongPlateGen344_jpg.rf.e799f86bedde29359097bc04dd84aa76.jpg,day_sharp
rotatequandoi93_jpg.rf.cbd07fd866d7622c88a5a08d3b71c5a8.jpg,day_sharp
CarLongPlateGen71_jpg.rf.1b136fb530ddf0eb692a2b25f440c3f1.jpg,night_sharp
CarLongPlateGen13_jpg.rf.4bd9a17f751769e73f53c27f77d1a7bc.jpg,night_sharp
CarLongPlateGen82_jpg.rf.59d910a516808ae4f99e4ac517e543b7.jpg,night_sharp
CarLongPlateGen2872_jpg.rf.5913499d8ec17225508a742328646cbe.jpg,day_sharp
pic_348_jpg.rf.788139a156662b88ab6f2b2efe621c8d.jpg,night_sharp
pic_001_jpg.rf.362f12e3d72482e17dc29e7a7a94f56c.jpg,day_sharp
CarLongPlateGen3555_jpg.rf.fee3a7ea548c9342a615ee29a2f7c39c.jpg,day_sharp
quandoi52_jpg.rf.5b65f1f31022f069ee8608ab8cd3a6f9.jpg,day_sharp
xemay1043_jpg.rf.b47f152faf02da4bc665e69330be264d.jpg,day_sharp
IMG_7054-conv_jpeg_jpg.rf.f7dcf5ca62d48eb0570f31c3375beaad.jpg,day_sharp
xemayBigPlate206_jpg.rf.17c0f9d4e72fd9ef381557fea88d26a3.jpg,day_sharp
boderngoaigiao7_jpg.rf.e5e88474cb091c8182a99c039fae7418.jpg,day_sharp
Cars405_png_jpg.rf.88fbe1017721edcd4059eea8b5c48b2a.jpg,day_sharp
CarLongPlateGen1748_jpg.rf.ca12fef11c66a8721728875f66979f8f.jpg,night_sharp
xemay328_jpg.rf.6b845ffd8ca2ad8a3dcc73aad0a4ff22.jpg,day_sharp
xemay2336_jpg.rf.63ef5b632434b428aad248ca9810369d.jpg,day_sharp
CarLongPlateGen1105_jpg.rf.7ddb4bc3b4b6546ef903dac13b3b3dc8.jpg,night_sharp
CarLongPlateGen2317_jpg.rf.097033de86c963602d972369bc018e87.jpg,day_sharp
CarLongPlateGen2384_jpg.rf.44b104c5981932db802ef163305d9301.jpg,day_sharp
quandoi9_jpg.rf.4c4efbe36eccc75dffaf2c1294a9a0b0.jpg,night_sharp
Cars6_png_jpg.rf.92e3eb23a17922afefcfdf470cc4e08f.jpg,day_sharp
0009c4ddcaab18d3_jpg.rf.3f94302b6fcc9c7bd70482ef64eaf2d2.jpg,day_sharp
CarLongPlateGen2318_jpg.rf.c3531b9cda4175fd60992fa37822cc47.jpg,day_sharp
xemay2258_jpg.rf.695d77e6b470472fedd7d25433fd365c.jpg,day_sharp
CarLongPlate436_jpg.rf.784cf129723df032d203f9094d2ac6a7.jpg,day_sharp
brightnessquandoi19_jpg.rf.0bc72f9dc49690d96b1fd484c4253b0f.jpg,day_sharp
CarLongPlate1_jpg.rf.7d417c737f06cfe310c2b5aa1c69673a.jpg,day_sharp
CarLongPlateGen1144_jpg.rf.e6e1a0869f949dbae4a1b1a7f9d1e945.jpg,night_sharp
brightnessquandoi1_jpg.rf.235bd27cfa251c703be4bd6a40960d18.jpg,night_sharp
xemay2073_jpg.rf.643bfcec6d3261bf9420cd8606dd3361.jpg,day_sharp
CarLongPlateGen1646_jpg.rf.c8b995365f2d7435802a0a6b4590e707.jpg,day_sharp
Cars65_png_jpg.rf.26ed3f93d146dac2d8d090d59db16b71.jpg,day_sharp
CarLongPlateGen1873_jpg.rf.838f95b55a6180f82a97776fa95676d6.jpg,day_sharp
xemay2375_jpg.rf.e8855f99aed736b30c909c0d21ac5b7d.jpg,day_sharp
CarLongPlate846_jpg.rf.cb0f1234a2400940240c6f2900cb1c7e.jpg,night_sharp
xemay1590_jpg.rf.1e927659377d713a1d22645e1a3e1110.jpg,day_sharp
Cars159_png_jpg.rf.e5fd676cb5ad9089638a18f02d730ad2.jpg,day_sharp
xemay576_jpg.rf.e6901ba8206304a0a6091a4b078ede33.jpg,day_sharp
CarLongPlate245_jpg.rf.d29dedd7d9a22a338aba232fa66e3770.jpg,day_sharp
CarLongPlate282_jpg.rf.198012c1fb8296ee725f35475ad14fd1.jpg,night_sharp
CarLongPlateGen624_jpg.rf.591338c855efb56c8d5f3001cb9d6974.jpg,day_sharp
IMG_7015-conv_jpeg_jpg.rf.e26b7e7964d193d9f9ff2f2f52b9a1a2.jpg,day_sharp
xemay1745_jpg.rf.686c7c540633091770f3a51f6cfa6f80.jpg,day_sharp
xemay942_jpg.rf.7ec37daf94e806936d96467f03eaf327.jpg,day_sharp
CarLongPlateGen3819_jpg.rf.cd2c2faa759e4f7980774a90ff024d70.jpg,night_sharp
CarLongPlateGen2846_jpg.rf.01c712c23a35cbfc6219204bcce06272.jpg,night_sharp
xemay1660_jpg.rf.b44bbcc5a849ca186a7e5ce6cf7ad772.jpg,day_sharp
CarLongPlateGen2973_jpg.rf.4a9e862c3473be3a2d0efe822ebd649a.jpg,night_sharp
CarLongPlateGen3848_jpg.rf.af85a1c4499aa4ab1785331c0e37b381.jpg,night_sharp
CarLongPlateGen1039_jpg.rf.63a01ac27fa73da00882820076d53327.jpg,night_sharp
CarLongPlateGen1227_jpg.rf.5420152943e303256848040acdb63e36.jpg,day_sharp
CarLongPlateGen2506_jpg.rf.448aeaf087cbe058be495ac27fbfb2fb.jpg,night_sharp
CarLongPlate133_jpg.rf.f0a6ee34f273ce60aa39b92c1b8be2b6.jpg,night_sharp
CarLongPlateGen582_jpg.rf.16fe7eb29e0744ae8809baea08d1e41d.jpg,night_sharp
CarLongPlateGen1736_jpg.rf.0c24e1905bdc8d747ff4c168442b10cc.jpg,night_sharp
CarLongPlateGen2145_jpg.rf.8c7a0407b2d0d5574b6ef11aca0a7d56.jpg,night_sharp
002f860e692757f7_jpg.rf.13e46a05e1ea522c14b5c0410f2bbfe9.jpg,day_blurry
xemay1483_jpg.rf.7218bffad8c5653b46f100c4f6c255f4.jpg,day_sharp
pic_640_jpg.rf.7c7f9c7b8cffeab8833890bc79970ade.jpg,day_sharp
CarLongPlateGen1090_jpg.rf.ec6ce3d3c1a2d501621144ee394d76b5.jpg,day_sharp
CarLongPlateGen2261_jpg.rf.5194ee7f15e81957c2cf73153265fc21.jpg,night_sharp
CarLongPlateGen153_jpg.rf.28306c64560b74ef0f9fb332287223e4.jpg,night_sharp
CarLongPlateGen786_jpg.rf.d80ad4a665082a918969f0b182300aff.jpg,night_sharp
CarLongPlateGen413_jpg.rf.be44fa1032aa53a570d0fdc7f35cdc0e.jpg,day_sharp
CarLongPlateGen140_jpg.rf.eda2c3a6b7e4e9a152694b50dd93f2c4.jpg,day_sharp
xemay2455_jpg.rf.7ac23d8bd0a90df39b2f45570485b654.jpg,day_sharp
xemay1487_jpg.rf.470a5056a7ead94429e93654f63e7675.jpg,day_sharp
pic_585_jpg.rf.79d3a695512101d885e1b5626bf43bc2.jpg,day_blurry
xemayBigPlate150_jpg.rf.529a61c1b25b92359d8c0bd1abba99aa.jpg,day_sharp
CarLongPlate322_jpg.rf.b96349fee2db46493eb8642dc352e22a.jpg,day_sharp
CarLongPlateGen1510_jpg.rf.896d56764beee4977c65647f7fce574f.jpg,night_sharp
CarLongPlateGen203_jpg.rf.a9cd08e4fba956dd2aeaffb6d79236c6.jpg,night_sharp
CarLongPlateGen3256_jpg.rf.9ff2f32faf729dd865bc303f2fd7d17a.jpg,night_sharp
CarLongPlateGen395_jpg.rf.37232a59ec9cc241b25d2addb04408f2.jpg,day_sharp
CarLongPlateGen618_jpg.rf.b438be9969628beddccf8628b703c8c9.jpg,night_sharp
CarLongPlateGen1595_jpg.rf.4639394776ddfb3bccea49fb4fe4cdf0.jpg,night_sharp
CarLongPlate21_jpg.rf.64223279cb8cce67e35dd55e3993b1b3.jpg,day_sharp
CarLongPlateGen437_jpg.rf.4a4a9989a4bbbe9d89ae22bd1e3642f2.jpg,day_sharp
CarLongPlateGen3559_jpg.rf.786ee1ff0ccb014bc18d0d9dd95c530e.jpg,day_sharp
CarLongPlateGen2995_jpg.rf.d8312d0a8652c65b40ed3d74b2cbaf13.jpg,day_sharp
CarLongPlateGen2056_jpg.rf.078d509b4e1066eca2e9adfbb55f45a6.jpg,night_sharp
CarLongPlateGen357_jpg.rf.fff4f9a734fa3c5c499525cdd46e2827.jpg,day_sharp
xemay1821_jpg.rf.246f0a007714ea5db2a18950ffa3a109.jpg,day_sharp
image4_jpeg_jpg.rf.9681f1515207ff1998723b79e9323516.jpg,day_sharp
CarLongPlateGen235_jpg.rf.fd5d885a8eca027c8d0fc65ab4e829a7.jpg,day_sharp
images23_jpg.rf.0edb7664b41fdb5da0b8ff536a57086d.jpg,day_sharp
CarLongPlateGen2964_jpg.rf.9cfecf2b113b6a85f721cba541ffbfc8.jpg,night_sharp
xemay1413_jpg.rf.90e5ff7be8acee46a4bee8ccb7b83a0d.jpg,day_sharp
CarLongPlateGen1203_jpg.rf.f2e80e67114939febb48b422acc07df2.jpg,night_sharp
J1S1_jpg.rf.567ed845196918f2d067dc9e2f698a0a.jpg,day_sharp
CarLongPlateGen1374_jpg.rf.5a8bc6bf59bb415dc5ad10c4b91965e5.jpg,day_sharp
xemay1778_jpg.rf.a9ff4fea43ce6b308c99499a9befbc6f.jpg,day_sharp
CarLongPlate607_jpg.rf.4ef9ae6d8492da5c4499368de9d7c3d0.jpg,day_sharp
CarLongPlateGen908_jpg.rf.d31c8dba6f1d43fd262e07fb74b280bf.jpg,night_sharp
CarLongPlateGen3620_jpg.rf.8f4f7d2b8933cf3bd3ebf6b11c27c5b8.jpg,night_sharp
247VIP9_jpg.rf.95fac179b7c743b1858d4f255b7dbfdd.jpg,night_sharp
ngoaigiao12_jpg.rf.13e06d9f0a823e9646865cf88b53e62f.jpg,day_sharp
xemay1586_jpg.rf.f8b7374b1e3036ac90fcffdb683b6d6d.jpg,day_sharp
CarLongPlateGen484_jpg.rf.3ede9934c817074c52aa892b78400f94.jpg,day_sharp
0092a20b63799744_jpg.rf.ab3228340c7936af66a01e7820809c1a.jpg,day_sharp
CarLongPlateGen3258_jpg.rf.0068a5501e3d321ee24caa504e8edc9f.jpg,night_sharp
pic_373_jpg.rf.646c8f6827d1c6981a804c8662671011.jpg,day_blurry
CarLongPlateGen647_jpg.rf.7e808b6481a86ff7043221fb646a9899.jpg,night_sharp
CarLongPlateGen2061_jpg.rf.dc2729cdbdf3592cd590a7da5fcde731.jpg,night_sharp
CarLongPlateGen1333_jpg.rf.747a462ed1a4bb88caefc12472c93e3f.jpg,night_sharp
pic_048_jpg.rf.c2ec789aeb3bf34bacc991384e1a1b2e.jpg,day_sharp
quandoi0_jpg.rf.e44b18af267858632575602ba6b748b0.jpg,day_sharp
CarLongPlateGen342_jpg.rf.3874f1483ad1d362b7cc7f8d9515ac7f.jpg,day_sharp
Cars408_png_jpg.rf.60444e8bb1b053525d404760af8c4ec3.jpg,day_sharp
CarLongPlateGen1130_jpg.rf.4cee298b8d5a5a7347fcdb4dab870b45.jpg,night_sharp
xemay1399_jpg.rf.4d3270f94726b84320123b62a50e0097.jpg,day_sharp
36-License-Plate-IL-NDXVI_jpg.rf.97c91ed4fe160dcd5319e631fcc83954.jpg,day_sharp
CarLongPlateGen3573_jpg.rf.c30b8ea45863bbe00b137589abe059f7.jpg,night_sharp
pic_545_jpg.rf.76d20de6a08fd9c94b7b9861bf0924e8.jpg,night_sharp
rotatequandoi21_jpg.rf.3473d897e82ecd3938a453240ead3812.jpg,night_sharp
xemay767_jpg.rf.6d26d1bc05064909e9b9247724bd1aed.jpg,day_sharp
CarLongPlateGen2187_jpg.rf.5beb7bd67c60a328487450f7036420bf.jpg,day_sharp
0015ed86d644a332_jpg.rf.1fd30ac8b0a4c7b4bb35778ccccad2eb.jpg,day_sharp
CarLongPlateGen1980_jpg.rf.bdd016092583848c0d469dd317a10149.jpg,night_sharp
CarLongPlateGen889_jpg.rf.71ffe55286106ae156a920632a8280c0.jpg,day_sharp
rotatequandoi90_jpg.rf.4d9b6611adde9b816365c40a692f9325.jpg,night_sharp
92-800px-NETHERLANDS_1991_-PASSENGER_LICENSE_PLATE_FOR_AMERICAN_VEHICLE_-_Flickr_-_woody1778a_jpg.rf.53945e0fddb8b818417e6c483b225852.jpg,day_sharp
xemay1757_jpg.rf.e958da8bed378fdddad5bc1b61b3c9ad.jpg,day_sharp
CarLongPlateGen1963_jpg.rf.016bb5f3329270c56dc10d600d5694c3.jpg,day_sharp
CarLongPlateGen399_jpg.rf.61fe0751ae3425b2367b4ac7f7f61500.jpg,day_sharp
CarLongPlateGen1836_jpg.rf.3ad8f0ea26d630d54bce18a9e6bd47ed.jpg,night_sharp
xemay368_jpg.rf.c0b585f42e9d351711428c8e7dd7005d.jpg,day_sharp
pic_112_jpg.rf.e7839ed9ebe1b53595843a9bb625ca75.jpg,day_sharp
xemayBigPlate67_jpg.rf.31a6872201a9104ff856c80b2c62a74b.jpg,day_sharp
CarLongPlateGen587_jpg.rf.d091ac480d2307994395a796a81dea96.jpg,day_sharp
CarLongPlate562_jpg.rf.94f9d195f460fc28c75179f7d7e375f8.jpg,day_sharp
0058bbcd8f6c9572_jpg.rf.a5e6afa582f9b735bc6d0d1ba3a130a7.jpg,day_sharp
boderquandoi34_jpg.rf.494d9e5e0061acd09652549883a1173a.jpg,day_sharp
CarLongPlate778_jpg.rf.b4c05738c89ad36ee9caef70c5ad7cb5.jpg,night_sharp
xemay679_jpg.rf.35ce189f8eac090179bafc337057900a.jpg,day_sharp
cropquandoi88_jpg.rf.628bebb389aecd08bc3e6fe01485d948.jpg,day_sharp
CarLongPlate655_jpg.rf.1bda836a3b058f864b4e270eda8614f8.jpg,day_sharp
CarLongPlateGen1518_jpg.rf.7040fcabb58933862d04822c1b836d3f.jpg,night_sharp
CarLongPlate182_jpg.rf.43ab8fedec0a78b185037808215b0a80.jpg,day_sharp
Cars10_png_jpg.rf.a377cffdbb974b58d1bf486c8a385804.jpg,day_sharp
xemay2410_jpg.rf.53a8a107be8f021b9f764ff27d44d275.jpg,day_sharp
brightnessquandoi59_jpg.rf.9b0627dbfb23e750b511f29c7f3f8e33.jpg,day_sharp
xemay940_jpg.rf.4b18039b53dfaa46881ac3c587e32882.jpg,day_sharp
xemay2062_jpg.rf.48bade754fe6288e4bb4cbc07ca37419.jpg,day_sharp
xemay2467_jpg.rf.8b635958087112d6c2b256811881b9ec.jpg,day_sharp
xemay2074_jpg.rf.f7fee74bdf1c0c721653d5314a4f522f.jpg,day_sharp
rotatequandoi104_jpg.rf.3c110008d32fc7a5b2607f3dfbe45734.jpg,day_sharp
CarLongPlateGen678_jpg.rf.bd73e9d3a85450e8bdc2dcd278d497d2.jpg,night_sharp
xemay1227_jpg.rf.75edd04ee32e66f1784a27a25f74ab63.jpg,day_sharp
xemay2112_jpg.rf.6fcf5dd558b3fe7ad68f123aa72371f8.jpg,day_sharp
IMG_7006-conv_jpeg_jpg.rf.8fd60e56c5e321a4fc1db9dd1d0f6caf.jpg,day_sharp
xemay1198_jpg.rf.c5d6881339ad9ad254182408e9199208.jpg,day_sharp
CarLongPlateGen1248_jpg.rf.705db4edd9136c11f1b5246a6f745194.jpg,night_sharp
CarLongPlateGen788_jpg.rf.2c05fa9a759c257225a313c55bb76297.jpg,day_sharp
brightnessquandoi70_jpg.rf.12bdd16882038048ab51a4fecc15d09c.jpg,day_sharp
xemay661_jpg.rf.e6587472f21fcfa0212093c46bdc3d1c.jpg,day_sharp
CarLongPlateGen172_jpg.rf.8cb84acdff82a0d401950f43f78e4709.jpg,night_sharp
IMG_7076-conv_jpeg_jpg.rf.5ca4b4a730e7bb2a7f7aea4cab5971be.jpg,day_sharp
xemay387_jpg.rf.b99f5d640342806ff8feaee35d1b3eed.jpg,day_sharp
01d0a3d07e032990_jpg.rf.cd878aeebf33373a563636b69f20055c.jpg,night_sharp
CarLongPlate358_jpg.rf.26b8896cf18e15f0b15798c809f3cf5e.jpg,day_sharp
CarLongPlateGen3449_jpg.rf.41ee5b823d8ec05001d03289fb078620.jpg,night_sharp
CarLongPlateGen831_jpg.rf.ef79b04e2592593b395d371ef40d83f6.jpg,day_sharp
CarLongPlate220_jpg.rf.e90e703907e4e6acc00d454013ea8ccc.jpg,day_sharp
pic_299_jpg.rf.07419caecd25d8be5c9501f9188517a8.jpg,day_blurry
xemay1002_jpg.rf.1162efad67c46d084bcdb6e1fbed7ec3.jpg,day_sharp
CarLongPlateGen2200_jpg.rf.91ac701d93ae7a897eb60f6a65100dd7.jpg,day_sharp
CarLongPlate192_jpg.rf.39cc9f023e2db37b6f0ec4167ac648ce.jpg,night_sharp
CarLongPlateGen1476_jpg.rf.238edc7b2f746171a55bce66fb9f1742.jpg,night_sharp
CarLongPlateGen2_jpg.rf.1f1dc0bb90ed2b94225dc1790e5fa325.jpg,day_sharp
CarLongPlateGen382_jpg.rf.18e94c73c546fc25402d412f99830f26.jpg,day_sharp
pic_025_jpg.rf.4c014ab396e5dd26cb3f3137300d6b39.jpg,day_sharp
003a9e99a2753141_jpg.rf.7377638a1015136486e3c20681f605c1.jpg,day_sharp
CarLongPlateGen827_jpg.rf.91e9edfa93d1e519f7314b0d9269d0bc.jpg,day_sharp
xemay2448_jpg.rf.2f13fa8d568d6e14b0baa8f775af3742.jpg,day_sharp
xemay796_jpg.rf.323945bc4dd794f182aa3dddf9d728ed.jpg,day_sharp
xemay1356_jpg.rf.ddebc5ffaa2c21dc252d6c3a74b13871.jpg,day_sharp
xemay2229_jpg.rf.1b44d73c3c5d29928123953577e0a938.jpg,day_sharp
xemay914_jpg.rf.793d563839df6942932fd83237bb25d3.jpg,day_sharp
xemay1308_jpg.rf.4cb940fd01d715c9ac7b9b202e41a7fa.jpg,day_sharp
CarLongPlate472_jpg.rf.acd9d53ad4fe2ed91cc937aa78a7b13b.jpg,night_sharp
CarLongPlateGen1256_jpg.rf.8b866ea64412743472028135657b60ec.jpg,day_sharp
CarLongPlate725_jpg.rf.5c27450c99bda5bb8b544e1f433efab3.jpg,night_sharp
CarLongPlate679_jpg.rf.07bc8a2d0e34b149e200c94d3e14f359.jpg,night_sharp
02fdd3b7c77702ec_jpg.rf.cf7d348383938107daad13f4c9d18a5b.jpg,day_sharp
CarLongPlateGen2661_jpg.rf.a92e4ea180bc502dfffb0ce595fd97b2.jpg,day_sharp
CarLongPlateGen2726_jpg.rf.b0dd0f43f7e7cb37f5ea4a140062ea24.jpg,night_sharp
CarLongPlate960_jpg.rf.a99b47e45df4c188fc31bda63fdd841e.jpg,day_sharp
xemay2106_jpg.rf.c5153d5a5be1a23ba58351aface893ec.jpg,day_sharp
xemay1440_jpg.rf.4e798d21f978ba991297d46e007966f9.jpg,day_sharp
CarLongPlateGen3678_jpg.rf.4bf96c24ec67d6d6b115fd0f25181c66.jpg,night_sharp
1dSd2kLAEm6isLHkfA6eG8Q_jpeg_jpg.rf.e7781bf9888ad51e8f824c00e3238eb5.jpg,night_sharp
xemay1270_jpg.rf.48d4e0ba942ef51cbf1be90dbb7e9de0.jpg,day_sharp
022831745d737ecd_jpg.rf.9b191793ba446d21bb84d9dfd1f43f66.jpg,day_sharp
CarLongPlate704_jpg.rf.8c3ebbe9251aaa41926ff38ebbf5be8f.jpg,day_sharp
xemay811_jpg.rf.b9ee534d8bf642a4573a45629356e9c6.jpg,day_sharp
CarLongPlateGen2349_jpg.rf.821613f95c5c52ea3361af29850c3ba9.jpg,day_sharp
CarLongPlateGen1832_jpg.rf.5e8eed048658d74c3070f6fd0110db20.jpg,night_sharp
CarLongPlateGen558_jpg.rf.3a8475042468d17deeb3904a07ef3ea6.jpg,day_sharp
CarLongPlateGen2465_jpg.rf.403325a453870ee0c74066dcdf9a3161.jpg,day_sharp
brightnessquandoi93_jpg.rf.68e316afd98742bd84caff3e0d79d8ec.jpg,night_sharp
pic_356_jpg.rf.274f7facefc255a1319aa216852f3173.jpg,day_sharp
034cc7a1d5e2c556_jpg.rf.073ebaaa679ea275988b093d90a32552.jpg,day_sharp
pic_027_jpg.rf.8777dd6a719dc1bce8990ddff4748024.jpg,night_sharp
CarLongPlateGen2640_jpg.rf.2d8089855930225070f7f384b9cd80c2.jpg,night_sharp
CarLongPlate465_jpg.rf.cf44aa8e09dfde6a560fff31d8e79498.jpg,day_sharp
xemayBigPlate34_jpg.rf.143d1481843a1c278a8dd5cb0c126bf8.jpg,day_sharp
Cars49_png_jpg.rf.1861f17840e28e9d75f578dea7ef2a28.jpg,night_sharp
cropquandoi72_jpg.rf.dba4fff25254f4a0febcc267611b7c06.jpg,day_sharp
pic_114_jpg.rf.88ce03406926765976d304f14929c3a7.jpg,day_sharp
CarLongPlateGen1729_jpg.rf.17057d66dc7764b6fa92824500343ee6.jpg,night_sharp
xemay1288_jpg.rf.19bc27bb9282f7849f5a4bffbfcf1f2f.jpg,day_sharp
CarLongPlateGen1152_jpg.rf.cf97713cd598c78099635bb74ac996de.jpg,night_sharp
CarLongPlateGen3107_jpg.rf.9fbc34e929bfa1824f2521eb2463d780.jpg,night_sharp
CarLongPlateGen1760_jpg.rf.90f01a380ec4b3128044dffe5dcd9774.jpg,night_sharp
CarLongPlateGen660_jpg.rf.503467ae2f358dfbeadf6b81bfb29c63.jpg,day_sharp
pic_496_jpg.rf.fe31ef6b06d4958af0554c1d7455aa54.jpg,night_sharp
CarLongPlateGen1589_jpg.rf.46313219f4a89cf8b956b9877a9cfc7d.jpg,night_sharp
CarLongPlateGen2046_jpg.rf.ea3ff4ba2a3e881cd41a7817ce2a295a.jpg,day_sharp
CarLongPlate335_jpg.rf.bafc88cf3796abb8bc555db995c94cad.jpg,night_sharp
quandoi46_jpg.rf.294b5a83367bb534cccb9ff936ed4ada.jpg,day_sharp
CarLongPlateGen1282_jpg.rf.71f191aa901790fd0335c43d60ead533.jpg,day_sharp
CarLongPlateGen2147_jpg.rf.a93faad18b70cb33b730ac7953f1a984.jpg,night_sharp
CarLongPlateGen3275_jpg.rf.f24eb1d15a258b5cea7ed079408fb87e.jpg,night_sharp
xemay242_jpg.rf.d60c01313ad4bd5b13c0906c235b0f8e.jpg,day_sharp
image25_jpeg_jpg.rf.7eac07ceac8ead01a6390d4f221f0b41.jpg,night_sharp
brightnessquandoi45_jpg.rf.5895c8c1ed8756fa7072c8fb25ac344e.jpg,night_sharp
90-s-l400_jpg.rf.f8a6c2681ea5976d1544b08f8eac1784.jpg,day_sharp
CarLongPlate803_jpg.rf.6b97616dba7c9161f76836d0b32027bf.jpg,night_sharp
CarLongPlateGen3626_jpg.rf.08099c43400ccacd4474c4149879e2d2.jpg,night_sharp
CarLongPlateGen681_jpg.rf.51f091c0cb14ffcdb6835fe0f126ba7f.jpg,night_sharp
CarLongPlateGen3077_jpg.rf.09c9a550984951c44c83e55c3d525862.jpg,night_sharp
CarLongPlateGen1582_jpg.rf.780ef6665cb3e0cbfa887c06d1c6a60e.jpg,day_sharp
pic_131_jpeg_jpg.rf.c1be657f57c6e7c46400d1f37a95b7e9.jpg,day_sharp
pic_548_jpg.rf.7c66b38e859d6c48335d5f4bc2767dee.jpg,night_sharp
brightnessquandoi72_jpg.rf.c98a6e8ef1a42e334ee5296ef8174776.jpg,day_sharp
xemay1236_jpg.rf.fc5bed5f6fe0d22950bc16aff3efa203.jpg,day_sharp
CarLongPlateGen1199_jpg.rf.7833a1f088eced252891370629f656e7.jpg,night_sharp
CarLongPlateGen245_jpg.rf.614cea7c13f2a27d8b869d31816792b3.jpg,day_sharp
image30_jpeg_jpg.rf.f022fbb3ce549e9f4e75b8849c679ed2.jpg,day_sharp
quandoi21_jpg.rf.029fb617f600b98c9ed3e7cf32d12b6d.jpg,night_sharp
cropquandoi71_jpg.rf.bc6b32a1cee0f47508a96b0171811170.jpg,day_sharp
0021804a9f9d5db6_jpg.rf.a1abee33430a9a16483d941ae95d4471.jpg,day_blurry
CarLongPlateGen3322_jpg.rf.7722a816253c355eb9d32507134bcecc.jpg,night_sharp
Diplomatic_license_plate_of_Abkhazia_28201829_jpg.rf.174acd6bdd32fc46d5d72512fcbb6703.jpg,night_sharp
xemay162_jpg.rf.e376050bdbeb65d55ada5c2528f9bb10.jpg,day_sharp
CarLongPlateGen3091_jpg.rf.59c3951f8b061f18f9d4779fa4e236a4.jpg,night_sharp
boderquandoi67_jpg.rf.55c24aeb965603084dae4ddca55285c1.jpg,day_sharp
xemay120_jpg.rf.6ebfd93b215deb972b8c24b73ea919f8.jpg,day_sharp
xemayBigPlate213_jpg.rf.ee1c2749dc6ffa26330d0fa41ca97568.jpg,day_sharp
xemay1880_jpg.rf.a1ddb6496d25e05b3e41b0919e959cc1.jpg,day_sharp
boderquandoi74_jpg.rf.a35456368e0f7805c750e6d453821005.jpg,night_sharp
CarLongPlateGen3140_jpg.rf.4b0710d42314fae3e2ee42ca0db429a8.jpg,night_sharp
CarLongPlateGen3627_jpg.rf.f2baf23bb05a6ac2d3dfd3a1fa79083a.jpg,night_sharp
xemay1_jpg.rf.3880752c2979be0c102d9961bc50ba15.jpg,day_sharp
CarLongPlateGen474_jpg.rf.2aae1204a9ac34f4158c03af613d820a.jpg,day_sharp
xemay361_jpg.rf.53f0b041bf31852f3510c213023debfa.jpg,day_sharp
CarLongPlateGen1098_jpg.rf.e0800cca5322377039cf6d16b692e3ff.jpg,night_sharp
CarLongPlateGen802_jpg.rf.f1e39a4e23bd0a5d604c68b917333b3e.jpg,day_sharp
CarLongPlateGen178_jpg.rf.fe7b1650ad6375ee42a7188ea99552e4.jpg,day_sharp
xemay1646_jpg.rf.65df6c5131df778dd732c565f4b7e845.jpg,day_sharp
CarLongPlateGen2769_jpg.rf.98ca5d7f5096aa3d9a10ca4d77cf5712.jpg,night_sharp
CarLongPlate819_jpg.rf.bd243ea506ef00c58210c413c47643b6.jpg,day_sharp
CarLongPlateGen553_jpg.rf.7d52b548390067f4fa61d0817d8b4626.jpg,day_sharp
xemay666_jpg.rf.a7191c6536d494a8bfd147b1cd78ed52.jpg,day_sharp
CarLongPlate696_jpg.rf.6862ed1ba43cf8d26b9381353e126a93.jpg,day_sharp
002cff1919a39fe7_jpg.rf.827b320a93b742cea302951f41e1ea13.jpg,night_sharp
CarLongPlate605_jpg.rf.0b2b15e3bebc171086f00be4587e5831.jpg,night_sharp
xemayBigPlate223_jpg.rf.b1aae2feb1d67689c64c7b3a61e9197c.jpg,day_sharp
cropquandoi34_jpg.rf.ddc6fff9844febf993cb202d649321ec.jpg,day_sharp
CarLongPlateGen3852_jpg.rf.78d0edbd1d0d55b51d0f714aa7f08e4e.jpg,day_sharp
CarLongPlateGen3650_jpg.rf.4d2db9f1b6f6cf89cc6f4169d96dbb77.jpg,day_sharp
CarLongPlateGen3009_jpg.rf.afc6bd735759f785ae1268b71f552ffd.jpg,night_sharp
CarLongPlateGen2109_jpg.rf.af1280c3bf9cf19c76cfd3cbb3db3caa.jpg,night_sharp
CarLongPlate798_jpg.rf.6c42b25a1c601811200fac1bd5ff89f4.jpg,night_sharp
CarLongPlateGen1166_jpg.rf.e40e39f13a9bb43fc4b3b04d88c33856.jpg,day_sharp
CarLongPlateGen1921_jpg.rf.58d20c45e64120ed70d23352854369fe.jpg,night_sharp
CarLongPlateGen3587_jpg.rf.d96afd9482002495aae8ed319687df19.jpg,day_sharp
CarLongPlate742_jpg.rf.7ef08a18b6d58bd31f21531bf5e1c8b5.jpg,night_sharp
CarLongPlateGen2032_jpg.rf.a8d4344f3aca909da7e0a3609784b147.jpg,night_sharp
CarLongPlate793_jpg.rf.f1909a963f273dc07a21b817dd59b57c.jpg,day_sharp
CarLongPlate309_jpg.rf.a75f21bc12faf679b92c0d5db4c708e1.jpg,day_sharp
pic_734_jpg.rf.16df5a1cf7f37dc3d180104aa705e918.jpg,night_sharp
pic_174_jpg.rf.c749e5492626bb7357fe438c9cc1df4d.jpg,day_blurry
xemay282_jpg.rf.fa6aedac6e772ca532781640605304fc.jpg,day_sharp
CarLongPlateGen325_jpg.rf.624b745b5109b8807479da3b7b1f1721.jpg,day_sharp
CarLongPlateGen3594_jpg.rf.aae1b0d53eab060330cfbb4e5e7aac00.jpg,night_sharp
xemay2261_jpg.rf.5b509f7cf3d255bf2f0e978c25ea5a95.jpg,day_sharp
brightnessquandoi65_jpg.rf.5a12307a77745924fe42c04c3869e455.jpg,day_sharp
pic_162_jpg.rf.00a8eac320eab3e39551a9b635113c4f.jpg,day_sharp
CarLongPlateGen1716_jpg.rf.65840620a37f32157d97d79de1280cdb.jpg,day_sharp
xemay1008_jpg.rf.eaed22dbc1c4de4575dd9c35244c265c.jpg,day_sharp
Cars127_png_jpg.rf.260a7a4ac828956292fda5c2ca426f66.jpg,day_sharp
CarLongPlateGen3484_jpg.rf.416a905d95bfc57c99b06d37a128bb21.jpg,night_sharp
xemay105_jpg.rf.f456ac08ebda6de2d53312792bd35606.jpg,day_sharp
brightnessquandoi100_jpg.rf.5a3647f18f34e09ac78a0bf60cc81434.jpg,day_sharp
xemay2340_jpg.rf.b1aab8ccda1f4936c547988fe40d741e.jpg,day_sharp
CarLongPlateGen1762_jpg.rf.e30eccd3654ea6edfea869d7731603ee.jpg,night_sharp
xemay1532_jpg.rf.cb5f29e8f32b9fb382556d990304e3ae.jpg,day_sharp
CarLongPlate3_jpg.rf.bcf8d57547be5241eafd0020f089a777.jpg,day_sharp
xemay866_jpg.rf.61236da12abb2e712d1f238b60946113.jpg,day_sharp
xemay1481_jpg.rf.eb5532611722af82921ac3a84dbe33ac.jpg,day_sharp
CarLongPlateGen2116_jpg.rf.c2d3255643f6ba1783a10bedcddcec01.jpg,night_sharp
xemayBigPlate112_jpg.rf.d3bc8ec13cdd003402adfd7549a60e20.jpg,day_sharp
xemay1970_jpg.rf.6fa607c5cbb2a3e913f448cb7c9e4674.jpg,day_sharp
xemay753_jpg.rf.91f7b23adaf6af1a1710f67ed7f37324.jpg,day_sharp
xemay150_jpg.rf.615f7b5f058a9e38dfe896320b19d13b.jpg,day_sharp
CarLongPlateGen3639_jpg.rf.19fe22b80ba834969ebccfe4de24f022.jpg,night_sharp
xemay1081_jpg.rf.cefb17dd41651fb839c36d011a622e77.jpg,day_sharp
CarLongPlate137_jpg.rf.350cd23e8ed2cae57ea71ea10bfc0d56.jpg,night_sharp
CarLongPlate653_jpg.rf.17a99807dfea3561598a443b8732ef53.jpg,night_sharp
xemay1494_jpg.rf.a82c5d3a7eb5ba4fa0e95c953b51ebf3.jpg,day_sharp
CarLongPlateGen554_jpg.rf.882331ad08d3320455a11657190f0229.jpg,day_sharp
CarLongPlateGen696_jpg.rf.854b47a6ea66c725a264a489ae0e7065.jpg,day_sharp
pic_404_jpg.rf.4014eab2f8a6f358f42fcb8ea8062cd5.jpg,day_sharp
CarLongPlateGen3893_jpg.rf.3df7822f8f306508eb296683dca25e01.jpg,day_sharp
xemay1233_jpg.rf.1b37d9fcad73f9e220a666b1344b8fad.jpg,day_sharp
CarLongPlateGen3723_jpg.rf.ce50d63a065356d5cd8c196f583016b1.jpg,night_sharp
xemay2247_jpg.rf.dd5883845a5edccf5bf61d66634b71be.jpg,day_sharp
CarLongPlateGen2210_jpg.rf.b126ae808709fa2800993a6c554872fb.jpg,night_sharp
Cars64_png_jpg.rf.40e6113c12ec12524e96d4075d73480a.jpg,night_sharp
xemay1804_jpg.rf.f4508a08693ecc2518a610a3cab5c040.jpg,day_sharp
pic_342_jpg.rf.9c3fe397676caa38988ae501d7b7518f.jpg,day_sharp
CarLongPlateGen1342_jpg.rf.95b30a79570169639d4ace362702f020.jpg,day_sharp
CarLongPlateGen2417_jpg.rf.008eae1d22f6dd37ffe4bc9d0e4c0ad6.jpg,day_sharp
CarLongPlateGen1504_jpg.rf.bac24eb78dccb90e6f0ee8db68866047.jpg,night_sharp
CarLongPlateGen3039_jpg.rf.e777923351def5a0b08dc7f194d6316f.jpg,night_sharp
xemay1307_jpg.rf.2f8560f6b3d057300c7f18554a434473.jpg,day_sharp
CarLongPlate350_jpg.rf.7b0893fa54bbb960eeeea99cbe616fff.jpg,day_sharp
CarLongPlate842_jpg.rf.1b86523907d9dcded9a70d66bc0c3105.jpg,day_sharp
CarLongPlateGen1400_jpg.rf.ad77af08df972fdcf49155545fe189ed.jpg,day_sharp
xemay176_jpg.rf.2420399b2b26e8d08dc62cf3b8e2b879.jpg,day_sharp
xemay203_jpg.rf.9e788cedf837d8e821a498017ec618f0.jpg,day_sharp
01b09b8072388fdb_jpg.rf.c7e61c1d324daf75cb27a3c749e8d271.jpg,day_sharp
xemay1166_jpg.rf.ae417ccf74577181a647bc93a93c7f48.jpg,day_sharp
CarLongPlateGen3002_jpg.rf.20e6c8a9fa24c65249000ed1b198297f.jpg,night_sharp
CarLongPlateGen2383_jpg.rf.735ee91333227a551422cc51ea8d2391.jpg,night_sharp
xemay577_jpg.rf.ff7ba8bc4c026bf334a4ccaed586c9c6.jpg,day_sharp
CarLongPlateGen3199_jpg.rf.bc40141cffd68ffe8d5d81e2e7899531.jpg,night_sharp
CarLongPlateGen982_jpg.rf.99adc85ddbe8f03b3f29b4146381fcde.jpg,day_sharp
032c191dec338f4f_jpg.rf.cb447f1885acf9903f16b31cf237a772.jpg,day_sharp
CarLongPlateGen207_jpg.rf.b44cb50a7470fd0d92eb732f510051a2.jpg,day_sharp
Best-20Electric-20Car-20License-20Plates-20-1-_jpg.rf.2e074f29020b9cbd1bbc497f50d9c3e2.jpg,day_sharp
CarLongPlateGen1578_jpg.rf.d5c14ee29c2d8c186193a1ba5562c17e.jpg,night_sharp
IMG_7021-conv_jpeg_jpg.rf.7e532081a89611a28597b83dd1bb4610.jpg,day_sharp
xemay1542_jpg.rf.65f1516a7486a4f9e18187dc0f10006b.jpg,day_sharp
xemay2314_jpg.rf.29d1248e694b971ed4a2d0b3f7806a48.jpg,day_sharp
xemay2250_jpg.rf.9af1c85da6aacab9572f16bd932ed369.jpg,day_sharp
pic_214_jpg.rf.38ffe7afc981b8c11ba3eb5312cb1bcc.jpg,day_sharp
CarLongPlateGen1910_jpg.rf.5f6d1dee873892eb4cf3752da6de080e.jpg,day_sharp
CarLongPlateGen1662_jpg.rf.5b404b64a36df340f6d8616dacca6726.jpg,day_sharp
CarLongPlateGen977_jpg.rf.faaed0f0cdee04e968a8f9c8930023ab.jpg,night_sharp
xemay430_jpg.rf.3fa4c8d708de00353043f48b5ec2d382.jpg,day_sharp
CarLongPlateGen1384_jpg.rf.5c6306efc267dc2e31affb7936279e69.jpg,day_sharp
xemay91_jpg.rf.0cbaff9da6bab9fbf11782f61c63fe26.jpg,day_sharp
CarLongPlateGen1200_jpg.rf.43b1c62e4284758ed270d815df3beb94.jpg,day_sharp
1_jpg.rf.eeea954cac78b8a206786a2f8b81c471.jpg,day_sharp
CarLongPlate609_jpg.rf.4ea4059145d86303a543e9d922ab659e.jpg,night_sharp
pic_265_jpg.rf.4391aa970ae6a0cc540e29663f86ebdf.jpg,day_sharp
CarLongPlate84_jpg.rf.87cdad252f9702b1f6194cfe37947383.jpg,night_sharp
pic_059_jpg.rf.96976a77364fc4820a99bb5a006499c2.jpg,night_sharp
pic_388_jpg.rf.5fa4413d227e3210493fc613cccc05e9.jpg,day_sharp
CarLongPlateGen345_jpg.rf.1a28d0bd46ac079fe206889a5477ceac.jpg,day_sharp
CarLongPlateGen6_jpg.rf.88f0fa94527faaece206abce4e22c39e.jpg,night_sharp
brightnessquandoi61_jpg.rf.3d81b10ef5440b631f7bcbbe847fc78c.jpg,day_sharp
boderquandoi105_jpg.rf.625e6f4f34fa26e67f38b1eecede548c.jpg,day_sharp
CarLongPlateGen3271_jpg.rf.5a0f451cd1ef64db16c68af55dabc0b6.jpg,night_sharp
cropngoaigiao15_jpg.rf.646987f4b44178093105576d3bc9dc23.jpg,night_sharp
xemay1037_jpg.rf.b008ed493f58fcc82853abf8de5f03e9.jpg,day_sharp
CarLongPlateGen1335_jpg.rf.6e49c6bde4256d2a18162c8723d9b343.jpg,day_sharp
1649292507321_jpg.rf.472a11c200daea3461996f41ccea474e.jpg,day_blurry
CarLongPlateGen2188_jpg.rf.fbca35c4dd6c3dabe07fbaf4e9b3758c.jpg,night_sharp
CarLongPlateGen1755_jpg.rf.9e532c0b91301b9b8348b321cc552b6b.jpg,day_sharp
012ee3701bb7582c_jpg.rf.83ece1d5d156ac95f32fd4c924021be3.jpg,day_sharp
xemay336_jpg.rf.dd8d98a016ffe5b248c71f1486fc1275.jpg,day_sharp
02ba8c25851c7e9d_jpg.rf.ad5554449f0aa5fda8708cf2ef546eaf.jpg,day_sharp
CarLongPlate518_jpg.rf.3357bfe1530dcf211e1962e80f546806.jpg,night_sharp
CarLongPlateGen706_jpg.rf.73808fc8091bf32e389701b86bb1f112.jpg,day_sharp
xemay1250_jpg.rf.4f8f0771672a1fa8f748c130e47ebc8b.jpg,day_sharp
xemayBigPlate204_jpg.rf.779336492581a2de911848fc9e8bd6ee.jpg,day_sharp
CarLongPlateGen2950_jpg.rf.79a0dd08052ed6430a26ca9a25145a62.jpg,night_sharp
brightnessquandoi77_jpg.rf.9baf15c9aa0311919f12c46da9e42539.jpg,day_sharp
IMG_7058-conv_jpeg_jpg.rf.c0a452bab7a073c21c6d9e85fea04b82.jpg,day_sharp
CarLongPlate466_jpg.rf.8efae7cb5da868d843354a14c6c8ecd6.jpg,day_sharp
xemay319_jpg.rf.2a3c669c47c0d690f4188f07e36db9f6.jpg,day_sharp
xemay353_jpg.rf.2713d26fcbcf5582344a5dd7e64055c6.jpg,day_sharp
pic_769_jpg.rf.7782c348a3929cd3c623f1806a86f761.jpg,day_sharp
CarLongPlate989_jpg.rf.14c61b0ba31936a71318e5062256261e.jpg,day_sharp
CarLongPlateGen25_jpg.rf.c3c0bc13847d96c593c55ca93180e820.jpg,day_sharp
CarLongPlateGen1125_jpg.rf.033290a9ae2342a9de0cb84b544eb372.jpg,night_sharp
CarLongPlateGen343_jpg.rf.51eedab3bbb0aec0a67ab9064f713232.jpg,day_sharp
xemay2197_jpg.rf.da9a9467059bd42fb04aba4fc2cfd79e.jpg,day_sharp
CarLongPlateGen3143_jpg.rf.3a56b6e9286e1fc6e6c22e6f73ad287c.jpg,night_sharp
Cars244_png_jpg.rf.5ca868cbfb845c59efe35af85b621b7c.jpg,night_sharp
CarLongPlateGen3759_jpg.rf.252acf638ef135b059b503fcc2a17cd8.jpg,night_sharp
xemay1401_jpg.rf.f7e511c58190c3b737bd1a697d0f5ec2.jpg,day_sharp
CarLongPlateGen2342_jpg.rf.8daa9c0bf40a062e9fa03c083c5cec3b.jpg,day_sharp
CarLongPlateGen2579_jpg.rf.259d7fe213ebeff1dc3cdaed8cd89f88.jpg,night_sharp
boderquandoi52_jpg.rf.d4497c8d348ee9a533918962794046a5.jpg,day_sharp
CarLongPlateGen1890_jpg.rf.1c9981e8e644962b90cf3307c5cf5f32.jpg,night_sharp
CarLongPlateGen2144_jpg.rf.18af4c5a1d973d137df6c08aaeb82c6d.jpg,night_sharp
xemay1044_jpg.rf.c5d04fbd17116773479da831fe1eb7ed.jpg,day_sharp
CarLongPlate238_jpg.rf.6715f414b2f54677eb3884f81533bd80.jpg,night_sharp
CarLongPlateGen1401_jpg.rf.d5c2aa7e1396a1807f4a3ca22a964991.jpg,day_sharp
xemay1312_jpg.rf.ddb704ca6f312f28bf3338f827d21bd5.jpg,day_sharp
CarLongPlateGen379_jpg.rf.93d92c134d1596a275c6648e064a0828.jpg,day_sharp
CarLongPlateGen2490_jpg.rf.e076ff32180b586a3e4d3c6b7440d9c6.jpg,night_sharp
CarLongPlate886_jpg.rf.d98f1bcd0b4a1b28cd6be4af3fefed03.jpg,night_sharp
CarLongPlate310_jpg.rf.eb46708e5e359634fbcd86bf352bd51d.jpg,day_sharp
xemayBigPlate178_jpg.rf.e9c82dd1f3dfd0441e3c5ac52d2c6039.jpg,day_sharp
xemay778_jpg.rf.d0cda2e488c2b556bd7cc50175d66e4c.jpg,day_sharp
quandoi12_jpg.rf.52b398e74880289504d20de21c7bb8f4.jpg,night_sharp
xemay2486_jpg.rf.b96d7554807415949148203eba967fb6.jpg,day_sharp
xemay555_jpg.rf.bfcc03d1bf64143f1a49e702e0eb8b60.jpg,day_sharp
xemay1948_jpg.rf.6c620d40beb377e902d785672e05474e.jpg,day_sharp
xemay220_jpg.rf.527cabb808e0f8d9c8532521f0f8fde0.jpg,day_sharp
CarLongPlate522_jpg.rf.3cd4b7b38a942403d12cb894d38ecd15.jpg,day_sharp
Cars142_png_jpg.rf.50b5defa125ab96f487bcbe9f4ab8848.jpg,day_sharp
CarLongPlateGen2792_jpg.rf.39e2562ff3e5eed380146b6a2a576acc.jpg,night_sharp
MMX3001_jpg.rf.91fea3396deef8182a9b9c770f7ab61e.jpg,day_sharp
CarLongPlateGen1536_jpg.rf.f8fbc98e7916a6c6a0a16154bc9db4f9.jpg,night_sharp
images39_jpg.rf.c5272e981545aa2e72aa3897ab72552a.jpg,night_sharp
CarLongPlateGen3364_jpg.rf.fd26b429bf749d71c9ce7df5a7b63cdb.jpg,day_sharp
CarLongPlate379_jpg.rf.4d2f14d283c40976d1a53dc3034278b8.jpg,day_sharp
CarLongPlateGen692_jpg.rf.9a61ab895b1721fd26a55e9858b26285.jpg,day_sharp
DRS507_jpg.rf.b84c78faa1b624c7c569cdf780c38409.jpg,day_sharp
CarLongPlate206_jpg.rf.f898f61106bcb8a8a2d90ea7e6f79a67.jpg,day_sharp
Vanity-License-Plate-Dude_jpg.rf.523c164cd6deabe20286ac1907981181.jpg,day_sharp
CarLongPlateGen902_jpg.rf.551c080ae29bee56353123aca54c71dd.jpg,day_sharp
pic_251_jpg.rf.8a48befe6390ccc87549590bfcab9a74.jpg,day_sharp
CarLongPlateGen1370_jpg.rf.0da6113709dabab2c16a626d31346540.jpg,day_sharp
CarLongPlateGen161_jpg.rf.1e03a5dcafb209ff72e192190300ef29.jpg,day_sharp
CarLongPlate915_jpg.rf.8672be1efd2439f8f83eccc9cfb01c12.jpg,day_sharp
CarLongPlate608_jpg.rf.b459ba26640a0d00092b1a56bc77e396.jpg,day_sharp
CarLongPlateGen3641_jpg.rf.c51076ac5250a06a28660fddccf6acd4.jpg,night_sharp
xemay270_jpg.rf.69c24a20377633c789847075bc73bddf.jpg,day_sharp
CarLongPlateGen855_jpg.rf.5e542f27d4e4fe9ff50ad2dfc5ca61d2.jpg,night_sharp
CarLongPlateGen734_jpg.rf.802a509d0634ea72d766a052cc412d7b.jpg,day_sharp
CarLongPlateGen3242_jpg.rf.e002976f3aa5f243e4fe5ed35ceeadba.jpg,night_sharp
CarLongPlate764_jpg.rf.a38ae5b102af36ad7e331aa7135da63e.jpg,day_sharp
boderquandoi77_jpg.rf.758cfff7cf0c55c237a4dffd0ac2833d.jpg,day_sharp
CarLongPlateGen3150_jpg.rf.f393c2633bb96817b85822bb54237325.jpg,night_sharp
CarLongPlateGen3060_jpg.rf.09dd0ccb17b07d67b0e1e08a5956c7ff.jpg,day_sharp
CarLongPlateGen665_jpg.rf.ff943f2e111dbe9f5dd905759bd03743.jpg,day_sharp
CarLongPlateGen2906_jpg.rf.ce7b73b73839f34aa69bd32ff5f2f5c9.jpg,day_sharp
xemay1822_jpg.rf.e0ae9f8c876b157c2c046c976f22671a.jpg,day_sharp
CarLongPlateGen799_jpg.rf.f0b27ac376e35f008c5cb85b5c5b3059.jpg,day_sharp
CarLongPlateGen2396_jpg.rf.d031f63f3030c080e76f6bd4b4946ce0.jpg,night_sharp
CarLongPlateGen85_jpg.rf.d4b25176375e99cdf07e8325a449f8e4.jpg,day_sharp
CarLongPlateGen597_jpg.rf.1182a61e16e66d408f267561d741335c.jpg,night_sharp
42-s-l640_jpg.rf.900b9c0661d300bf985884656ea43a95.jpg,day_sharp
CarLongPlateGen3332_jpg.rf.ffdb0f8e9fde2234b69d2373ab0ea65d.jpg,night_sharp
CarLongPlate445_jpg.rf.3fb5481e66c72bca0a55f2473f5df592.jpg,night_sharp
xemay1849_jpg.rf.1ac4a013e41e52ef64c3dfefd1991caa.jpg,day_sharp
rotatequandoi64_jpg.rf.4f3f3771440bbfe97ddb77f621a626ae.jpg,day_sharp
IMG_6994-conv_jpeg_jpg.rf.7894fd32c2405c424e3ba6760cac6b0e.jpg,day_sharp
IMG_7059-conv_jpeg_jpg.rf.374ed68c241d740260756dfbb89b238e.jpg,day_sharp
pic_235_jpg.rf.92d887e6c2278e595d6a682544d312cd.jpg,day_blurry
CarLongPlateGen3132_jpg.rf.a668b96449bb4fe0fcc8721507040981.jpg,night_sharp
CarLongPlateGen2052_jpg.rf.715bc6d03b199999d81b4cb56bb4be02.jpg,night_sharp
pic_771_jpg.rf.5d2325ac536cf263a5262256e6816780.jpg,day_sharp
0071cc12dfe35d22_jpg.rf.89556b32a529294d40ed5d140a67af2f.jpg,day_sharp
CarLongPlateGen3423_jpg.rf.b41be8c782f3c989b2c3ce6720798462.jpg,day_sharp
xemay2417_jpg.rf.b455a49af715f1d4f6557762cdde653e.jpg,day_sharp
xemay995_jpg.rf.7997e3d4680ac36089d548d833bffbea.jpg,day_sharp
CarLongPlateGen3281_jpg.rf.adbbc1570133097977f9d5aafbd385dd.jpg,day_sharp
CarLongPlateGen2790_jpg.rf.a64a446663f084c48e01b14a1e5aed01.jpg,night_sharp
xemay1333_jpg.rf.c4c875a355c66160e67cc1f5c6fe70fd.jpg,day_sharp
CarLongPlate782_jpg.rf.8e378362c5a342610832ece042c57b02.jpg,day_sharp
CarLongPlateGen2728_jpg.rf.2153b44b247073ddbeb25707c5a1b391.jpg,day_sharp
HF58HXP_jpg.rf.7d3dd506a7b6558803090a1b2a43476f.jpg,day_sharp
IMG_7056-conv_jpeg_jpg.rf.8fa3e645af6ecdc91c061f85e069558a.jpg,day_sharp
xemay2415_jpg.rf.c76f3854640c1cef15180275cbf8f817.jpg,day_sharp
rotatequandoi73_jpg.rf.ed6692afa885f169bc9d1ba8faa65732.jpg,night_sharp
Cars349_png_jpg.rf.6ab7e1533a60c4c105861f22a21c363c.jpg,night_sharp
boderquandoi30_jpg.rf.456f07b5f71702522b11a8ddd61e1921.jpg,day_sharp
CarLongPlateGen1156_jpg.rf.347ef6348e056b9342d2334e7de46241.jpg,day_sharp
xemay1075_jpg.rf.552732edd35307a00c6b3211d44787fa.jpg,day_sharp
CarLongPlate103_jpg.rf.215cfa145dcdbe65087a893abed575b8.jpg,day_sharp
pic_410_jpg.rf.c1417e1ec6f96fc85a6814c386bce416.jpg,day_sharp
xemay1828_jpg.rf.711eb6abd1bd47921fafb2179a2ae53c.jpg,day_sharp
CarLongPlateGen3460_jpg.rf.73d7221401ffff1fe73823ba32d405b2.jpg,night_sharp
CarLongPlate178_jpg.rf.867bace70f76ad5b81ce4632c1d2ffe1.jpg,night_sharp
Cars89_png_jpg.rf.63bf6ca03deacaf52fef3526ec0d480d.jpg,day_sharp
xemay635_jpg.rf.4139b4bc11aa62a4c100faf1157de6f4.jpg,day_sharp
CarLongPlateGen720_jpg.rf.581f552be29cde76b1e3c37e78a7f0ca.jpg,day_sharp
pic_037_jpg.rf.6615e91c672f0227ed290f2e016f789d.jpg,day_sharp
xemay1695_jpg.rf.520f8ec8a59d251e69599c6631d382e1.jpg,night_sharp
CarLongPlateGen2158_jpg.rf.c1e63b73c237d6342763374ed2c7bd53.jpg,day_sharp
xemay114_jpg.rf.c5db45394fbc48f6aba952ed1465614a.jpg,day_sharp
CarLongPlateGen1058_jpg.rf.d2c5ea578023f36e591049b80b7f6762.jpg,day_sharp
CarLongPlateGen2652_jpg.rf.97f1c020df7a7755d434414da1d44584.jpg,night_sharp
CarLongPlateGen2359_jpg.rf.9fc5ec541d8159c83f38176e525c6095.jpg,night_sharp
CarLongPlateGen833_jpg.rf.1f3c2f5d0f23400e9a32fc93731026dd.jpg,day_sharp
CarLongPlateGen2413_jpg.rf.a3819c417e3cd6da53898aa538819d5d.jpg,day_sharp
xemay751_jpg.rf.55d449511167255953463958ab34a35b.jpg,day_sharp
xemay1781_jpg.rf.02e51a6e7d7854cc5c1d353ed593869b.jpg,day_sharp
CarLongPlateGen1267_jpg.rf.abc4a27f916ebcb4fc179a02479a9fff.jpg,night_sharp
IMG_6997-conv_jpeg_jpg.rf.c7a6150902217ab27a1aea63bd98d5f1.jpg,day_sharp
pic_071_jpg.rf.c6267a1eff18823cb5e3cea21185ba3d.jpg,day_sharp
1-placa-mexicana-del-estado-de-guerrero-2015-ha-D_NQ_NP_781642-MLM31170295955_062019-F_jpg.rf.7ec0318c58378fb13c93f60994472274.jpg,day_sharp
xemay1815_jpg.rf.aca1891b4dc55334f47c4bc8fb7e0f73.jpg,day_sharp
xemay2317_jpg.rf.4dd60ced16426214f1990c9b99f18dcb.jpg,day_sharp
brightnessngoaigiao13_jpg.rf.31548d76035a2cafc2b9c00a74ac5a43.jpg,night_sharp
xemay2120_jpg.rf.0953b4a62c83a5f56c5eb2121bdb3aa7.jpg,day_sharp
CarLongPlateGen2232_jpg.rf.d656b3795806fc1811e31c89599c0773.jpg,night_sharp
CarLongPlate258_jpg.rf.b46b54cee0ce204368b7d2f76737e1b8.jpg,night_sharp
rotatequandoi70_jpg.rf.d5eb5c04130ad566ef43a23627a8f8c5.jpg,day_sharp
xemay628_jpg.rf.771e6dc23664efefacc65fc7348f0864.jpg,day_sharp
CarLongPlateGen1424_jpg.rf.345efcdf80e9516412ab2ab33f8ba392.jpg,day_sharp
CarLongPlateGen2472_jpg.rf.a07c7be57d979682debb39d477ba0dc1.jpg,day_sharp
xemay1581_jpg.rf.413117a67f14de5b4471137df208bb42.jpg,day_sharp
xemay2367_jpg.rf.04efa8d028f32872447eaeb6f817c02e.jpg,day_sharp
CarLongPlateGen3670_jpg.rf.e620846cd3949ce4e3ae9da5b439db7f.jpg,day_sharp
CarLongPlateGen2271_jpg.rf.f6f35cff7b42bca975836f64c2d98fc3.jpg,day_sharp
xemay132_jpg.rf.9ff11e85408567559af57c15df828f3e.jpg,day_sharp
CarLongPlateGen1012_jpg.rf.0bc3db5c95d1cc98b29d23747492ac6b.jpg,night_sharp
CarLongPlateGen2786_jpg.rf.ae8b5590c1063d24acf8613664b8bb49.jpg,day_sharp
xemayBigPlate218_jpg.rf.be30839e0f5e5d78bc0f0967f048e859.jpg,day_sharp
SHEILL_jpg.rf.24ba4c174ec1a2627e243f35e8f780a6.jpg,night_sharp
Cars174_png_jpg.rf.ace41c855ad8d1c9ef4d085e8717387c.jpg,night_sharp
67-D_NQ_NP_635720-MLM31711661622_082019-W_jpg.rf.ac44316fa4bf830cad179d13b4e77fd4.jpg,day_sharp
xemay167_jpg.rf.f86b9f43c2abfb431c4499954bd36e6d.jpg,day_sharp
xemayBigPlate235_jpg.rf.09d7ef19a8decebeaae8ad7fc5e3e64c.jpg,day_sharp
CarLongPlate600_jpg.rf.87224937c1d588be4d723b7913d7051e.jpg,day_sharp
boderquandoi73_jpg.rf.c3caa9ad010286fdc8f960e005534e18.jpg,day_sharp
35-s-l640_jpg.rf.786711b34e1344e26478838a69e3a68c.jpg,day_sharp
CarLongPlateGen3198_jpg.rf.68bf15f9e1aca4583269798ec2fe3629.jpg,night_sharp
xemay108_jpg.rf.089dda15f0b3f0bbe20c3b8e5c5da5c7.jpg,day_sharp
CarLongPlateGen2100_jpg.rf.6f3c12ee80373f1a71626c7ad4079888.jpg,night_sharp
CarLongPlateGen1173_jpg.rf.a3564cda96bf2ecc12350ffcf8cc65ed.jpg,night_sharp
pic_318_jpg.rf.bafcc6dd0ca8c199d5583aa1a9ed8919.jpg,night_sharp
CarLongPlateGen1629_jpg.rf.30530b535b98f4f9823ed437cfa6f740.jpg,day_sharp
1649292507330_jpg.rf.39712ea086b563f40db0d7575afe1b66.jpg,day_sharp
CarLongPlateGen2360_jpg.rf.05e65524d8d09ef1302db4a91fcd8245.jpg,day_sharp
CarLongPlate516_jpg.rf.5661d53b0c45fdc926db6dd50df445c3.jpg,day_sharp
CarLongPlateGen3523_jpg.rf.a17a168b41b90bb2068b6ed55697a5ec.jpg,night_sharp
CarLongPlateGen628_jpg.rf.97e87c89fd0b1505648352978dbddab4.jpg,day_sharp
ngoaigiao14_jpg.rf.408e84c293d6cb79641652e75bee2e8a.jpg,day_sharp
pic_530_png_jpg.rf.b187c91ffa445ae914f2a1a5a2a8f33b.jpg,day_sharp
quandoi28_jpg.rf.8960c19a49727eb58a74bcc2bf7496b9.jpg,day_sharp
CarLongPlateGen2603_jpg.rf.70c46ba2703c180f520d251e28e4db1d.jpg,night_sharp
pic_541_jpg.rf.6a23679939cecb64d069bf8051c0b33e.jpg,day_sharp
CarLongPlateGen358_jpg.rf.b9d57ea06be33cf4ab58d4d56833dcbe.jpg,day_sharp
rotatequandoi22_jpg.rf.c7bce55ef891fb04f4b991256608673a.jpg,night_sharp
rotatequandoi95_jpg.rf.1dc26e92ea8967798926cc271eee4ca0.jpg,night_sharp
CarLongPlateGen2525_jpg.rf.63c3f6cf888172aa6f232cb549cf8288.jpg,night_sharp
xemay786_jpg.rf.f47809b55573cf4f4470442e4773694b.jpg,day_sharp
c_-20-20What-20are-20good-20algorithms-20for-20vehicle-20li_jpg.rf.0c0ebf91a433c62c241e61955dc02987.jpg,day_sharp
xemayBigPlate159_jpg.rf.e763f0d1438d09974dcbe5afee3e1023.jpg,day_sharp
CarLongPlateGen542_jpg.rf.57e8fe096df7b5b9071f38d9e1336bb5.jpg,day_sharp
xemay1812_jpg.rf.4c4c4c81617af1dab26e6a91b18d2230.jpg,day_sharp
CarLongPlate774_jpg.rf.4de9905cff32c9dcee7fe175af29fb67.jpg,day_sharp
CarLongPlate135_jpg.rf.e4672a9f288be446cd41cda352e04453.jpg,day_sharp
xemay2356_jpg.rf.c45c83a611538f6a0641c5af6acd7d18.jpg,day_sharp
xemay977_jpg.rf.345a2bba29102164d89bba5d0a72e928.jpg,day_sharp
CarLongPlateGen2685_jpg.rf.3b2648826b700232a0a7c00f5b412217.jpg,night_sharp
brightnessquandoi43_jpg.rf.f1513e3f914090a0153146c719edd2d7.jpg,day_sharp
xemayBigPlate155_jpg.rf.94473c3c15c08d1011401504916f217f.jpg,day_sharp
CarLongPlate882_jpg.rf.22deb6f81fc33d125449d903b757e71e.jpg,day_sharp
xemay33_jpg.rf.df28961a98f05b2b1eed63f8d1d605e7.jpg,day_sharp
CarLongPlateGen3436_jpg.rf.76539f9975ec835d1675c0fb84fd9e32.jpg,night_sharp
xemay1944_jpg.rf.5315d7378491333db0f03b042961ce16.jpg,day_sharp
Cars13_png_jpg.rf.2579b7c638b638c34b1dcec5a558f2f3.jpg,night_sharp
xemay1441_jpg.rf.64236da3c60d288b5997895ad27cd30b.jpg,day_sharp
CarLongPlateGen3386_jpg.rf.07c8df841a9456274c73622f4d00aa2e.jpg,night_sharp
CarLongPlateGen67_jpg.rf.8b01901415edc88d45780bcac7cb5a4b.jpg,day_sharp
CarLongPlateGen899_jpg.rf.3f4892fd68762219f9b4f12b59076700.jpg,day_sharp
xemay1376_jpg.rf.363ea7316896bcd2ce1819bc696a096c.jpg,day_sharp
CarLongPlateGen2252_jpg.rf.a1d48c2ec2e9a79a7ee36d5722912f49.jpg,day_sharp
CarLongPlateGen1951_jpg.rf.40b00ab72ae186335a9b9f1c8d2c7dbf.jpg,day_sharp
xemayBigPlate109_jpg.rf.b47c4744c0d36d36aea16b1cae8d234b.jpg,day_sharp
quandoi60_jpg.rf.332f60caebc6cc1344ddf7000ea683dc.jpg,day_sharp
CarLongPlateGen2095_jpg.rf.c98629875501d8a9d39002df29d590e8.jpg,day_sharp
CarLongPlateGen2532_jpg.rf.627078d05fb1721e400cde804910973f.jpg,night_sharp
xemay2412_jpg.rf.a723177ba8f3c4c4cc2df4a33285e1f6.jpg,day_sharp
xemay893_jpg.rf.adbee49ac582737446a7f820b867b96e.jpg,day_sharp
CarLongPlateGen3745_jpg.rf.fb1cb2e0d7932ad7b0ffec712831c6b7.jpg,night_sharp
CarLongPlate341_jpg.rf.a2b5d6f85165ab1bc52d153977f108b0.jpg,night_sharp
pic_738_jpg.rf.1448d7d7cc413edb808f574360db7a75.jpg,day_sharp
xemay322_jpg.rf.2a14df0eaaeb8cd845ecdded75696584.jpg,day_sharp
xemay115_jpg.rf.cd197a16eb835a3cb2482d2f91f5ee75.jpg,day_sharp
19-gro8283_jpg.rf.907e5cf9aa5726d00a9afc4e7af784b8.jpg,day_sharp
xemay2353_jpg.rf.f306fb4f2eadb6c3c57fed0d43d607c0.jpg,day_sharp
xemay2282_jpg.rf.3713da644b0b22280daf44cc4f1302e5.jpg,day_sharp
pic_327_jpg.rf.2b32dcdbd0ed5e840b484e2cfde73147.jpg,night_blurry
CarLongPlate736_jpg.rf.ca1c54fa5d14c3d7638452e834cf6a3f.jpg,night_sharp
CarLongPlateGen2897_jpg.rf.dfa3a37eaab39f6186e90425883bd07f.jpg,night_sharp
10-cdmx2017taxi_jpg.rf.1ab893cd51a58266b66369d477e4070f.jpg,day_sharp
CarLongPlateGen687_jpg.rf.aaff6867abd3120eff82078f426cc9fb.jpg,day_sharp
xemay1640_jpg.rf.2e23374091a59e3ab03d6d1c4b1004c0.jpg,day_sharp
xemayBigPlate157_jpg.rf.dc081bb3090956fd3e9bb6a318c929e9.jpg,day_sharp
IMG_6999-conv_jpeg_jpg.rf.4b0759def27d2cd73f6aa0d004002c63.jpg,day_sharp
CarLongPlate74_jpg.rf.b31755cbe3619cce6d93345546589dd8.jpg,day_sharp
xemay910_jpg.rf.7b2bf9a6a3b598be8d65b8a3532b3355.jpg,day_sharp
CarLongPlateGen3415_jpg.rf.c1f991373a9ddaafc941ccb497fd43de.jpg,day_sharp
xemayBigPlate161_jpg.rf.e0f7ea0a041d645b213b9a1089002c60.jpg,night_sharp
CarLongPlateGen1818_jpg.rf.d9cb1698b20594f5316f26c04d0a6d75.jpg,night_sharp
xemay157_jpg.rf.379b462c4627b649d3dab1385f0323f6.jpg,day_sharp
CarLongPlateGen2265_jpg.rf.8c05e456cd4dac28063229f8ee22d925.jpg,night_sharp
CarLongPlateGen1493_jpg.rf.388304e2257923acf91ea4a9854adf25.jpg,night_sharp
brightnessquandoi68_jpg.rf.b6ac390019a02d2d743a38e16cf4edd6.jpg,day_sharp
CarLongPlateGen3059_jpg.rf.9074edbdf9786f4a5305ff7ba64d534a.jpg,night_sharp
brightnessngoaigiao4_jpg.rf.f740be8d81cb5d57e8bc38cecb782db6.jpg,night_sharp
CarLongPlateGen419_jpg.rf.cf554443209b0df314e97780929a7ecf.jpg,day_sharp
quandoi76_jpg.rf.61e9ec6648cec10dd21f048f657a6837.jpg,day_sharp
CarLongPlate132_jpg.rf.f0db680a325857504c3eeff5a065de61.jpg,day_sharp
xemay1327_jpg.rf.2b6c8b4f5b0cec5637106bbc1e9a6e54.jpg,day_sharp
CarLongPlateGen2864_jpg.rf.d9395bacce7fdda04610b99b4e83a35b.jpg,night_sharp
xemay1419_jpg.rf.d5ce4f9e47c22a3704ee519983d4687b.jpg,day_sharp
xemay1746_jpg.rf.a00afac983cffa617aca2886462c927d.jpg,day_sharp
CarLongPlateGen3035_jpg.rf.d2741ac5fcb5c230392d0e21209fc8e1.jpg,night_sharp
CarLongPlate317_jpg.rf.4b64f0fdf93d7b79d3afdd61287ea222.jpg,day_sharp
quandoi109_jpg.rf.8f68343d8cb657493d1d01b5d6b58b6e.jpg,day_sharp
pic_729_jpg.rf.818f6ec28c76d310dafb49b4bc84c2e5.jpg,night_sharp
xemay279_jpg.rf.73548d7ff35b139b3a9bde3c65ed82f1.jpg,day_sharp
CarLongPlateGen2401_jpg.rf.3cd68261d6e326d5dc73306663b1ae50.jpg,night_sharp
CarLongPlateGen873_jpg.rf.d17787ecf9eefe48799664503ee89b9c.jpg,day_sharp
CarLongPlateGen3217_jpg.rf.5e9302d0e7b73bf6d78d6be4e166f435.jpg,night_sharp
CarLongPlateGen2070_jpg.rf.f8c04d9f539888420bd2807548476363.jpg,day_sharp
CarLongPlate517_jpg.rf.46d8672ae45a2bcff37d9d2f3fbeda60.jpg,night_sharp
xemay703_jpg.rf.32e30b0beab29a1e9f7ac26b8a46dbeb.jpg,day_sharp
CarLongPlateGen2626_jpg.rf.b4962685c13e38871a2795d2873f8e5b.jpg,night_sharp
IMG_7057-conv_jpeg_jpg.rf.0d81dcb06fcb616ad73fe4d65f811f0b.jpg,day_sharp
CarLongPlateGen3544_jpg.rf.8488ac53369dee5b448bc2eab149d269.jpg,day_sharp
xemay621_jpg.rf.796fc4beceb105de0aad5ca93991fe03.jpg,day_sharp
CarLongPlateGen3536_jpg.rf.32e85fb130b8f62222fe172145f5c5ec.jpg,night_sharp
CarLongPlate13_jpg.rf.b7b71afd9aece033e8b0ff8f7f713e9c.jpg,day_sharp
CarLongPlateGen3166_jpg.rf.e6e8eeef455fba4ba3bcca3282b83d09.jpg,night_sharp
xemayBigPlate158_jpg.rf.a93819c9c7471156c383c9aaab0e48e2.jpg,day_sharp
Cars358_png_jpg.rf.507b46b158ae0f90543c496b3d2ad455.jpg,day_sharp
xemay1622_jpg.rf.8a6691af8355e48b71797467f8f04874.jpg,day_sharp
Cars322_png_jpg.rf.c04594d18080f522bebd1e7f800372d1.jpg,day_sharp
brightnessquandoi64_jpg.rf.8907bb180cd48b4c7d7d46607cd4a9d4.jpg,day_sharp
CarLongPlateGen580_jpg.rf.1bca562acd98c6607ae2d64e7ff6383d.jpg,day_sharp
CarLongPlateGen960_jpg.rf.7e6d43c75f6f40aa0aa43fe94655e37b.jpg,day_sharp
CarLongPlate550_jpg.rf.4972ed7d56d0737219abd945300a60bc.jpg,night_sharp
xemay713_jpg.rf.f4abcc1f2b6189d3b815be28bab81229.jpg,day_sharp
CarLongPlateGen2656_jpg.rf.0ddec0ef4705bdf72778417c31ebd8d3.jpg,day_sharp
CarLongPlateGen867_jpg.rf.968bb9d1b75c511ead5d38295b0a3425.jpg,day_sharp
CarLongPlateGen1797_jpg.rf.1a0084a9258056a0da7592ab423988e4.jpg,day_sharp
xemay2187_jpg.rf.e70e0aae242fe5e894171ede86f6b233.jpg,day_sharp
pic_183_jpg.rf.53ebc251962391ba26c51eae8782ca2d.jpg,night_sharp
pic_026_jpg.rf.b5b07909804cff9b81a51e5e4fc50b65.jpg,day_sharp
pic_130_jpg.rf.fc302d80b39eed8e74c0a625a32bf2d1.jpg,day_sharp
xemay913_jpg.rf.ff9cf209c32314f5eb6bd64a851b3f0e.jpg,day_sharp
CarLongPlateGen3752_jpg.rf.02f0419ccad2e963014ffa2b04baaddb.jpg,night_sharp
CarLongPlateGen677_jpg.rf.a07a9393e8b198f9ee76b16398017aef.jpg,day_sharp
xemay952_jpg.rf.84d99a768a24bba24e83ea4ea3965968.jpg,day_sharp
xemay153_jpg.rf.077b1a0b8b9f5c73df4233d878866a19.jpg,day_sharp
Cars133_png_jpg.rf.a600ed8cd2a333f0757f0c8313f94283.jpg,night_sharp
CarLongPlateGen3404_jpg.rf.4ebd4d18c9c6d1d853a53023bf3d8503.jpg,day_sharp
CarLongPlateGen557_jpg.rf.3380d074e60b066d619879f9cea36342.jpg,day_sharp
00494d0811b9e652_jpg.rf.31fbbac1cf1805782269527e95529951.jpg,day_sharp
CarLongPlateGen2121_jpg.rf.91c9905e3e8d8ac6b80c07e1e426fd85.jpg,day_sharp
CarLongPlateGen2583_jpg.rf.093892ca0f2f28df10e515390bac286e.jpg,night_sharp
CarLongPlateGen390_jpg.rf.f1d716a0ee3df6702879d58d95ce00c3.jpg,night_sharp
CarLongPlateGen2509_jpg.rf.a1d660cef396de57fabfd4750e1c38d9.jpg,night_sharp
1649292507313_jpg.rf.e9f5e327c3ee5b83de983b9c68d6e940.jpg,day_blurry
CarLongPlateGen2953_jpg.rf.4bb2513b86f200d05bdbd39e8e346325.jpg,night_sharp
40-placa-guerrero-00_jpg.rf.50406362a28ac6cc014408e124d0767c.jpg,day_sharp
CarLongPlate416_jpg.rf.b54706c2ab50c8d9a39d6bfc21382286.jpg,day_sharp
CarLongPlateGen561_jpg.rf.5e820158b5011e165ee058d3dcd24610.jpg,night_sharp
0143bda2cbfdd1fb_jpg.rf.7c26ab5b7f85aea5f58bf35e8aa8d7a8.jpg,day_sharp
xemay2039_jpg.rf.a94946d13c547e4782e7ac81a9cf0971.jpg,day_sharp
cropngoaigiao1_jpg.rf.496a99fc649998b735e2c0ced8862405.jpg,day_sharp
xemay250_jpg.rf.829b6e7b9342acfe2256457f4893adcb.jpg,day_sharp
rotatequandoi59_jpg.rf.6cca4e00b583e0e7fa3881c23a396b5b.jpg,night_sharp
xemay1613_jpg.rf.abea104aacbed0fa34fb9159f310dac0.jpg,day_sharp
xemay1719_jpg.rf.4ff1602eba8d6d748a35834d3999155d.jpg,day_sharp
CarLongPlateGen836_jpg.rf.3646b222ab2eb6e4f91758e162879d81.jpg,day_sharp
xemay735_jpg.rf.574f273a9cead9f560bcecdfe9f6a62a.jpg,day_sharp
CarLongPlateGen2430_jpg.rf.0ec8a211888f66b5991559adde11ffd5.jpg,night_sharp
Cars15_png_jpg.rf.4a414ded63d4f623fcfd665acc421c43.jpg,day_sharp
xemay1881_jpg.rf.c302d36c5fd76be3bebffe672584974f.jpg,day_sharp
xemay2086_jpg.rf.f30c56850fdcbdef2d3bf86b577e62ca.jpg,day_sharp
CarLongPlateGen3549_jpg.rf.074eeb44048a6753e7552a6f3aaedc3b.jpg,day_sharp
CarLongPlate16_jpg.rf.f2a41c2fd8cc0752da117c7770c7ac87.jpg,night_sharp
CarLongPlate634_jpg.rf.f8ccb5896480a6cc858f7901f71ed2bc.jpg,day_sharp
CarLongPlateGen3163_jpg.rf.d836ed6b7d1c1db57eb2d6cd42e0cef6.jpg,night_sharp
xemay2442_jpg.rf.68c9980f75b91a185dbb2a323fe28c3e.jpg,day_sharp
CarLongPlateGen2701_jpg.rf.4f8251a0c329ac2e759c1e990b2f9ebf.jpg,day_sharp
CarLongPlateGen376_jpg.rf.e6eecb075e95d13033918402bb65a693.jpg,day_sharp
01e03ec69847f36c_jpg.rf.7a353df5375b0e77e9c7a38c05f8e7ed.jpg,day_sharp
CarLongPlateGen2725_jpg.rf.9cba4621006cffb12ac22f74c1bc7f82.jpg,night_sharp
CarLongPlate440_jpg.rf.89384cfafeaa4b81ae1e5c9f0b993d25.jpg,night_sharp
CarLongPlateGen3090_jpg.rf.70bd1d41ba5de655ed7d19e799f336d4.jpg,night_sharp
xemay931_jpg.rf.55b43cfccbe8e20b7a69a19969b1498d.jpg,day_sharp
CarLongPlateGen3810_jpg.rf.4a5b97d6ac101f1d0b34b6c9f41bd953.jpg,night_sharp
CarLongPlate589_jpg.rf.32567fe0274caa8179ceb0f823f8dcae.jpg,day_sharp
CarLongPlateGen2331_jpg.rf.43b55566807cd3b57d88aa6e9349af06.jpg,night_sharp
CarLongPlateGen3055_jpg.rf.58bba451754eaa3e7014ffbf7c686bc3.jpg,night_sharp
Cars325_png_jpg.rf.55577163de83eb3860748ba4bcfb2621.jpg,night_sharp
brightnessngoaigiao6_jpg.rf.251deed4dee8e7d206875fbcfe03ea1f.jpg,day_sharp
xemay533_jpg.rf.6d83c695b55618a682e2b98ba0011b7c.jpg,day_sharp
CarLongPlateGen1988_jpg.rf.5860c420a3d7ee0a6051024dc80cddea.jpg,day_sharp
xemay2423_jpg.rf.028067d9683b8727c41afb35c850200d.jpg,day_sharp
brightnessquandoi10_jpg.rf.eae861f7324fdb9dfa3c75c036c6879a.jpg,day_sharp
rotatequandoi103_jpg.rf.e1bda6c2e02b4fd41ce2744d89ae340b.jpg,night_sharp
xemay16_jpg.rf.d40df46bc9872f3a9ad9121fee770f16.jpg,day_sharp
pic_679_jpg.rf.2ee32ba4d6debacb2315d27c60bbbec7.jpg,day_blurry
CarLongPlate480_jpg.rf.9168dca8693946e7abc2bdf45f3528b3.jpg,day_sharp
CarLongPlateGen1608_jpg.rf.c655f4ebec9ad40d92c19e24ee02c25f.jpg,night_sharp
pic_117_jpg.rf.2dbb939ab5e0f4de8186a8aa3f8a3f82.jpg,day_sharp
CarLongPlateGen461_jpg.rf.c5b8ec69a0fffc2afa401a72ae15a432.jpg,day_sharp
pic_254_jpg.rf.9a74e9f5f51d6ca01076b98ba3b940dd.jpg,night_sharp
CarLongPlateGen171_jpg.rf.334c8a86f9ea840391014205a974ef0f.jpg,day_sharp
CarLongPlateGen3656_jpg.rf.7751e442aaa44efd124a82f7762f2e4a.jpg,night_sharp
cropquandoi18_jpg.rf.d905d986a0e38cd0e3c44999de1b47ac.jpg,night_sharp
xemay2471_jpg.rf.731fad7de6b551efce60111477e76405.jpg,day_sharp
IMG_7081-conv_jpeg_jpg.rf.1b6da5e2714987ae015ad05f6d94017b.jpg,day_sharp
boderquandoi96_jpg.rf.e6092f8181ca4b2ca99819f448b2f1ad.jpg,day_sharp
IMG_7084-conv_jpeg_jpg.rf.c52073968cb9a90fcff46fb4d578643b.jpg,day_sharp
CarLongPlateGen2451_jpg.rf.de232031c99689f2a7a5ba5d752438f8.jpg,night_sharp
pic_007_jpg.rf.4b6a355b042664327da3d16883ae16b2.jpg,night_sharp
CarLongPlateGen1149_jpg.rf.6bedad44733a05453b80a3c9400c0d13.jpg,night_sharp
CarLongPlateGen1928_jpg.rf.fa5f46605df11ae3ead8cbba6e316850.jpg,night_sharp
CarLongPlateGen1993_jpg.rf.cec00c1184d63c46760aa259b4500c32.jpg,night_sharp
quandoi37_jpg.rf.6d31a0b5de134f1ea009053f63802382.jpg,day_sharp
CarLongPlateGen3634_jpg.rf.6c237dee738f07e9175f4c79e0d4a508.jpg,day_sharp
00d087736d290d66_jpg.rf.47afc4e8f07cfe771f5aafc1158aad73.jpg,day_sharp
xemayBigPlate81_jpg.rf.c7dbe7faf871ee998435b2425ab64266.jpg,day_sharp
CarLongPlateGen3636_jpg.rf.f44e2a799707607f56d5da05d7c77eb2.jpg,day_sharp
xemay1685_jpg.rf.17c19ca2bd0aadfaa420156033602d57.jpg,day_sharp
CarLongPlate442_jpg.rf.56f8843b19e73e7315f9f0abddd85dc3.jpg,night_sharp
CarLongPlate76_jpg.rf.5784cf8cee5b9da8dcbfadc49daf11e2.jpg,night_sharp
CarLongPlateGen2924_jpg.rf.bfa010ec8e590768a04c29ab5c7dfc61.jpg,night_sharp
CarLongPlateGen351_jpg.rf.eabd0a954fee24dec06a93fe89010fe4.jpg,day_sharp
xemay129_jpg.rf.c5ac0ccbaa496c51a4a691048590c7b7.jpg,day_sharp
pic_643_jpg.rf.ee38cffe76b9ee05364d107668130a8b.jpg,night_sharp
CarLongPlateGen2598_jpg.rf.1f6e9b7415bbafd469cd30133e29e658.jpg,day_sharp
CarLongPlate848_jpg.rf.139559ad04a82b27e369ae87c4ddebc2.jpg,day_sharp
CarLongPlateGen277_jpg.rf.d7a2e6f55ed0aa1c050f1a76a7584f99.jpg,day_sharp
xemay1296_jpg.rf.2646992a6fa4b8a84fdd10bc685074e7.jpg,day_sharp
CarLongPlateGen404_jpg.rf.0f8ad9f7635325377e4c02aba8145587.jpg,day_sharp
xemayBigPlate28_jpg.rf.23cfef8df48c81e113bcd751aa2383f2.jpg,day_sharp
pic_451_jpg.rf.eddab9bb5850d2f3c9927e04e6bfd955.jpg,night_sharp
pic_481_jpg.rf.a058c1a8ce4c875d0d07a9e521dadf18.jpg,day_blurry
xemay643_jpg.rf.c674e66515d6a3cc41c057b00985ee22.jpg,day_sharp
CarLongPlateGen2966_jpg.rf.21c632f537ff550dc6c4e2fb4e75b225.jpg,night_sharp
xemay1485_jpg.rf.bdaaeaba59ff9a4d89bef670d7faa695.jpg,day_sharp
CarLongPlateGen1764_jpg.rf.c64fd222935077252f488e37af6818de.jpg,day_sharp
CarLongPlateGen886_jpg.rf.66681dc156071252b0102c23e8eea2f4.jpg,day_sharp
xemay1305_jpg.rf.1a726c5d379f2b28f1704d1eda194166.jpg,day_sharp
CarLongPlateGen2408_jpg.rf.f4d33cee34025ce576eee2e93318c167.jpg,day_sharp
xemay2364_jpg.rf.e5b1737ce20bd28e70ea7c420dd4bfb0.jpg,day_sharp
CarLongPlate232_jpg.rf.4849deb36f1e20a5600d4f72bb704604.jpg,night_sharp
xemay98_jpg.rf.1bd6f399fd66db3cf0b77eebd43c2155.jpg,day_sharp
CarLongPlateGen268_jpg.rf.08d481e2a8a3f9bdd19007a6e12a04c6.jpg,night_sharp
xemay425_jpg.rf.5d350afb5184383e0578ad25cdc35a96.jpg,day_sharp
CarLongPlateGen1085_jpg.rf.68debfb38c4af0ee217c36627ba8e092.jpg,night_sharp
xemay1332_jpg.rf.d2c4233b03cf84f41c70fbde6fd239aa.jpg,day_sharp
CarLongPlateGen3702_jpg.rf.a4f9421531cc7e69da4452c4de176d98.jpg,night_sharp
CarLongPlate945_jpg.rf.454270f744314ee7d2f2f96dfa9b4fe4.jpg,day_sharp
CarLongPlate737_jpg.rf.8955e767776abaf10ca6926a17f79326.jpg,night_sharp
xemay1875_jpg.rf.65e07aa081500b6d251d2fd2c2f50139.jpg,day_sharp
CarLongPlate327_jpg.rf.f580ac445f44b3f30541fc9443ccc0f7.jpg,night_sharp
CarLongPlate574_jpg.rf.83ff554b078a9bcc076a21fa88ed8029.jpg,day_sharp
xemay1671_jpg.rf.8029c57a344909ccacf11c8853e87ae9.jpg,day_sharp
xemay514_jpg.rf.9f9048f17f363e2617b10df084d90084.jpg,day_sharp
xemay1959_jpg.rf.6755aa6eeecefc49187fd3f63a40cd0e.jpg,day_sharp
CarLongPlateGen1475_jpg.rf.636accca2c386defb7748dd2366887ed.jpg,night_sharp
CarLongPlateGen633_jpg.rf.545b9fed080d88559d67e3e0dd0d94af.jpg,day_sharp
xemay1807_jpg.rf.25adbc6cecd8a338a376dcf02bed280f.jpg,day_sharp
xemay2049_jpg.rf.f132b2ce6932c088cc1a96f306fb19b1.jpg,day_sharp
CarLongPlate368_jpg.rf.c81f1cadf57b4f0e7347b3926a57f8ff.jpg,day_sharp
CarLongPlateGen2287_jpg.rf.e1df1cd945267a475883f5f6917a897d.jpg,day_sharp
CarLongPlateGen1180_jpg.rf.9f65a68f54e637cf5126c2e00d69dd59.jpg,night_sharp
pic_558_jpg.rf.a2ee3225a0898799cab45796dd0d4048.jpg,day_blurry
quandoi6_jpg.rf.b54781d7f181545c63c91743a99e4d7e.jpg,day_sharp
Cars277_png_jpg.rf.a981685c089c05479f591251d3cb1a17.jpg,day_sharp
pic_757_jpg.rf.0f8382dc875be7caab87f1ec633f5c5a.jpg,day_sharp
CarLongPlate63_jpg.rf.3a1df5aa4dce01f99cb56b1d5cf01497.jpg,day_sharp
0083e919337aebb0_jpg.rf.f7ba4009833930ee264b4b296e00edf0.jpg,day_sharp
004abd1e49165b1c_jpg.rf.7a52bca0da71c3614271bfb15a803db5.jpg,day_sharp
xemay146_jpg.rf.42fdd1f92d5abd1df9414c4f2061931a.jpg,day_sharp
CarLongPlate423_jpg.rf.06c03ad5d9b3a6426c63a9c761e46abc.jpg,night_sharp
boderquandoi26_jpg.rf.3a39ee2cd45dc4af9da2443502809092.jpg,day_sharp
CMPLK80_jpg.rf.4608e1e0050815e226645292fb0e046b.jpg,night_sharp
ngoaigiao6_jpg.rf.78788cd6d6e70db66c0fe77475ca28e0.jpg,day_sharp
CarLongPlateGen2663_jpg.rf.8202a8da2141bd0290ed2326d3bf2383.jpg,day_sharp
xemay1728_jpg.rf.eec132c898a0127d09967437b0208b38.jpg,day_sharp
CarLongPlateGen2501_jpg.rf.c203c41f46f2e26bd476387b3b20fb38.jpg,night_sharp
xemay2468_jpg.rf.1bbb04fd674eb982e89897512e9ba444.jpg,day_sharp
xemay1846_jpg.rf.6eeaaa76ae5729a837066d8d0c5009a9.jpg,day_sharp
pic_379_jpg.rf.a0f39d55f3023b52cefe8909929cc6e6.jpg,day_sharp
pic_368_jpg.rf.58ae0417a7165589acd9209309890540.jpg,day_sharp
CarLongPlateGen2017_jpg.rf.8622c446463a91599b2bc72668b3f644.jpg,day_sharp
xemay1036_jpg.rf.4ee8175cea78298ca9f7dc2e9f16b1f2.jpg,day_sharp
xemay752_jpg.rf.8959e6935434f81751e2fe88608a9c37.jpg,day_sharp
CarLongPlateGen897_jpg.rf.1d5cd8b363af76c1ef3e278b127c01e9.jpg,day_sharp
CarLongPlateGen3821_jpg.rf.52d5ab848ef05342680d3a2d4af60301.jpg,night_sharp
xemay2107_jpg.rf.b240e409183bee2b9a06901316f774f1.jpg,day_sharp
CarLongPlateGen543_jpg.rf.b3dd7923e22f2d0c211f9c3b6e5d45f3.jpg,day_sharp
pic_337_jpg.rf.482cb2b1b36431990576d5c0495386d9.jpg,night_sharp
xemay2156_jpg.rf.3b731a6fc598358654ad73b49b66b64f.jpg,day_sharp
033c6c415ab842c3_jpg.rf.f8a7dee81c7649dd94c6e5054385b1e6.jpg,day_sharp
CarLongPlateGen2542_jpg.rf.1c06833cdfc21e155927c5b4d3ccab49.jpg,night_sharp
CarLongPlate481_jpg.rf.1eb16ad451e5d21db31889fa79a12aa1.jpg,night_sharp
quandoi1_jpg.rf.0fb628d9e0f5276bc24800c7db3fcd17.jpg,day_sharp
CarLongPlateGen565_jpg.rf.d9632fadafe04b8001df20568a26a113.jpg,day_sharp
xemay478_jpg.rf.99670d428eb5a576ea946272f37602cb.jpg,day_sharp
CarLongPlateGen215_jpg.rf.f8795a5abde1eacc739dc687199cb78f.jpg,night_sharp
xemay1845_jpg.rf.54687beeb216880f4b9f80b99ea1a27a.jpg,day_sharp
CarLongPlateGen820_jpg.rf.ae77161c20b7757914fd3f26d30b753f.jpg,day_sharp
CarLongPlateGen878_jpg.rf.1b5df9917f8183e43efe1cb81527f362.jpg,day_sharp
pic_507_jpg.rf.05203d3f96b6ff39443f5a16d3603737.jpg,night_sharp
CarLongPlateGen1278_jpg.rf.5cb796453ce5cff95f36d7d49f1690a9.jpg,day_sharp
CarLongPlate169_jpg.rf.cf91e1c5ea67a37f38cb1bfd1ec991d2.jpg,day_sharp
CarLongPlateGen1252_jpg.rf.8e18712e9beca4adabf592e2b5c75423.jpg,night_sharp
CarLongPlateGen1445_jpg.rf.ce2ffe66944ac35e3315b54948f285e0.jpg,night_sharp
CarLongPlateGen884_jpg.rf.33bec8c2506a8c0f6090066a518fab8f.jpg,night_sharp
CarLongPlateGen605_jpg.rf.cefc4e8b98d0c75e46daa238a5038f3d.jpg,day_sharp
CarLongPlate717_jpg.rf.9ea0aafac2b3e123cf43a91b2893b86e.jpg,day_sharp
xemay1721_jpg.rf.4c171357a360d3bc78ce2ae4b8b5f3f0.jpg,day_sharp
xemay571_jpg.rf.15d2d51e4dca4d30f3208b44fc8c8889.jpg,day_sharp
xemay553_jpg.rf.9ee3253e7092f04b3934334d1bd36348.jpg,day_sharp
cropquandoi80_jpg.rf.53f044b854c28a8af15442562bce3c8f.jpg,night_sharp
CarLongPlateGen901_jpg.rf.0839da30e05b50e484f47116bc201745.jpg,day_sharp
xemay748_jpg.rf.8147019f460142698fccd8d77f97e92d.jpg,day_sharp
boderquandoi110_jpg.rf.6fbd0b7e6477f54f7cda7584947716d2.jpg,day_sharp
xemay1876_jpg.rf.37ca754b5651f46d92e1a67d7be52c1f.jpg,day_sharp
CarLongPlateGen22_jpg.rf.8528a8d9e399b50dd03c2d343ba39c85.jpg,day_sharp
boderquandoi84_jpg.rf.e080818394cd9f511ea8304d048f69db.jpg,day_sharp
CarLongPlateGen3622_jpg.rf.7f3786d8c2ad4c6976b95e3147140c9f.jpg,night_sharp
CarLongPlateGen1396_jpg.rf.ca1981aab6dc2581a53a9b8a878264ac.jpg,night_sharp
rotatequandoi68_jpg.rf.3b731c0eb85104031f414c22dbced617.jpg,day_sharp
CarLongPlateGen1454_jpg.rf.86f6455cb4c468465d75ce194ba65788.jpg,day_sharp
CarLongPlateGen2431_jpg.rf.9aafe8f507b3e032798141f5964680e6.jpg,night_sharp
xemay2181_jpg.rf.22124b1687961ec53d7dfd7314570554.jpg,day_sharp
xemay953_jpg.rf.cff0716cbed0617666b5915c0e6c7bd5.jpg,day_sharp
pic_605_jpg.rf.911259ee45a2bf22abd5f9e689f73824.jpg,night_blurry
CarLongPlateGen1508_jpg.rf.1aee5245d3365c0d7b97465432d3dd2b.jpg,night_sharp
rotatequandoi16_jpg.rf.9524c66cf740419d7f962a6a2f450853.jpg,day_sharp
CarLongPlateGen1443_jpg.rf.aabf5aa9bc6bef2a4742d3f9325ee23a.jpg,night_sharp
xemay185_jpg.rf.b70ec983238b7bd57d655912c6a4caf1.jpg,day_sharp
CarLongPlateGen2043_jpg.rf.0be1d9e123084277e958b1ae1efd4af5.jpg,night_sharp
Cars164_png_jpg.rf.ba586b0d9f655b6361e0e0119c9a30f4.jpg,day_sharp
xemay1848_jpg.rf.ff853235046c3920e737d66065913393.jpg,day_sharp
pic_375_jpeg_jpg.rf.bd571bf1c1663c657679ed85babd7483.jpg,day_sharp
xemayBigPlate33_jpg.rf.3cdda6dc29ad54a6f2a2a86643ab742f.jpg,day_sharp
CarLongPlateGen1399_jpg.rf.d2b0ec41d4b2ee54a7c86b8f08349793.jpg,night_sharp
CarLongPlateGen3072_jpg.rf.240eaff396283098dc0c851f0a8a161b.jpg,night_sharp
xemay694_jpg.rf.7eaad2001a5bcac4c2276cefe0562c3b.jpg,day_sharp
pic_138_jpg.rf.e4326b82d429dd6e74036246d3aa9c9b.jpg,day_sharp
CarLongPlateGen3849_jpg.rf.4a29b3aaaed8dd747fd12610e6e2c47c.jpg,night_sharp
CarLongPlateGen497_jpg.rf.3416b9a3a7da8e2368c75610d5ae7e51.jpg,day_sharp
CarLongPlateGen1305_jpg.rf.c5839e4c2ff21cd4834bf6a64085ca46.jpg,night_sharp
66-800px-1977_Pennsylvania_license_plate_D97-950_jpg.rf.9e65b8b1b15e8ab251688852d0a58ac1.jpg,day_sharp
CarLongPlateGen3564_jpg.rf.8758058f736c72e8decc3fc0a53898cc.jpg,night_sharp
boderquandoi37_jpg.rf.d7e800cb5cabdcfc2046d5993a5b9a6d.jpg,day_sharp
CarLongPlate151_jpg.rf.f0fd516c22317a66af692793ed9e0ed3.jpg,day_sharp
pic_669_jpg.rf.cf2ac73f6bb616d4337ac6db872c08f6.jpg,night_blurry
xemay2267_jpg.rf.e17a58d7c5fd6a8dec9a675720da046d.jpg,day_sharp
xemay285_jpg.rf.dea42dfb8fdf66e3ef1548b950197fa0.jpg,day_sharp
IMG_6989-conv_jpeg_jpg.rf.188021eb16c47eb87ff44cef42168294.jpg,day_sharp
CarLongPlateGen3590_jpg.rf.219f818870969605b5440b611eaac5c1.jpg,night_sharp
pic_417_jpg.rf.2dd4b1a0a9f756ed64b016796d1a09be.jpg,night_sharp
CarLongPlateGen3588_jpg.rf.629a93fc63bdbf8e27fcff5e25b8e8db.jpg,day_sharp
CarLongPlateGen2184_jpg.rf.588ecc871d5e6c0bb4236b479efbe3a4.jpg,night_sharp
CarLongPlate288_jpg.rf.45ef8729eb16cf788dae45b709f4110b.jpg,night_sharp
02f914b2cec48820_jpg.rf.373ddc6b80ad38770f6c8e6813f17a45.jpg,day_sharp
xemay2292_jpg.rf.29a44b84c0c5b5a1f56781b444034acd.jpg,day_sharp
T_jpg.rf.fc1b0694fc4db6849a07c7a7d898ce67.jpg,night_sharp
CarLongPlateGen3357_jpg.rf.6194b789b7b9860c537b10cbf7aad298.jpg,night_sharp
xemayBigPlate124_jpg.rf.5eab4abe0489d69d4df5a9acfd4e402d.jpg,day_sharp
xemay2212_jpg.rf.bcb5d412f00beb3a749c16d7a55755bf.jpg,day_sharp
pic_639_jpg.rf.b17b45e964c78724a3acf608ee98157c.jpg,day_sharp
CarLongPlateGen3764_jpg.rf.73f55c0f88c39b1e7f70e38b8d2ca1b2.jpg,night_sharp
xemay2349_jpg.rf.6a6328639d81920601f7893102b49f71.jpg,day_sharp
xemay923_jpg.rf.9d7171ad6ff88e0032e2c503650c64a3.jpg,day_sharp
CarLongPlateGen603_jpg.rf.db79d42e4d170a706ab80388abd76f6a.jpg,day_sharp
xemay1268_jpg.rf.aed19b18c8da47aa9ad70f7f418997cf.jpg,day_sharp
xemay2111_jpg.rf.ada74de07538a89be2dd87bf32abfb80.jpg,day_sharp
xemay544_jpg.rf.70b062173f930074dd3179d558418063.jpg,day_sharp
CarLongPlate202_jpg.rf.d599f284cda560280c27e9b4170f08cb.jpg,night_sharp
CarLongPlate840_jpg.rf.9684080a77ac644cf620993458fbee47.jpg,night_sharp
CarLongPlate170_jpg.rf.51ce2a0ffc86cdbb860ab60a1ecca5c8.jpg,day_sharp
CarLongPlateGen1553_jpg.rf.3961139d4c5e35ac1b7b43efb224e6a8.jpg,night_sharp
xemay2036_jpg.rf.f37940afd61f3323d3fd95278b3dd8ef.jpg,day_sharp
CarLongPlate194_jpg.rf.a2cc3a6ebcac5fb32f0c38243b3b526b.jpg,night_sharp
rotatequandoi29_jpg.rf.0ff72e3a52a175fd4729fe4a0420a59b.jpg,day_sharp
IMG_7033-conv_jpeg_jpg.rf.36d7a8f81b96fe50856d42f090f08d42.jpg,day_sharp
CarLongPlateGen366_jpg.rf.e5a25a97b9578cc8d8eb7c76a1322834.jpg,day_sharp
brightnessquandoi21_jpg.rf.1619e771501dbaf6345a8fc9b55b2ba9.jpg,night_sharp
CarLongPlateGen326_jpg.rf.df9134afa31fe31fe483d13b8e1d0051.jpg,day_sharp
cropquandoi75_jpg.rf.94da54591c3bd304bb22fc78a469057d.jpg,day_sharp
xemay1204_jpg.rf.d108bee49844432e8f5e6f4d7bd67049.jpg,day_sharp
xemay983_jpg.rf.b7972d20d30c9ab3c107536d53f4e3df.jpg,day_sharp
pic_349_jpg.rf.57dd84f4b4910335d2fb08346e0fd85c.jpg,night_blurry
xemay508_jpg.rf.1e758576c1538c27c6ba3fe58515d466.jpg,day_sharp
CarLongPlateGen2159_jpg.rf.8ccf59993636386982a05e78923100d2.jpg,day_sharp
CarLongPlateGen508_jpg.rf.de4b1df6e3174bd079db98f95d6ae666.jpg,day_sharp
xemay2462_jpg.rf.42bbb451212c67c1b44635ca3ecca0b0.jpg,day_sharp
xemay1467_jpg.rf.38e31f60555576b9b58fb9120e6a6aab.jpg,day_sharp
pic_219_jpg.rf.7f955b927953496fce587df5eed68b0c.jpg,day_blurry
CarLongPlate823_jpg.rf.27b0058cac2c48084a2249b52bd22aa4.jpg,night_sharp
CarLongPlateGen607_jpg.rf.137ca312e7f0abde8149ff48b3d2bf7d.jpg,night_sharp
CarLongPlateGen389_jpg.rf.f223ef89a85cf649502aece9e3a9cc6b.jpg,night_sharp
CarLongPlateGen1212_jpg.rf.97dd66c02b9cc811701da54f83aeb31c.jpg,night_sharp
CarLongPlateGen2459_jpg.rf.e8d9ab69d4c8b11c5166c94d45579e2b.jpg,day_sharp
CarLongPlateGen3438_jpg.rf.cf2b5669a4afc6835e2f2082b7037ca7.jpg,night_sharp
brightnessquandoi37_jpg.rf.0dcf01512cd86b982df100ddfab7a383.jpg,night_sharp
brightnessquandoi55_jpg.rf.069bce1c0168210c3a79d1a7f84261ca.jpg,day_sharp
xemay673_jpg.rf.fafe7410179b10f982ef0b6bab3b4ebc.jpg,day_sharp
xemay971_jpg.rf.a772add87734f17e0593df1e57b5a6f3.jpg,day_sharp
CarLongPlateGen2594_jpg.rf.f08c386586aa6d3c340d955cc60b0b29.jpg,day_sharp
rotatengoaigiao2_jpg.rf.427f7194b16017a4aa988fad3297cb8c.jpg,day_sharp
1649292507306_jpg.rf.773d296bc5f34dc4d1446da76bf64f6b.jpg,night_sharp
CarLongPlateGen480_jpg.rf.7c1b5bcde9722df936c50a6fb59b662d.jpg,day_sharp
CarLongPlateGen1935_jpg.rf.6bfb2ebeda374d3db097cc611638220d.jpg,night_sharp
Cars186_png_jpg.rf.0bc4f294a71d063a48dc4fd6e45ccc03.jpg,day_sharp
CarLongPlateGen310_jpg.rf.60de94a408e2937c7eeaa356b5c525ab.jpg,day_sharp
xemay1693_jpg.rf.35496a9b7a6bc5c4a62fef2b7496d9ad.jpg,day_sharp
CarLongPlateGen230_jpg.rf.26ad08c5085cc786a205e04fea4bd248.jpg,day_sharp
CarLongPlateGen859_jpg.rf.cbb78f827fc195bd7c1b82c7d12c38d1.jpg,night_sharp
pic_004_jpg.rf.af4fa8c1b0d7e63c7710e10946d5fc1b.jpg,day_sharp
CarLongPlateGen3624_jpg.rf.1f10d4d16601d83bc7888597d31c431c.jpg,day_sharp
xemay1814_jpg.rf.a4bcd2a5579ae77722f4a21f6dd5e13b.jpg,day_sharp
CarLongPlateGen3223_jpg.rf.a07275b66f9ead81d39dfe25b3790326.jpg,day_sharp
IMG_7062-conv_jpeg_jpg.rf.7dec2bb1fa30537e35bc908890cd494c.jpg,day_sharp
CarLongPlate551_jpg.rf.e23bbb14ac1031ff06ecdb1caafaa071.jpg,night_sharp
CarLongPlateGen3387_jpg.rf.0a18f0c8ed80a9672a8759e14d101d76.jpg,night_sharp
quandoi90_jpg.rf.48db1cf70d3a9d698b7770cd1cbceb78.jpg,day_sharp
CarLongPlateGen2553_jpg.rf.c476075867132dd71289c98d07883627.jpg,night_sharp
xemay269_jpg.rf.3100fb467ec7534b2884195b963aaf31.jpg,day_sharp
CarLongPlateGen1238_jpg.rf.91297261771be1561d8ab43ed1eb6c2c.jpg,day_sharp
boderquandoi46_jpg.rf.0561505ae554fb17659eac74cb90561f.jpg,day_sharp
CarLongPlate235_jpg.rf.0ddcfb9f18b85b3aa350b3a506a5f798.jpg,night_sharp
xemay165_jpg.rf.ef5fbbad4d7559a4e38c5606ed5e58f0.jpg,day_sharp
CarLongPlate672_jpg.rf.5bb623d662773d2fbac8d1e955cf86fc.jpg,night_sharp
quandoi4_jpg.rf.7733bad4c381d01b9b29d8a04c81c14c.jpg,day_sharp
xemay1813_jpg.rf.ecd6746fb312cfdf568870ae7c5b2de1.jpg,day_sharp
pic_463_jpg.rf.7f8d4704bf9f896cc47c2f3a0d9d7fc4.jpg,night_sharp
xemay855_jpg.rf.4669fe79d3cb85ff49c078c16f588fac.jpg,day_sharp
CarLongPlate776_jpg.rf.f34e8ffd0d73deafa38e2155893fe0f4.jpg,day_sharp
CarLongPlateGen3718_jpg.rf.3a319cb68b894bcea1c390aa13e7f240.jpg,night_sharp
xemayBigPlate23_jpg.rf.459ac8456a437feffbbecf16ec0bb6c6.jpg,day_sharp
CarLongPlateGen1003_jpg.rf.5834f652ab1ac8b78ff30f00cef36c18.jpg,night_sharp
boderquandoi32_jpg.rf.cb52cc5e2f11341dec5b022e54b20661.jpg,day_sharp
images19_jpg.rf.d246bb10bb34a226e2bfb97cdbaeb245.jpg,day_sharp
CarLongPlateGen611_jpg.rf.8cc8653b53199a73663163e4fab4921d.jpg,night_sharp
CarLongPlateGen3846_jpg.rf.88e28b142dc2e5d041f194185a6a5cfa.jpg,day_sharp
CarLongPlate41_jpg.rf.e63bc936f7a34af9372c956eea74699f.jpg,day_sharp
CarLongPlateGen3615_jpg.rf.a4d3a13d705a2b8ebc0db3bc26819001.jpg,day_sharp
xemayBigPlate234_jpg.rf.adb83408432e23266205ae74e7995983.jpg,day_sharp
xemay2019_jpg.rf.0f275869d752caba319e8fe8a1121b1a.jpg,day_sharp
images_jpeg_jpg.rf.5ea5192ca72aa3e460ccc99bfab3aea3.jpg,day_sharp
CarLongPlateGen875_jpg.rf.e71e5c515d10c475c07d8ee249f9cab6.jpg,night_sharp
quandoi34_jpg.rf.cf99884f325892fa6915ea36cbd76c05.jpg,day_sharp
CarLongPlateGen3295_jpg.rf.7e9eb750f4a41d5d1b1ecddf9c2c0819.jpg,night_sharp
pic_590_png_jpg.rf.22e1ac7afa574db21aa8fc06e33b32ef.jpg,day_sharp
images32_jpg.rf.6b3398b542c73d51391113f2fe0a04d8.jpg,day_sharp
xemay2427_jpg.rf.82c0dcdd47400d3d4fb0da0534cdbafe.jpg,day_sharp
pic_312_jpg.rf.de79782493fe27d66c04e764066e2076.jpg,day_sharp
xemay1725_jpg.rf.8b7d043f1db29f429c4eacd99017ea81.jpg,day_sharp
xemay1029_jpg.rf.f4c17d997266da730fcc2cb6ceb4ed23.jpg,day_sharp
xemay198_jpg.rf.9bdfd4eb5e0ae2488fa64a43e4933f81.jpg,day_sharp
xemay1118_jpg.rf.afde1e2d786c02b6a934837d708c1cf5.jpg,day_sharp
0090a11fa8b2b69d_jpg.rf.4fe54658901cbe435409bda536820dc9.jpg,day_sharp
boderquandoi87_jpg.rf.6e77d8335b0c732e1f7f453c249c9fdc.jpg,day_sharp
pic_753_jpg.rf.7478f9c4ee5c978f34f0cea8b0e20b08.jpg,night_blurry
CarLongPlateGen3353_jpg.rf.83059fe0554133ead407b0da0af32a18.jpg,day_sharp
CarLongPlate152_jpg.rf.e3943e0f25250939c064bbd09678b386.jpg,day_sharp
xemay243_jpg.rf.369f66021abcbe7f77b831e00aa204e1.jpg,day_sharp
CarLongPlateGen3260_jpg.rf.eee763991cce5708b85a891d5c7603ab.jpg,day_sharp
cropquandoi67_jpg.rf.65aee497e5ad2680fe67975e21967362.jpg,day_sharp
CarLongPlateGen1529_jpg.rf.ee2aca684ce0f0b528333dc3e26e9b7c.jpg,night_sharp
CarLongPlate718_jpg.rf.99db7fdfd7a7a97f33bc03c3aea8c234.jpg,day_sharp
CarLongPlate649_jpg.rf.e3c3b44b596bf8f5c8f926a28f8da987.jpg,day_sharp
CarLongPlateGen2517_jpg.rf.b17994a5e8b6408f290d9819c03a4858.jpg,day_sharp
CarLongPlate817_jpg.rf.5ffd9c0ae9995ca61c1ad69d8073b265.jpg,night_sharp
CarLongPlate365_jpg.rf.181480a486c5ae4b30da2856934e5a73.jpg,night_sharp
CarLongPlateGen52_jpg.rf.a87f562d05b3e9f69ced692e22654842.jpg,day_sharp
pic_425_jpg.rf.c5b3accf12a9bd5dc4f42ac70e1d504f.jpg,day_sharp
CarLongPlateGen1937_jpg.rf.ccd66b6e27f454cd6b0fc5311e8fa63d.jpg,day_sharp
CarLongPlateGen319_jpg.rf.080ccdefff3ae2154154638c3ac9d5ec.jpg,day_sharp
rotatengoaigiao5_jpg.rf.45ecc1bc3ba782ebb6a0accb155cbad2.jpg,night_sharp
CarLongPlateGen3860_jpg.rf.d9f5edd995ca56e10c185868abd4c98c.jpg,night_sharp
CarLongPlateGen2613_jpg.rf.a4a234c5a0abdfdbedbeed166e3ce1d4.jpg,day_sharp
CarLongPlateGen2222_jpg.rf.5f59820f11d8ad1d6309ebf06147fb10.jpg,night_sharp
xemay1289_jpg.rf.ef3eaa848e69855edee16cbae97e7f0a.jpg,day_sharp
xemay755_jpg.rf.3369e620ed8523c54fa328841f3b3eae.jpg,day_sharp
rotatequandoi96_jpg.rf.30528e5c4937720d13bcebf380a9d0d4.jpg,day_sharp
pic_401_jpg.rf.e9dbf8581d983778e03c808005d48fb8.jpg,day_blurry
xemayBigPlate101_jpg.rf.ad451bb41e7b7d6be937f96709c37b6f.jpg,day_sharp
CarLongPlateGen518_jpg.rf.1b6a68552734812a9efae0d5fbc56504.jpg,day_sharp
images11_jpg.rf.380f257c4b10ffac7174a3f6ea4b8dec.jpg,day_sharp
CarLongPlateGen774_jpg.rf.9ff4ad9f17cc8312c6d8aef89194a5c3.jpg,night_sharp
CarLongPlateGen2529_jpg.rf.562c8a3eba7dd14fb8bd3d532d5fc81a.jpg,night_sharp
Cars212_png_jpg.rf.ed6229552f68045daddd5ca04b979dd0.jpg,day_sharp
CarLongPlateGen3453_jpg.rf.cbd661a7f03ff034cd88d061ab60a92b.jpg,day_sharp
CarLongPlate139_jpg.rf.d6f82075c2d86cdd31c129a27e71d19c.jpg,night_sharp
CarLongPlate208_jpg.rf.3f68f4f207462718df252deb034e6707.jpg,day_sharp
Cars158_png_jpg.rf.0f760d3368f4f70473ff00b351e207e6.jpg,day_sharp
xemay1766_jpg.rf.85b55eb2e5942204daef827bcf632dc5.jpg,day_sharp
CarLongPlate73_jpg.rf.851b48dab9ed906fc2f96124f410dd9b.jpg,night_sharp
pic_106_jpg.rf.86bd7c0dcf60b12e84d22ba606173005.jpg,day_sharp
CarLongPlateGen1511_jpg.rf.5bd22f7dc5c9b2889ea3be1b8c84115f.jpg,day_sharp
CarLongPlateGen1972_jpg.rf.f3246b56adfb16add68210633dfd5419.jpg,day_sharp
pic_768_jpg.rf.18679db255eb9756a46b596c69bf6723.jpg,day_sharp
xemay2002_jpg.rf.095ac5c89e8367729fe1c2b3ebdb35eb.jpg,day_sharp
xemay1649_jpg.rf.04d3eb0430d5e303d402f98d23992014.jpg,day_sharp
CarLongPlateGen3714_jpg.rf.17cef115a46a92a22f9d6769f2f4ecbc.jpg,day_sharp
xemay1792_jpg.rf.a0a2b4d1280a5d613a526056dd21ee4a.jpg,day_sharp
CarLongPlateGen3863_jpg.rf.ed7853a0f6b47a15a425272f90fdcf69.jpg,night_sharp
CarLongPlateGen2443_jpg.rf.c08afaa8babb159c755eacd806dbc3e0.jpg,night_sharp
CarLongPlateGen1010_jpg.rf.0b66e1f674ca6693a476ceb6f928370b.jpg,day_sharp
CarLongPlateGen1030_jpg.rf.8a465cdb4990a1494c51506f5db7a65d.jpg,day_sharp
xemay1159_jpg.rf.967df7bf8335acbbf6c7c4817ac0df63.jpg,day_sharp
CarLongPlateGen3613_jpg.rf.150dd2bd301f5e013d112440c3b3c21a.jpg,night_sharp
CarLongPlateGen1687_jpg.rf.13b7e0b663cfd970999016fa6fe032e7.jpg,night_sharp
CarLongPlateGen816_jpg.rf.f542fe28fa4542c7c927b4ad167d2155.jpg,day_sharp
xemay604_jpg.rf.6af6a67546388fefb5a344af33628e68.jpg,day_sharp
xemay156_jpg.rf.ade79ad39d00c4c1292bba8b04a01687.jpg,day_sharp
cropngoaigiao13_jpg.rf.b17e1ba01acc90c074b982859c2c5c31.jpg,night_sharp
xemay2347_jpg.rf.cc62df7d2f0b992d3330920e5814fd61.jpg,day_sharp
xemay7_jpg.rf.7893794717bb3aa42114472e5ebfee87.jpg,day_sharp
CarLongPlateGen876_jpg.rf.217f6ea8d5e5c86fd7c98121f893404a.jpg,day_sharp
CarLongPlateGen3711_jpg.rf.4e6e54bfa00e318c81ca4be6ebbe05f1.jpg,night_sharp
CarLongPlateGen8_jpg.rf.d2206021baeab89ed19da4f72aebe62e.jpg,night_sharp
CarLongPlateGen560_jpg.rf.e8945b52b9afa67bc954fe10c19f6110.jpg,night_sharp
CarLongPlateGen118_jpg.rf.fcedd8a15d5df858d056efc8d0e2c19a.jpg,night_sharp
xemay1833_jpg.rf.816ffb4b64e436dd64e49d3331649022.jpg,day_sharp
xemay557_jpg.rf.471f76448944a98680a5e9a834219f53.jpg,day_sharp
CarLongPlate87_jpg.rf.a32326ef2d4757534bf04f7da45a9182.jpg,night_sharp
Cars88_png_jpg.rf.23a3113a7a1720bb47c27c18db58229e.jpg,day_sharp
CarLongPlate110_jpg.rf.31489844271e55e82695a63fa32c5b32.jpg,night_sharp
CarLongPlateGen3045_jpg.rf.3cd318c4aff52e3d999b3527b1a4c87b.jpg,night_sharp
xemay1716_jpg.rf.03ba60402ed9f8e09d52314bbf98a4b2.jpg,day_sharp
License-Plates-Laws_jpg.rf.38afa0e0071c67c63515ec38381b8958.jpg,day_sharp
xemay1826_jpg.rf.15f8166e8029a58262590a56a5b5f2ab.jpg,day_sharp
xemay2188_jpg.rf.0256fce3c8ab3c321a482cfe9c716c92.jpg,day_sharp
CarLongPlateGen2357_jpg.rf.888379decf084124a50b009a1b7b82df.jpg,night_sharp
Cars427_png_jpg.rf.33ac539e23093e6991aa952107d8e06b.jpg,day_sharp
CarLongPlateGen2219_jpg.rf.f575f22172162bb56bf18624a4200fd9.jpg,night_sharp
CarLongPlateGen2934_jpg.rf.0794db0efff52ede12d6786dd4c254e8.jpg,day_sharp
CarLongPlateGen2540_jpg.rf.4f11cca46e70ea501310c14fbf9635ec.jpg,night_sharp
CarLongPlateGen2988_jpg.rf.a39b5ac2d2866934b4a564ee06a0ef88.jpg,night_sharp
CarLongPlate810_jpg.rf.c65114a172dfb437ff1592dba9f368e5.jpg,day_sharp
Italian-20license-20plate-20on-20my-20rental-20car-20in-20Si_jpg.rf.218be20a68a0f28ed6d03e56d0838253.jpg,night_sharp
xemay291_jpg.rf.da51d020387ae78cdf23cc39f568dfc6.jpg,day_sharp
CarLongPlate257_jpg.rf.5d4be8e7395c267bc275dd49e029826b.jpg,night_sharp
xemayBigPlate207_jpg.rf.2118e3008a91f9f4815191fceeb2e345.jpg,day_sharp
CarLongPlateGen3416_jpg.rf.9abe8b5932a24f02d8bad611372a6e5d.jpg,night_sharp
CarLongPlateGen2006_jpg.rf.aa5a86d38d84c87aa6b19b8a98aeb805.jpg,night_sharp
xemay1027_jpg.rf.aaf928cdd8bde4cc1fa8a18e56d26f6d.jpg,day_sharp
xemay442_jpg.rf.31cd5b40563aeb0849ab2cff2d58d66b.jpg,day_sharp
xemay547_jpg.rf.464b85debe6851b87206c07770de4eb1.jpg,day_sharp
CarLongPlateGen12_jpg.rf.3e7d77948e804038a863071c38efeff2.jpg,day_sharp
CarLongPlateGen672_jpg.rf.e3e393d1303a3a75cdc32fd83e54efe6.jpg,night_sharp
CarLongPlateGen3356_jpg.rf.0d918e7c264b9a3c54346cb1f3865643.jpg,night_sharp
CarLongPlateGen2879_jpg.rf.6e60b736dcef75f963aa9cd08674fc3b.jpg,night_sharp
the-license-plate-on-the-first-2013-cadillac-ats-available-news-photo-1599402276_jpg.rf.117cb93e602853b19825ee553c806f56.jpg,night_sharp
CarLongPlateGen3674_jpg.rf.a0f7bc22eff88b3fd0be53e0964b801c.jpg,day_sharp
CarLongPlateGen750_jpg.rf.91ef60195faa4b007c515afbec197b8a.jpg,night_sharp
CarLongPlateGen263_jpg.rf.9b1c951ea8273daf9aa5890336f9127a.jpg,day_sharp
CarLongPlate781_jpg.rf.a973fb75e4f6ad3fd7120d36121097cf.jpg,day_sharp
pic_024_jpg.rf.399bfb117f0feff08f61666884949210.jpg,day_sharp
CarLongPlateGen594_jpg.rf.879937d76f17711dc37592e0aa210154.jpg,night_sharp
pic_144_jpg.rf.bd12bf22547ad5531f88699d40e489e4.jpg,day_sharp
xemay891_jpg.rf.51dcb86baebef5ca784dd79cd8fef700.jpg,day_sharp
CarLongPlateGen573_jpg.rf.b37c3a892d93855fe1d0e0552266f23c.jpg,night_sharp
CarLongPlateGen96_jpg.rf.4358d64116cf003ef827d84b96bcc6fd.jpg,day_sharp
CarLongPlateGen2984_jpg.rf.8cbcd9a793a4cc773d10d156085ac61e.jpg,night_sharp
CarLongPlate865_jpg.rf.586e1b9e9e1347e96d27a1433ee0ca5b.jpg,night_sharp
quandoi73_jpg.rf.d188391ca5e9d1ee4f40db74b0fb906d.jpg,day_sharp
xemay373_jpg.rf.c816b99b896afe48f463b3feb77a1f62.jpg,day_sharp
CarLongPlateGen1224_jpg.rf.c2113485245d0e3062f78ccfc4f2cd71.jpg,night_sharp
CarLongPlateGen236_jpg.rf.86d776ac1edb61eec86cb8093c79e4cd.jpg,day_sharp
029ca9b64cfc78a4_jpg.rf.2e37c03e0a91d754ebacd26a34514c6e.jpg,day_sharp
xemay2159_jpg.rf.560bc0d102aac12252157113b921f3a4.jpg,day_sharp
pic_453_jpg.rf.7139e8b374a00a55619f985266913a38.jpg,day_sharp
CarLongPlateGen2221_jpg.rf.5cf1fdc40bf56c2d0d65f2e0633c5e61.jpg,day_sharp
CarLongPlate92_jpg.rf.217853df197779a20fe02d188033056a.jpg,day_sharp
CarLongPlate647_jpg.rf.3f7d500c5b283ffca7ee25b4737c376c.jpg,night_sharp
pic_443_jpg.rf.b7d4985aff453506da4c73ff249edb01.jpg,day_sharp
xemay213_jpg.rf.8711a9137971dea0b20b624af2c02e85.jpg,day_sharp
CarLongPlate622_jpg.rf.a2761e50045febf4f7be463cb4c246b1.jpg,day_sharp
xemay470_jpg.rf.5837d7e3c66f1a99229c1397827dadcb.jpg,day_sharp
00fb62be50bc2353_jpg.rf.3003dbc5011b37d769d8aa81d72658e0.jpg,day_sharp
CarLongPlateGen1977_jpg.rf.18d7c1ef4822a8ec371ce5e49f95e4d9.jpg,day_sharp
WhatsApp-Image-2022-04-04-at-2-25-11-PM-1-_jpeg_jpg.rf.e782aae04aa57faad57d19b0b593bf2f.jpg,night_sharp
xemay631_jpg.rf.a3a02d882617d0b0579eddd3bf1b65c1.jpg,day_sharp
xemayBigPlate38_jpg.rf.f77f607a2451fb60c8a00c0c06231372.jpg,day_sharp
CarLongPlateGen2206_jpg.rf.5dc7eac8c4d4ab7127565505aa90d464.jpg,day_sharp
CarLongPlateGen2087_jpg.rf.8cd550a1c8b0e4a2562460230ad98bca.jpg,night_sharp
CarLongPlateGen2149_jpg.rf.7883a3901b870c6f13c08451a0ba3509.jpg,day_sharp
CarLongPlateGen1837_jpg.rf.c6f8648d4151f4be4efe5f071fe86e22.jpg,day_sharp
CarLongPlateGen1566_jpg.rf.0d696e11c8292f49d69abeedc4b25116.jpg,day_sharp
quandoi94_jpg.rf.e73f51ac3427eca346a1b9d7d5c2880f.jpg,day_sharp
xemay630_jpg.rf.b7e3dcdde2530fce7bfab836fa039400.jpg,day_sharp
CarLongPlateGen2672_jpg.rf.c5477215979af6768c6ddf3342350f6a.jpg,night_sharp
CarLongPlate75_jpg.rf.eda132c21dc4ffde90afa4d5b6092cd4.jpg,day_sharp
xemay138_jpg.rf.e87dcb156f6396aee000f16a54f35af6.jpg,day_sharp
xemay1789_jpg.rf.c68e0a90161203c58b7680d227360229.jpg,day_sharp
xemay1132_jpg.rf.edac94d01cbc61e3e82f09ec02f9cadc.jpg,day_sharp
CarLongPlate938_jpg.rf.7131e460c21e5ac05a897ba9b55dd1d7.jpg,day_sharp
pic_420_jpg.rf.9ccc5fa5dcab5d21c38da26ab4cb124e.jpg,day_sharp
xemay2021_jpg.rf.732d59eebe138964e99c1ac2ca2be2c7.jpg,day_sharp
CarLongPlateGen596_jpg.rf.e468308efcb2e6b795f8852dd86854d9.jpg,day_sharp
CarLongPlateGen2997_jpg.rf.cb81748c98eaed08442b70892406ebe9.jpg,night_sharp
HKIONYY_jpg.rf.0d3f32257c02b622856cfb2d321dbfbb.jpg,night_sharp
CarLongPlateGen1628_jpg.rf.af53148d7e5c1d745ba31ea86a6b9940.jpg,night_sharp
CarLongPlateGen2057_jpg.rf.ddbe36d51ee52b556ddfad0d0c7398e6.jpg,night_sharp
CarLongPlateGen1642_jpg.rf.9c5487787f29abca98623886916df785.jpg,day_sharp
CarLongPlateGen782_jpg.rf.31235f14181a939392a7afa5c4be1fb0.jpg,day_sharp
xemay2066_jpg.rf.8c64a938b986cae1aae0c9acd5bc4c12.jpg,day_sharp
xemay1527_jpg.rf.89cb548e8ea500ffa13f1ccfaf52d8ce.jpg,day_sharp
CarLongPlateGen3445_jpg.rf.7bd3c5f6eab9ebba69b9302be0ec86e1.jpg,night_sharp
CarLongPlateGen1654_jpg.rf.f4e414933efab2dc580ee5f41ff5a0bf.jpg,day_sharp
xemay212_jpg.rf.4e0bfafa137340b33f14362ae4de7166.jpg,day_sharp
xemay2284_jpg.rf.cde66edd61581eabea3dba26733d0e28.jpg,day_sharp
CarLongPlateGen1079_jpg.rf.ae6bcc3e8579c6393f02b22e43ddc196.jpg,day_sharp
CarLongPlateGen3710_jpg.rf.cb61eefd0967a8e030bb99516d518f96.jpg,night_sharp
CarLongPlateGen1556_jpg.rf.3f936fb07fece3236183324af89cc842.jpg,night_sharp
xemay2401_jpg.rf.5d1081208819712d7abce4a19e3e105c.jpg,day_sharp
xemay2337_jpg.rf.dd621c37fc4920ce381edae3295b8bd3.jpg,day_sharp
pic_533_jpg.rf.1e4779b4ceb9bb17682f0b53567e1600.jpg,day_blurry
CarLongPlateGen2398_jpg.rf.eede8e77b964cc503cd868d5012e47a5.jpg,day_sharp
036221c6bdaec44c_jpg.rf.2bcc6715f7acedd47200ea551b9e3e15.jpg,day_sharp
xemay616_jpg.rf.c7b2697d2081896ad257d45fa93cf560.jpg,day_sharp
CarLongPlateGen1223_jpg.rf.7f0d1e4b023b33ca05b82f16667063df.jpg,night_sharp
CarLongPlate706_jpg.rf.3c3a8d7e59cc70afee3a931616c11b11.jpg,night_sharp
CarLongPlateGen2961_jpg.rf.626322221fc134599dbc75767a8d2e77.jpg,day_sharp
CarLongPlate690_jpg.rf.0e3df4093c0f802e1adca80f64949f92.jpg,night_sharp
CarLongPlateGen3124_jpg.rf.7379e4714f46548cf355947df86f42c9.jpg,night_sharp
CarLongPlateGen1158_jpg.rf.e4b7ef0f1b686ed681a352ca3830684d.jpg,night_sharp
CarLongPlate614_jpg.rf.58c830ec7a9fb727726e17051760ccf8.jpg,day_sharp
CarLongPlateGen882_jpg.rf.3bb4788cfd8554fe7968d963a17e515d.jpg,day_sharp
CarLongPlateGen2533_jpg.rf.38b7f26d566dc26ed33c8183a136bc14.jpg,day_sharp
brightnessquandoi11_jpg.rf.789672e4ecd3cd8fd6f39b424b055bed.jpg,night_sharp
xemay1536_jpg.rf.c3f1814e029e3e60c7ed2f23f0407bf1.jpg,day_sharp
xemay1903_jpg.rf.14d274056c420a8d077547eb381e6680.jpg,day_sharp
CarLongPlateGen733_jpg.rf.b3b1596a7518ecdb1c2e58bf9ae5ff6d.jpg,day_sharp
CarLongPlateGen872_jpg.rf.dab7087fffc693c571a7c837b9295cff.jpg,day_sharp
CarLongPlateGen1805_jpg.rf.1e787c26bf7fb75f5b6adbb3af546d7e.jpg,night_sharp
CarLongPlateGen2580_jpg.rf.1f9a03cae5a856544b4b4e33147d30eb.jpg,day_sharp
pic_333_jpg.rf.ae1e506221bf27f61c881a1a899e6b0c.jpg,day_sharp
CarLongPlate498_jpg.rf.cca1c68635ae9aedb2526a2bb3a259ee.jpg,day_sharp
CarLongPlateGen1610_jpg.rf.3bf0a964528c17c9ca7d6ed496b2f51c.jpg,day_sharp
xemay1664_jpg.rf.62387a466c8097cea31fd1d974b660cd.jpg,day_sharp
CarLongPlate187_jpg.rf.53d06a368b43b7ce419a18e244c83464.jpg,night_sharp
CarLongPlateGen3511_jpg.rf.bbf519f87a45a42485dfd39a4fe9dd90.jpg,night_sharp
xemay1769_jpg.rf.1e15f7da9bc735028f5e39aa78b90d04.jpg,day_sharp
rotatequandoi39_jpg.rf.6144aa281c86e57f7c1944bf3e11bd42.jpg,night_sharp
CarLongPlateGen1439_jpg.rf.148f883b6490863e2e45ab5ed54a7fb4.jpg,day_sharp
CarLongPlateGen2645_jpg.rf.8694d0e1832b9094d8b9c7ef8ca8d724.jpg,night_sharp
CarLongPlateGen2389_jpg.rf.8cd4fb8c5399c3e3b1664ccecfd69893.jpg,night_sharp
CarLongPlateGen3373_jpg.rf.203ae81e920e0b7c1ca2b6cd708429e8.jpg,night_sharp
CarLongPlate107_jpg.rf.7b41963aeebd1cdec4935c849ccddae8.jpg,day_sharp
pic_495_jpg.rf.2fae13efc589e70017b77bb457a484ac.jpg,day_sharp
pic_675_jpg.rf.78e16983b5d8665a842f37cc02d89f37.jpg,day_sharp
CarLongPlateGen3204_jpg.rf.1d6c5cb62bbf6933e1d9a19ed2dec1aa.jpg,day_sharp
BEHM927_jpg.rf.291c30dd656d04cda6f4a13a4ddd59fc.jpg,day_sharp
CarLongPlateGen638_jpg.rf.6137133b5214571ab8db89100980f849.jpg,day_sharp
CarLongPlateGen176_jpg.rf.1980af6f829e378633ef15f482d99b6d.jpg,day_sharp
xemay737_jpg.rf.ba5affa3bd60c34497e5b344b5da7903.jpg,day_sharp
CarLongPlate837_jpg.rf.de0068101133a49ed5fdef6692d59549.jpg,day_sharp
xemay1139_jpg.rf.6a0fe17cf35a0690be2871ad2a2fcc10.jpg,day_sharp
CarLongPlateGen199_jpg.rf.cc1bc481c36830b5de7aa22ca8b9962e.jpg,day_sharp
CarLongPlateGen1903_jpg.rf.e61c71e1947f2119c6f1d65fb524c48b.jpg,day_sharp
CarLongPlateGen1684_jpg.rf.70725a6e61d86738138ae50a687c538a.jpg,day_sharp
pic_253_jpg.rf.1741c6fdd46921e698d0c6b2cfa4a8cf.jpg,day_sharp
xemay733_jpg.rf.5a97f0c57ed044d0f3230354bcfbaca8.jpg,day_sharp
CarLongPlateGen2732_jpg.rf.6283025a660a96f534a5ce9f8fd157b2.jpg,night_sharp
Cars175_png_jpg.rf.d7c7683468816637b611bab3f793a745.jpg,day_sharp
xemay288_jpg.rf.481dd433efdd23a7465acb95772871de.jpg,day_sharp
pic_457_jpg.rf.544658c755cbc45c1233cda67d6fd124.jpg,night_blurry
xemay650_jpg.rf.07cca3322a8447698ab2ff952146c166.jpg,day_sharp
xemay757_jpg.rf.9db5dfe4797b31df251fabafea88ec03.jpg,day_sharp
CarLongPlate444_jpg.rf.a1a7d6924d95c4fd48dc14d4f282b6de.jpg,day_sharp
23-PLACA-IMG3222-GUERR-Nueva-HFX_jpg.rf.bbe40fdb3d82e7c69bad3d3ba1a4e3b9.jpg,day_sharp
CarLongPlateGen3248_jpg.rf.7a3d392cee98ec60d8ecc018cd944641.jpg,day_sharp
xemay2199_jpg.rf.98ba740e265f5613c840f81debf048c8.jpg,day_sharp
xemay498_jpg.rf.5132134c7e25388161feaf097a41ddcf.jpg,day_sharp
xemay2413_jpg.rf.983850d1fb6858617e5e97e978f55747.jpg,day_sharp
xemay28_jpg.rf.4e223cff7240a7faa0917b4af79728a9.jpg,day_sharp
CarLongPlateGen1885_jpg.rf.248cdff869c1d329aea6715a66edb2ab.jpg,day_sharp
xemay1528_jpg.rf.d6ad8909bfcf15d8c1fb946bfde2441c.jpg,day_sharp
quandoi11_jpg.rf.e646a8519a117f55f4fb2b1a4f21165c.jpg,day_sharp
CarLongPlateGen1460_jpg.rf.661733c6b8e0497c07a4fbd879f26076.jpg,day_sharp
xemay1570_jpg.rf.6c8c0eadc0f267d0131bdfdd509e7798.jpg,day_sharp
CarLongPlateGen312_jpg.rf.17b899d4a91425b1a7bdefd7d8ca13e5.jpg,night_sharp
xemay1065_jpg.rf.6b45f8ba19c41033bc2f96ef3b8eb239.jpg,day_sharp
Cars386_png_jpg.rf.437d78390c17a3e4a079f5a10102bc4a.jpg,day_sharp
CarLongPlate528_jpg.rf.f31ae18eb00db9bf1d9796ec7bf0f0ee.jpg,day_sharp
xemay2023_jpg.rf.c84d97e922b3a6d6312e8352005af6c1.jpg,day_sharp
CarLongPlateGen237_jpg.rf.ac5a739ce7ec662273a0ea833feb4fee.jpg,day_sharp
xemay1314_jpg.rf.7bd19537cac583eeff296c666f39a3d9.jpg,day_sharp
CarLongPlateGen2088_jpg.rf.f12af376ef753678bd729df1cf65fa90.jpg,day_sharp
Florida_Antique_car_license_plate_jpg.rf.fd382d87d7e28fa324cf68fc32ac57c3.jpg,day_sharp
images25_jpg.rf.73d6a1d6be5ef49a79d4ec6dcbabdda4.jpg,night_sharp
CarLongPlate927_jpg.rf.920db8592637cd133647b42764f824da.jpg,day_sharp
Can-20Someone-20Really-20Steal-20Your-20Info-20From-20Your_yythkg-20-1-_jpg.rf.cfb00a71949affa435adba02f1002a7b.jpg,day_sharp
CarLongPlate320_jpg.rf.cf8f49072e68a512bea8db7f96d11f07.jpg,night_sharp
CarLongPlateGen935_jpg.rf.2d43466f7269f1861d110a9fbaf21a4c.jpg,night_sharp
pic_257_jpg.rf.38de5ebd7fb58351e2d8827b1c815edb.jpg,day_sharp
xemay965_jpg.rf.f95cce694a200dca6cc02a4e2b09d1aa.jpg,day_sharp
xemay1127_jpg.rf.355d3cbfa202da846fcca53d5e9e3117.jpg,day_sharp
xemay620_jpg.rf.2802db89dca9ca76c59a7bd563787047.jpg,day_sharp
CarLongPlateGen1426_jpg.rf.bdbfc49b90df083d8a3144fa6adb4c76.jpg,night_sharp
CarLongPlate128_jpg.rf.8f42146d6f1a37eb5a0a927d39a97735.jpg,night_sharp
brightnessquandoi85_jpg.rf.72e879566cfb1cb798175197f260b9ff.jpg,night_sharp
CarLongPlateGen3606_jpg.rf.0e301ece695eeb0dbf8794ef7270c4e5.jpg,night_sharp
xemayBigPlate68_jpg.rf.b2181fbc600cc7d7b1553146bc191450.jpg,day_sharp
256223_jpg.rf.b925d1bf05925b8dcbfee99214ce9107.jpg,day_blurry
1649292507307_jpg.rf.7de512b55865c6a47518931e7e21ab74.jpg,night_sharp
CarLongPlateGen2888_jpg.rf.62bb62ef2c1a92653f3e6e259ca7981f.jpg,day_sharp
Cars268_png_jpg.rf.b5c76f974a4e259cf82d2243c3289a57.jpg,night_sharp
xemay1776_jpg.rf.bd7d94322f737b2b4e8aad419f065f64.jpg,day_sharp
xemay652_jpg.rf.60565eef52b30e5f1452addd6172eb64.jpg,day_sharp
xemay1311_jpg.rf.d68db507bb2a50a7d75c4ed7690fd2a5.jpg,day_sharp
xemay121_jpg.rf.b16ec141e678bd27d63d5cecb6cc8fbb.jpg,day_sharp
CarLongPlateGen323_jpg.rf.b50beccd8b97c64755d7274aecee2cdb.jpg,day_sharp
FVIOUHP_jpg.rf.d79f62a34e5b8fb53ab45dcd905b0483.jpg,day_sharp
CarLongPlateGen350_jpg.rf.c6ff71b42bbeed15283958fca2357e83.jpg,day_sharp
xemay2451_jpg.rf.b2870ac32c59287870a04279b789ffee.jpg,day_sharp
xemay1297_jpg.rf.4c2d0f43334cd3f94623132643175a3d.jpg,day_sharp
xemay921_jpg.rf.c610e7684e32a8af3584898e7b71113b.jpg,day_sharp
xemay469_jpg.rf.db2f3151cd89b2758fa8dc3475848969.jpg,day_sharp
brightnessquandoi18_jpg.rf.37ee860768791b40c86ecae83c44bac9.jpg,night_sharp
CarLongPlate734_jpg.rf.99ed4e3cf96359156ad007dbd7074c6d.jpg,night_sharp
CarLongPlateGen2084_jpg.rf.e7911627735730d66bbae31333e3ef19.jpg,day_sharp
CarLongPlateGen1237_jpg.rf.b79037900a999ebdfa45164205a8d49c.jpg,day_sharp
CarLongPlate908_jpg.rf.5a1d5717cf246517df7e538dc9a131d8.jpg,day_sharp
cropquandoi7_jpg.rf.86931872228b00dd96f08634f752d6d1.jpg,day_sharp
CarLongPlateGen2703_jpg.rf.dcf8fc60b1cac74d883d4a45cd0f8c43.jpg,night_sharp
xemay888_jpg.rf.89fbbfaff52669720d54108f0b06aa20.jpg,day_sharp
xemay184_jpg.rf.398aa79e7c5d60a6e9135e2dbac1d3a3.jpg,day_sharp
CarLongPlateGen2637_jpg.rf.872279bc0e22783aca5365eb1c0f3593.jpg,night_sharp
CarLongPlate431_jpg.rf.a90d8a473bbb36f94948338d1af1c1d2.jpg,day_sharp
CarLongPlateGen2319_jpg.rf.31024cd8c72bb2d55adf56cb47d924ca.jpg,night_sharp
CarLongPlateGen3079_jpg.rf.7dd84b3af79c85394678659f71b170d0.jpg,night_sharp
CarLongPlate28_jpg.rf.16553a53f779a22e93fc5b6fbff15a4d.jpg,night_sharp
xemay452_jpg.rf.8bf0a68d5c622c267e240a3783f6fd65.jpg,day_sharp
0257f9e3387efc1a_jpg.rf.356a5882c224642a4d07c29555df87ca.jpg,day_sharp
CarLongPlate99_jpg.rf.d321d6bae736f10dc30f6881c841c1d9.jpg,night_sharp
CarLongPlate724_jpg.rf.6df839f71917713ba96264a96afa0815.jpg,night_sharp
CarLongPlateGen528_jpg.rf.b32ad213196968a8bcffc831d9feb7b9.jpg,day_sharp
CarLongPlateGen1403_jpg.rf.01cea740809b58ee0525aaae7997bdfc.jpg,day_sharp
CarLongPlateGen3765_jpg.rf.7ee3ffe7dabbce6e2843d28b3a47ec5e.jpg,night_sharp
CarLongPlateGen2127_jpg.rf.9db3542bf115abc0b94ad3ae871f77f1.jpg,day_sharp
CarLongPlateGen1240_jpg.rf.f7a33964304c39ab7e40bde3fff60170.jpg,day_sharp
xemay1498_jpg.rf.de40fb0a3f685053ada99b8eff120d6a.jpg,day_sharp
xemayBigPlate75_jpg.rf.4ad3eac2a7c0a3d6015c234a440c0ad1.jpg,day_sharp
xemay1584_jpg.rf.5b566da069eb14056c947d85a7e6514a.jpg,day_sharp
CarLongPlateGen465_jpg.rf.086436fda4beb9dc694e62796d0319c9.jpg,day_sharp
boderquandoi43_jpg.rf.f549f40f598a986514f92a1811847d58.jpg,day_sharp
CarLongPlateGen3671_jpg.rf.172153ec5fc0f3e3ae46a7d87d75aba6.jpg,day_sharp
CarLongPlateGen218_jpg.rf.a358cbaa071113a5cf9bcf6cb467862d.jpg,night_sharp
xemay1729_jpg.rf.2fc021a62cd9fa65d3425cfd29c4338f.jpg,day_sharp
CarLongPlate116_jpg.rf.bd285a10f5b54706146cc9f6ace700cb.jpg,night_sharp
CarLongPlate339_jpg.rf.41c92debeb2dade9794affc0f742a915.jpg,day_sharp
CarLongPlate433_jpg.rf.ecbbf0ff0ff1a7cbbe82fabdfcf3e82e.jpg,night_sharp
CarLongPlateGen47_jpg.rf.395e8b51871b1ccbdfad13c4a67a2c5f.jpg,day_sharp
CarLongPlateGen3814_jpg.rf.84ddcc865fa7a8b5dc1489c08870d278.jpg,night_sharp
CarLongPlate218_jpg.rf.50bdf7268d1b1c4eac0f4a6333284453.jpg,night_sharp
CarLongPlateGen2055_jpg.rf.bbe78f589e4633532fea7945a8689e3a.jpg,night_sharp
14-D_NP_840285-MLM29407100331_022019-Q_jpg.rf.9e552f29cfca125fd8a794e6b5a3566e.jpg,day_sharp
CarLongPlate357_jpg.rf.c8e78d85f08428547278e238b5830d37.jpg,day_sharp
CarLongPlateGen117_jpg.rf.62a16a0da4b3eee9b914affd723ccb1d.jpg,day_sharp
CarLongPlateGen2743_jpg.rf.3cb8246d7523bc2ae6dd4de1e4090bd1.jpg,night_sharp
CarLongPlate242_jpg.rf.c4b89971b3efc3d83c8ff5e63cf6b711.jpg,night_sharp
Cars254_png_jpg.rf.87f01a92a3327bc15f14aeec4c8b9088.jpg,night_sharp
brightnessquandoi80_jpg.rf.85c6a32360489af711a3f7203f481f9b.jpg,night_sharp
xemay832_jpg.rf.89ff35358dc33c4f69013e9bdd12a3cd.jpg,day_sharp
xemay1561_jpg.rf.8a27e91f850902dd7524b1d85b4b0a61.jpg,day_sharp
pic_491_jpg.rf.1178fac8d9c587a73f934ac5bad2dabc.jpg,day_sharp
00fd1096ba77710e_jpg.rf.e250f7426bdb5a3ee5b96f5b6cc3dd69.jpg,day_sharp
CarLongPlateGen2361_jpg.rf.4743350c9cdac66cc6af3da4994d20e8.jpg,day_sharp
xemay729_jpg.rf.c983b958c4cce81ff1d48a73524f5f99.jpg,day_sharp
xemay346_jpg.rf.576be314ae68e902c5827d8d5183bec0.jpg,day_sharp
CarLongPlateGen2369_jpg.rf.f8b1ee68a4ce045a17e888818d2ecec4.jpg,day_sharp
CarLongPlateGen1336_jpg.rf.6b137f91d5c1e0735aa10d88cc47a0f6.jpg,day_sharp
CarLongPlateGen3396_jpg.rf.22a7eea6147417a27d5681386e363f08.jpg,day_sharp
xemay800_jpg.rf.508e4d8f94d45098bff6ee1c6db227f6.jpg,day_sharp
pic_714_jpg.rf.ebc33c4ddc3db951f41f2028a82bc18e.jpg,day_sharp
CarLongPlate77_jpg.rf.46f55656c6b0824a146e5bc5e3849763.jpg,night_sharp
pic_756_jpg.rf.56adcb4f34300560d7abf90b8f35de11.jpg,day_sharp
CarLongPlateGen2568_jpg.rf.c10ef839b95e8ee8f320095c21838095.jpg,day_sharp
xemayBigPlate14_jpg.rf.bbfa77f0be41244c117e2f158b387769.jpg,day_sharp
CarLongPlateGen356_jpg.rf.02f0db286fe5d536777d1ef372e46449.jpg,day_sharp
pic_339_jpg.rf.b0b24954739cb8c244f07c8344a966bd.jpg,day_sharp
CarLongPlateGen3904_jpg.rf.dbc504a80f11638a93bb7a1c7cbe54c6.jpg,day_sharp
CarLongPlateGen765_jpg.rf.6d2e9309a983c3072145011dea932eba.jpg,day_sharp
Cars355_png_jpg.rf.20fd4184be8313d92a70ea7875c54fed.jpg,day_sharp
xemay561_jpg.rf.9223391248096ec1155504b4cabd54ee.jpg,day_sharp
xemay626_jpg.rf.0847d0f0b348a1227bfd0706bf020e5b.jpg,day_sharp
xemay2315_jpg.rf.e8821af6f6db621acb131c38d7d87bf9.jpg,day_sharp
CarLongPlate549_jpg.rf.2fe37d658b9934713e93d6a9f7a876a0.jpg,night_sharp
xemayBigPlate3_jpg.rf.6dbe0303be3104b2c9d9b68fc28ac59a.jpg,day_sharp
CarLongPlate596_jpg.rf.359f2227b05e8b1b9025bc36670e9e17.jpg,night_sharp
xemay1212_jpg.rf.f58388eb2f68ae41911731e50047d184.jpg,day_sharp
xemay2011_jpg.rf.33dfa09213469d44d51d9317950676af.jpg,day_sharp
xemay2359_jpg.rf.d941213e807ddc150aea45688ff40fd8.jpg,day_sharp
CarLongPlateGen1397_jpg.rf.80b3b55ded3fec4f4a3a8f52f26b815f.jpg,night_sharp
Cars251_png_jpg.rf.d952c46707e41d8ee7af494e05a734b3.jpg,night_sharp
CarLongPlateGen2065_jpg.rf.fa72ef754e5cda96466a22cd187d0f9f.jpg,day_sharp
xemay168_jpg.rf.20d91e8e3d05a7ec53f386cf56ec97bf.jpg,day_sharp
CarLongPlateGen2842_jpg.rf.83e1b3235858215c23e5f56c5204397c.jpg,day_sharp
e5acmg4xmaazlkm5290382797_t800_hddcfb46386d84d7bc1fafdfd581242369bd45de3_jpg.rf.0765fad5170b0a885821f1e30487ba7e.jpg,day_sharp
xemay2030_jpg.rf.a6f26ac7fc895e2c3ab625ac258607b7.jpg,day_sharp
CarLongPlateGen568_jpg.rf.a3bd139b58f92164d4aefe829f1e2558.jpg,night_sharp
CarLongPlateGen3601_jpg.rf.04ab696ff337c5c33bbf3e226b097524.jpg,day_sharp
pic_580_jpg.rf.5a0ebf837c890b1abe876d624f7e57f1.jpg,day_sharp
xemay1407_jpg.rf.1d2adb61a419cd5aa302e1822709a099.jpg,day_sharp
CarLongPlateGen1093_jpg.rf.fb89eafae6a377bc9932d1d9528c266c.jpg,night_sharp
CarLongPlate948_jpg.rf.5f67e6449212fe0208c24d7c5836b5ac.jpg,day_sharp
xemay147_jpg.rf.c403cefdeade7bdfe06579c4780b7e65.jpg,day_sharp
xemay2283_jpg.rf.57b7fb121dae3fd467de57b535587a7d.jpg,day_sharp
CarLongPlateGen1472_jpg.rf.f530a2f46096a65be5c904dd9b615e46.jpg,day_sharp
CarLongPlateGen486_jpg.rf.541f313d1ad8773339f2ef9cf279d7c3.jpg,day_sharp
How-20To-20Keep-20Your-20License-20Plate-20When-20Selling_jpg.rf.d668e3b93c7d365a6733b40d52396c59.jpg,day_sharp
CarLongPlateGen2279_jpg.rf.311c8e3a3ad8774d4557df7025616af8.jpg,night_sharp
CarLongPlateGen3514_jpg.rf.c4114a3df38f23a154e51e613c2afbb8.jpg,day_sharp
Cars240_png_jpg.rf.65689a618fe3a2909a2b412910e84f00.jpg,day_sharp
pic_665_jpg.rf.9aa496c2fd320b9ba33e698aa2419be7.jpg,night_sharp
image13_jpeg_jpg.rf.db74d3cf66f77823a50ae0a822640468.jpg,day_sharp
020326c96ff05c1f_jpg.rf.862c22c2da435689f41dac77a574710e.jpg,night_sharp
CarLongPlateGen1555_jpg.rf.576bafb7542d8fe5f1848c8f75c92f56.jpg,night_sharp
CarLongPlateGen186_jpg.rf.517e78fe1a680387ae023c358ae3c32f.jpg,day_sharp
52-gro2012b_jpg.rf.6210624d223fd087f36e8e60384b0330.jpg,day_sharp
CarLongPlateGen65_jpg.rf.9ceee0f326e4dbc742a84c8cf067a6d6.jpg,day_sharp
pic_252_jpg.rf.1cf1298c8aa45215fd1ffb59bfad8310.jpg,night_sharp
CarLongPlateGen3114_jpg.rf.a314f1b8945c874ed7eb17d8e8a02e96.jpg,night_sharp
CarLongPlateGen2467_jpg.rf.66804fab96514a93bdb62a93df263407.jpg,day_sharp
xemayBigPlate117_jpg.rf.7d3800997edd26c76c058a360761d8c6.jpg,day_sharp
pic_326_jpg.rf.b3bfae1253b75f7e7b71f86ab2bb7563.jpg,day_sharp
CarLongPlateGen228_jpg.rf.685a25fdb312a95049eba588e9f29489.jpg,day_sharp
xemay1985_jpg.rf.71b372d5300e4603a58aab2c5c49de8f.jpg,day_sharp
CarLongPlateGen1008_jpg.rf.267229573309f4a9567a4501ddc31bcc.jpg,day_sharp
xemay2276_jpg.rf.f644a253bef4ac069998ea532e92f0ef.jpg,day_sharp
CarLongPlate165_jpg.rf.f66501f854e73db252be1408ffd9888c.jpg,day_sharp
xemay329_jpg.rf.a765d4e93501cf3d677110e69b1244f9.jpg,day_sharp
rotatengoaigiao13_jpg.rf.55cdf82d854b97b98aca2ed3d4341159.jpg,night_sharp
CarLongPlateGen2716_jpg.rf.0fe80ac381eb3ad31a0dc47a4ffb3136.jpg,night_sharp
CarLongPlateGen2018_jpg.rf.ffe09d646efd260689d08133641a14e2.jpg,night_sharp
pic_723_jpg.rf.a41173fa33bec560cc215ce3a20be353.jpg,day_sharp
CarLongPlateGen3376_jpg.rf.4f6960080bc0376ea82fd7a7fbbae68c.jpg,night_sharp
xemay879_jpg.rf.82a5fbdb39c8c309c86ffa71283a81e3.jpg,day_sharp
xemay331_jpg.rf.77792d65ff72b9b00a1b3f6f05dc88c9.jpg,day_sharp
xemay2152_jpg.rf.1811a5c1d5c48c1c26a011871cb5893f.jpg,day_sharp
CarLongPlateGen2241_jpg.rf.5de1abac2840c1bf79ffc840d4b3f733.jpg,night_sharp
CarLongPlate946_jpg.rf.a2d910f08c1fa055c812cb058a2537c5.jpg,day_sharp
CarLongPlateGen2011_jpg.rf.6092faa1c4bf77af1b7a17f15d1dae55.jpg,day_sharp
rotatequandoi69_jpg.rf.1f21cf032c807bc10a97d5cbd89313dc.jpg,day_sharp
xemay1433_jpg.rf.bd01415adeeb83084f1bd1f5e44efba5.jpg,day_sharp
CarLongPlateGen3592_jpg.rf.20f8279233c2fa59bd5c1412f7151f3c.jpg,night_sharp
CarLongPlate224_jpg.rf.ef4e86e2abb0e8e256406c00a33f84a2.jpg,day_sharp
CarLongPlateGen1306_jpg.rf.5b3ee731a010bccd4294308781f557bf.jpg,night_sharp
CarLongPlateGen3813_jpg.rf.ce583c06d2e55398891347862b431ab9.jpg,night_sharp
xemay1263_jpg.rf.ceaf5ccb1dd00965f4e4afed77fa2606.jpg,day_sharp
xemay1379_jpg.rf.efc67d13f1af68d772a806c36cac4521.jpg,day_sharp
cropquandoi104_jpg.rf.a77264309f35a7aa93f61c2f74e02e4e.jpg,day_sharp
rotatequandoi94_jpg.rf.9b40f37a151e7391baf5899e639abd9b.jpg,day_sharp
pic_103_jpg.rf.befe390eb1e904b02ca24291391bf8df.jpg,day_sharp
CarLongPlateGen291_jpg.rf.5ce43be9d86b5a56980edbc681d085a6.jpg,night_sharp
Get-20a-20green-20licence-20plate-20_-20Ontario-ca_jpg.rf.eb82aeb02c6f677e0ba89c5ab776a778.jpg,day_sharp
xemay1989_jpg.rf.2f27ff63705c432379541a5cede73d3b.jpg,day_sharp
CarLongPlate851_jpg.rf.a102728f14b63e91af9793810f8a21b9.jpg,night_sharp
CarLongPlateGen906_jpg.rf.d7ef25c3310c5c72da8acab04949be93.jpg,day_sharp
xemay1255_jpg.rf.d435ff8f92b007398e28a82e21190ffe.jpg,day_sharp
CarLongPlateGen1462_jpg.rf.ad922547f7dc513baf4fc82d3d1d9be1.jpg,day_sharp
xemay1522_jpg.rf.793b923ba82dd66247aa5bf20e496058.jpg,day_sharp
CarLongPlateGen434_jpg.rf.e25ad32959284bfb4f402ad7f89cd628.jpg,night_sharp
CarLongPlateGen273_jpg.rf.f9518180988e9cb4b8ed8a98e27f20d7.jpg,night_sharp
Cars132_png_jpg.rf.80f63f61377c21901fa967785421bde2.jpg,night_sharp
xemayBigPlate122_jpg.rf.e3faa071a4f54ef5ac4e9a41e3a725f3.jpg,day_sharp
xemay1968_jpg.rf.757b9a4da053ef900b2a92a0d8dc7a19.jpg,day_sharp
xemay1965_jpg.rf.fbffcddab409f22aab2d15bb53bccdc3.jpg,day_sharp
pic_199_jpg.rf.e32d1b610e06b1763d7beac1b611d4fb.jpg,day_sharp
CarLongPlateGen3895_jpg.rf.204516fb959fa0d7db4cc30f6316d119.jpg,night_sharp
xemay135_jpg.rf.be42640b2226ccb5b6888a1c352710e8.jpg,day_sharp
pic_101_jpg.rf.fa8583ddd6e1d8b5abf76c90763eb95f.jpg,night_blurry
CarLongPlateGen2857_jpg.rf.2435fbbd11a621117420d5e43341f123.jpg,night_sharp
xemay1680_jpg.rf.300cf5b0f2811d5d8a0f3a30914b6ebc.jpg,day_sharp
xemay110_jpg.rf.bce996773d197063ec2dc59928295d04.jpg,day_sharp
CarLongPlateGen1068_jpg.rf.ebec05dbe5ce624e8342b69e0c130a09.jpg,day_sharp
xemay820_jpg.rf.3a08cb5eb24d729132f24fce521b1df4.jpg,day_sharp
CarLongPlateGen1759_jpg.rf.5023ee7f09915ebf354b0bfc23a9f7a7.jpg,day_sharp
CarLongPlateGen695_jpg.rf.11293b7cd66752f73c97d0c43c736477.jpg,day_sharp
CarLongPlateGen220_jpg.rf.8b6576fb69803dc3952bd90baac7b2ea.jpg,day_sharp
If-20you-20need-20a-20front-20license-20plate_-20here_s-20ho_jpeg_jpg.rf.32aceb4f974b3b46760428ae9ab5b0b0.jpg,day_sharp
WhatsApp-Image-2022-04-04-at-2-25-13-PM_jpeg_jpg.rf.3e6c7589fdae75ab0d26556ac8ad7e49.jpg,night_sharp
pic_157_jpg.rf.7687f6f7d4e0ea182ba3765f90c5a0b0.jpg,day_sharp
CarLongPlateGen3581_jpg.rf.a921389ae334f0d69541a1f25d249cc0.jpg,night_sharp
CarLongPlate26_jpg.rf.279594a2940a5183724e3732a7b9b0a4.jpg,day_sharp
0006dc0977056410_jpg.rf.a028f7ab5502774a062c496c7d7f3899.jpg,day_sharp
CarLongPlateGen2674_jpg.rf.eb30806ac1a518c416cc1fc277a80ab4.jpg,day_sharp
Cars394_png_jpg.rf.9fc1fc8ecb14c138b7f80de3ef15a0ed.jpg,day_sharp
CarLongPlate825_jpg.rf.c50e7665f05af1c44ccb109f8b6e3404.jpg,night_sharp
CarLongPlateGen3133_jpg.rf.c39d7fd98d2df3d6b1a8da94d058e2d7.jpg,night_sharp
quandoi59_jpg.rf.d062bcc4e488aab55bb25b806ea6de6f.jpg,day_sharp
CarLongPlate656_jpg.rf.a1c9beb4f8cf772ed662b6e9319f67f5.jpg,night_sharp
xemay527_jpg.rf.9f8b35e4b5aec30e524815b34da62445.jpg,day_sharp
xemay2457_jpg.rf.b978a73e3c39034505533193fb74481c.jpg,day_sharp
xemay2131_jpg.rf.3283ed4b9b6d24ed1ae1b8417ffdce95.jpg,day_sharp
xemayBigPlate50_jpg.rf.91a004828ace1818010b86b2cafc4341.jpg,day_sharp
CarLongPlateGen278_jpg.rf.a84ebdb91a5d5c7ddb019be15155a6aa.jpg,day_sharp
CarLongPlateGen348_jpg.rf.bb6991b8dcdc50a8e8b0976ef945223c.jpg,day_sharp
CarLongPlateGen2332_jpg.rf.791471c54df680ef67a9eddb7b613303.jpg,day_sharp
CarLongPlateGen3139_jpg.rf.a88792314698be58d8555839896db4ae.jpg,day_sharp
xemay1018_jpg.rf.50a8acebfcaeeb50ea7cc715c04383b7.jpg,day_sharp
xemay73_jpg.rf.a006bf17d0cd430654e35e7c7c0e3394.jpg,day_sharp
CarLongPlateGen2114_jpg.rf.0bf1a15a725177ac87f685ab2b35722e.jpg,day_sharp
CarLongPlateGen868_jpg.rf.ea496a5b89d7d8b6064c62642455d32e.jpg,day_sharp
pic_389_jpg.rf.8c28d5170f9db39e5bdb201178dd9b76.jpg,day_sharp
CarLongPlateGen3264_jpg.rf.53dd5b55f0eec543beb57cbec12bcdb0.jpg,night_sharp
1649292507311_png_jpg.rf.d13ab6326fe7b10cee7ecb682aaa6bf6.jpg,day_sharp
CarLongPlateGen1286_jpg.rf.112b4176f2f18b8579ab65091c6e35c2.jpg,night_sharp
CarLongPlateGen595_jpg.rf.6ee1dd784b83a709c2c89da7f6115467.jpg,day_sharp
xemay1222_jpg.rf.793f980be0a526e17de1f56c33fd0c7b.jpg,day_sharp
CarLongPlateGen3017_jpg.rf.cbb53f30dd531495d442130f02e313d7.jpg,night_sharp
CarLongPlate579_jpg.rf.fa263009c4bb99945b75c5639800d114.jpg,night_sharp
CarLongPlate56_jpg.rf.3fec4b0e2788cee4c99c97b6d4c8e9bf.jpg,day_sharp
CarLongPlateGen476_jpg.rf.59dcf36c428019fc83d71d8c54522e0d.jpg,day_sharp
CarLongPlateGen11_jpg.rf.f1bd885f4e4acc0a68a0e1c3c13c0a5a.jpg,day_sharp
Cars204_png_jpg.rf.744647a29327b6de0e51a7e69d408e4f.jpg,day_sharp
CarLongPlateGen2889_jpg.rf.082cc904d57d725384819ad28a14875f.jpg,day_sharp
pic_755_jpg.rf.2a858fdd7f8a62caa8fb83fc50640a89.jpg,day_sharp
quandoi72_jpg.rf.5103c2136b11bf260b77395b9dfa4939.jpg,day_sharp
rotatequandoi47_jpg.rf.f14383871b999f1a0369b71e4fdebb41.jpg,day_sharp
CarLongPlate414_jpg.rf.5292030e173d4ab244ec76dfcc39ce9a.jpg,night_sharp
xemay2077_jpg.rf.0036cd5f66539753e000c7b35a176a04.jpg,day_sharp
CarLongPlateGen2324_jpg.rf.b3e09e97dfe19b30bed74bf59dd2bd82.jpg,night_sharp
55-placa-guerrero-03_jpg.rf.a29cae33e19f15d62c77a933b7c67483.jpg,day_sharp
xemay1506_jpg.rf.ca03357f8661500fe31d71efe55582d7.jpg,day_sharp
CarLongPlateGen3179_jpg.rf.4b53922dce0ec02030bd738fc23ee97d.jpg,night_sharp
CarLongPlateGen2024_jpg.rf.a64d28135dc98372078ccb93291e4049.jpg,day_sharp
xemay1109_jpg.rf.93b4ed050f9c136bf4a8890b455fbb76.jpg,day_sharp
1649292507322_jpg.rf.104d6a97fe3274c826c3e843c58e72b9.jpg,day_blurry
CarLongPlate0_jpg.rf.5611e0c3c091e33c14486d83f01bb43d.jpg,day_sharp
xemay1059_jpg.rf.e010cc52a77fb636e64268f2d3199737.jpg,day_sharp
Cars298_png_jpg.rf.48f1ec1e2aa065913a7d2da30cadcdc2.jpg,day_sharp
xemay134_jpg.rf.6f2101164d8538ab3f1bcdaa917f3892.jpg,day_sharp
brightnessquandoi81_jpg.rf.d8f14bca2ab4cbff993f7e79814b8a5d.jpg,night_sharp
CarLongPlateGen2996_jpg.rf.c0af5c64829eec18c4f2e9a799e2f66f.jpg,night_sharp
xemay1499_jpg.rf.a1e7cae90b9bb7e48e84bb5c59d52429.jpg,day_sharp
Cars314_png_jpg.rf.f5c36634ea3c9eb3879b6c402bf9abfc.jpg,day_sharp
xemay1976_jpg.rf.de33ee28f0c07c847224fa82111c6fdc.jpg,day_sharp
xemay1667_jpg.rf.34492e7a49f1d5b75f91ed4c4881d9c8.jpg,day_sharp
CarLongPlateGen1437_jpg.rf.4f6aea63b574e6c601ea0570dc1f58be.jpg,night_sharp
CarLongPlateGen1222_jpg.rf.b8e6ca6d24cf53aa44901765f03a21fd.jpg,day_sharp
CarLongPlate308_jpg.rf.0742493c877ee109bc7ac7ab992bda1c.jpg,day_sharp
pic_107_jpg.rf.ac38bb69071cc1f2ca9e17105a27f45c.jpg,day_sharp
pic_042_jpeg_jpg.rf.0618e3e93b83631536695ed8afbe7195.jpg,day_sharp
CarLongPlateGen1757_jpg.rf.1ab2b6e0930b29ddebad9d816f8fcbcc.jpg,night_sharp
CarLongPlateGen2686_jpg.rf.753f5c551774b6e6a716a1190ed9e306.jpg,night_sharp
CarLongPlateGen640_jpg.rf.7560836d5643ec37077e907cccc54f25.jpg,day_sharp
images14_jpg.rf.c83c4dfe93149d518e97a4703f63216e.jpg,night_sharp
CarLongPlateGen69_jpg.rf.91889ca54ff8cb6573fae7f5d41e2d03.jpg,day_sharp
pic_469_jpg.rf.57d0463522517f15cf73ce670b51e6f5.jpg,night_sharp
xemay2147_jpg.rf.413183b25d8cbfe7365002b4e4eca22b.jpg,day_sharp
CarLongPlateGen1464_jpg.rf.52513b11982bae6c0628e60cebdb8861.jpg,night_sharp
004f138ad0d084ae_jpg.rf.1d679365b1a0e9bbac053a5376e7fdcc.jpg,day_sharp
CarLongPlate944_jpg.rf.a961290abb90f88f0c58eedae66f56e1.jpg,day_sharp
CarLongPlate875_jpg.rf.aa1d1b342478465880188397dc37baae.jpg,day_sharp
pic_061_jpg.rf.0972ffc8081d5b7292fde086599fa72d.jpg,day_sharp
CarLongPlate477_jpg.rf.61af3dc0a4ba7a7f891616298c63671a.jpg,day_sharp
xemay1013_jpg.rf.80365a7ae7f2c3474b21b10b7e8b3ec8.jpg,day_sharp
CarLongPlateGen3652_jpg.rf.2044403fda91e93f27b3ce285705b63b.jpg,day_sharp
xemay1722_jpg.rf.3a348e53b2112fe702253dd115ee54a3.jpg,day_sharp
CarLongPlate463_jpg.rf.203577230a6d753fe762088dd99390d1.jpg,day_sharp
xemay1423_jpg.rf.2a90a07e0f9ae0013b22a85ea151e4e4.jpg,day_sharp
CarLongPlateGen1393_jpg.rf.fe7bcb54f15c924c64d413ec75bc3809.jpg,night_sharp
xemay1120_jpg.rf.8044243edcef809cb09567535cb406a5.jpg,day_sharp
xemay468_jpg.rf.b2d0daceae2e8bc2057d39e69a739bca.jpg,day_sharp
CarLongPlateGen3307_jpg.rf.4aa3db4ed0cd193cc2d59cfe6397daf9.jpg,day_sharp
xemay1176_jpg.rf.98f96832a43b39b8563055e760a24c54.jpg,day_sharp
CarLongPlateGen818_jpg.rf.88802bf3c1d4f5a32353d12d08f3a31d.jpg,day_sharp
xemay2137_jpg.rf.09a4f8b3e24876ddd3a17003c6ec40ba.jpg,day_sharp
xemay524_jpg.rf.58b781e5257987b7e49bf2780b6d9cb7.jpg,day_sharp
CarLongPlateGen2477_jpg.rf.18b9a898786416f9cdc9570ba7d2a51e.jpg,night_sharp
CarLongPlateGen2599_jpg.rf.bea9f1f9906b09320a6b959e0f8e6edf.jpg,night_sharp
CarLongPlateGen3063_jpg.rf.a552720cf369d930315349c75173e576.jpg,night_sharp
SJB418A_jpg.rf.4013cfc9e715c4b1dd2044a450090e39.jpg,night_sharp
xemay540_jpg.rf.3fd7f8ce652cfd0b29ff7bb9c7ba7261.jpg,day_sharp
2122267_jpg.rf.297f967297ee49a1775a815dfb4247a4.jpg,day_sharp
CarLongPlate530_jpg.rf.65bef960f263e5c796cabdc5bae52332.jpg,day_sharp
pic_008_jpg.rf.19fe2dd41a83ea98eb6067eaba40c947.jpg,day_sharp
CarLongPlateGen2521_jpg.rf.b4d0d60d73f5fb02ca808c322e731827.jpg,day_sharp
xemay2100_jpg.rf.4e896ef4ddda358a31da1d97fc14982b.jpg,day_sharp
CarLongPlateGen1022_jpg.rf.a701e350ea97e4ee231d5137ae34d3b0.jpg,day_sharp
CarLongPlateGen2005_jpg.rf.a130e9d45820e99c7bb967d937e79d3c.jpg,night_sharp
images15_jpg.rf.4d9ec304d839de17230f7b50d1d6f0c0.jpg,day_sharp
Cars53_png_jpg.rf.bef3ccd035afa7ebc9f6460f2b5bae51.jpg,day_sharp
1277DPZ_jpg.rf.1c64d8e8accfd17a9ce8910167480024.jpg,night_sharp
CarLongPlateGen285_jpg.rf.a8b7f875db84ecf8ce8096f476172fa8.jpg,day_sharp
CarLongPlateGen456_jpg.rf.5be697c4ddc2855a718e2c9d9d617c96.jpg,day_sharp
CarLongPlateGen711_jpg.rf.e31ed83b4f10223bca70350ae8dd0764.jpg,day_sharp
03244011054f1706_jpg.rf.9e66db766a89bc7de5a8d22d68d2a571.jpg,day_sharp
pic_648_jpg.rf.9b9d8f1e8cac90e43813063cf2409c6f.jpg,day_sharp
CarLongPlate441_jpg.rf.bbe00f4cd50393d690d2013c3363959c.jpg,night_sharp
17-cdmx2017policia-t_jpg.rf.7d1b4c54436586d676845ed133ad80f9.jpg,day_sharp
CarLongPlateGen1428_jpg.rf.7514b36e3f7520d82b003fda2fe0efe9.jpg,day_sharp
IMG_6983-conv_jpeg_jpg.rf.473f28f3dc324136751274c1e8c4b7f1.jpg,day_sharp
xemay1363_jpg.rf.f6924cdd366652434d686011345fe9ce.jpg,day_sharp
CarLongPlate715_jpg.rf.5715cc04fdd8ce4c0f8d823fb64dfcf2.jpg,night_sharp
pic_227_jpg.rf.82390e2898d4de7eea87d31944a4df64.jpg,night_sharp
pic_583_jpg.rf.af3cbcdc0047e021cce54fd8d1119824.jpg,day_sharp
CarLongPlateGen2809_jpg.rf.70c08b69afb67392d21f80331eb9b679.jpg,day_sharp
CarLongPlateGen288_jpg.rf.aa146a20dc487b03e250222fd676f342.jpg,day_sharp
CarLongPlateGen2435_jpg.rf.a6d2b8e471d1cfc7bd64eff3c2613179.jpg,night_sharp
CarLongPlateGen1507_jpg.rf.f07aca1cd729c99796153f6ee1e52765.jpg,night_sharp
CarLongPlateGen2424_jpg.rf.8e3c17dea0113640538db7d6cf4f639a.jpg,night_sharp
CarLongPlateGen3891_jpg.rf.a0f3319377bb76ec5c5d1a8e88264524.jpg,night_sharp
CarLongPlate188_jpg.rf.bc64a6c6667993a9a2a78c912ff2097d.jpg,night_sharp
CarLongPlateGen2000_jpg.rf.4213dc401ad41cdf97d34ff16a8874a7.jpg,day_sharp
CarLongPlateGen3518_jpg.rf.c75ecf91104a02aa4fb55de6639d55ae.jpg,night_sharp
CarLongPlateGen3227_jpg.rf.88058f275dd17a8f4737484f91e406b9.jpg,night_sharp
CarLongPlateGen1930_jpg.rf.651f435e7fcc744ae74bf47b779b59ff.jpg,night_sharp
CarLongPlate388_jpg.rf.af7074f9f2bf8bd28f1b7b5ee9d5a0d6.jpg,day_sharp
xemay112_jpg.rf.015e40291adcd87ac04c167ef78aa28c.jpg,day_sharp
CarLongPlateGen333_jpg.rf.4b702c847fcb064931b999d45550d64e.jpg,night_sharp
CarLongPlateGen2946_jpg.rf.12eb74ac21f9cb490d5944dae0606388.jpg,day_sharp
CarLongPlateGen623_jpg.rf.d7644f3ae993461c8adc8dff4bb1917c.jpg,day_sharp
CarLongPlateGen917_jpg.rf.8a8edc2706c30c3ceed8ca1c9d07b1d6.jpg,day_sharp
xemayBigPlate152_jpg.rf.bd1166393ec8a4b76ad43e99d4633889.jpg,day_sharp
CarLongPlateGen2341_jpg.rf.0c89b727b412a6a3baf22f340fd674ad.jpg,night_sharp
xemay792_jpg.rf.98a707057c7a832239446397bd1afc23.jpg,day_sharp
CarLongPlateGen3330_jpg.rf.77d99d4b7a2a204c4059d47951ffc828.jpg,day_sharp
xemay2438_jpg.rf.1a00b6befec4af67251862a7cb7782aa.jpg,day_sharp
xemay1841_jpg.rf.ff9a7b67dbdccdac35ca3cea4e9d3e73.jpg,day_sharp
